Timestamp,Raw Data...
2025-09-03 20:24:01.135,7029665 UART full sequence toggle ON
2025-09-03 20:24:01.361,T,7029865,SR,144,SF,0,T1R,-2048.25,T1A,-2048.00,T1F,1,T2R,36.00,T2A,37.00,T2F,0,P1,6.991,P1V,2.579,P1F,0,P2,-0.008,P2V,1.886,P2F,0,IgR,0
2025-09-03 20:24:01.596,T,7030093,SR,144,SF,0,T1R,-2048.25,T1A,-2048.00,T1F,1,T2R,36.00,T2A,36.00,T2F,0,P1,7.006,P1V,2.581,P1F,0,P2,-0.008,P2V,1.886,P2F,0,IgR,0
2025-09-03 20:24:01.819,T,7030321,SR,144,SF,0,T1R,-2048.25,T1A,-2048.00,T1F,1,T2R,35.75,T2A,36.00,T2F,0,P1,6.996,P1V,2.580,P1F,0,P2,-0.010,P2V,1.884,P2F,0,IgR,0
2025-09-03 20:24:02.047,T,7030549,SR,144,SF,0,T1R,-2048.25,T1A,-2048.00,T1F,1,T2R,36.00,T2A,36.00,T2F,0,P1,6.991,P1V,2.579,P1F,0,P2,-0.009,P2V,1.885,P2F,0,IgR,0
2025-09-03 20:24:02.282,T,7030777,SR,144,SF,0,T1R,-2048.25,T1A,-2048.00,T1F,1,T2R,36.00,T2A,36.00,T2F,0,P1,7.001,P1V,2.580,P1F,0,P2,-0.009,P2V,1.885,P2F,0,IgR,0
2025-09-03 20:24:02.505,T,7031005,SR,144,SF,0,T1R,-2048.25,T1A,-2048.00,T1F,1,T2R,35.75,T2A,36.00,T2F,0,P1,6.996,P1V,2.580,P1F,0,P2,-0.006,P2V,1.887,P2F,0,IgR,0
2025-09-03 20:24:02.730,T,7031233,SR,144,SF,0,T1R,-2048.25,T1A,-2048.00,T1F,1,T2R,36.00,T2A,36.00,T2F,0,P1,7.006,P1V,2.581,P1F,0,P2,-0.006,P2V,1.887,P2F,0,IgR,0
2025-09-03 20:24:02.957,T,7031461,SR,144,SF,0,T1R,-2048.25,T1A,-2048.00,T1F,1,T2R,35.75,T2A,36.00,T2F,0,P1,7.001,P1V,2.580,P1F,0,P2,-0.006,P2V,1.887,P2F,0,IgR,0
2025-09-03 20:24:03.185,T,7031689,SR,144,SF,0,T1R,-2048.25,T1A,-2048.00,T1F,1,T2R,35.75,T2A,36.00,T2F,0,P1,6.981,P1V,2.577,P1F,0,P2,-0.006,P2V,1.887,P2F,0,IgR,0
2025-09-03 20:24:03.415,T,7031917,SR,144,SF,0,T1R,-2048.25,T1A,-2048.00,T1F,1,T2R,35.75,T2A,36.00,T2F,0,P1,7.001,P1V,2.580,P1F,0,P2,-0.008,P2V,1.886,P2F,0,IgR,0
2025-09-03 20:24:03.643,T,7032145,SR,144,SF,0,T1R,-2048.25,T1A,-2048.00,T1F,1,T2R,35.75,T2A,36.00,T2F,0,P1,6.996,P1V,2.580,P1F,0,P2,-0.008,P2V,1.886,P2F,0,IgR,0
2025-09-03 20:24:03.872,T,7032373,SR,144,SF,0,T1R,-2048.25,T1A,-2048.00,T1F,1,T2R,36.00,T2A,36.00,T2F,0,P1,7.001,P1V,2.580,P1F,0,P2,-0.006,P2V,1.887,P2F,0,IgR,0
2025-09-03 20:24:04.100,T,7032601,SR,144,SF,0,T1R,-2048.25,T1A,-2048.00,T1F,1,T2R,36.00,T2A,36.00,T2F,0,P1,6.996,P1V,2.580,P1F,0,P2,-0.006,P2V,1.887,P2F,0,IgR,0
2025-09-03 20:24:04.328,T,7032829,SR,144,SF,0,T1R,-2048.25,T1A,-2048.00,T1F,1,T2R,35.75,T2A,36.00,T2F,0,P1,6.981,P1V,2.577,P1F,0,P2,-0.006,P2V,1.887,P2F,0,IgR,0
2025-09-03 20:24:04.556,T,7033057,SR,144,SF,0,T1R,-2048.25,T1A,-2048.00,T1F,1,T2R,35.75,T2A,36.00,T2F,0,P1,6.996,P1V,2.580,P1F,0,P2,-0.009,P2V,1.885,P2F,0,IgR,0
2025-09-03 20:24:04.784,T,7033285,SR,144,SF,0,T1R,-2048.25,T1A,-2048.00,T1F,1,T2R,35.75,T2A,36.00,T2F,0,P1,6.981,P1V,2.577,P1F,0,P2,-0.006,P2V,1.887,P2F,0,IgR,0
2025-09-03 20:24:05.012,T,7033513,SR,144,SF,0,T1R,-2048.25,T1A,-2048.00,T1F,1,T2R,36.00,T2A,36.00,T2F,0,P1,6.996,P1V,2.580,P1F,0,P2,-0.006,P2V,1.887,P2F,0,IgR,0
2025-09-03 20:24:05.239,T,7033741,SR,144,SF,0,T1R,-2048.25,T1A,-2048.00,T1F,1,T2R,36.00,T2A,36.00,T2F,0,P1,6.996,P1V,2.580,P1F,0,P2,-0.006,P2V,1.887,P2F,0,IgR,0
2025-09-03 20:24:05.467,T,7033969,SR,144,SF,0,T1R,-2048.25,T1A,-2048.00,T1F,1,T2R,35.75,T2A,36.00,T2F,0,P1,6.991,P1V,2.579,P1F,0,P2,-0.006,P2V,1.887,P2F,0,IgR,0
2025-09-03 20:24:05.699,T,7034197,SR,144,SF,0,T1R,-2048.25,T1A,-2048.00,T1F,1,T2R,35.75,T2A,36.00,T2F,0,P1,7.001,P1V,2.580,P1F,0,P2,-0.008,P2V,1.886,P2F,0,IgR,0
2025-09-03 20:24:05.924,T,7034425,SR,144,SF,0,T1R,-2048.25,T1A,-2048.00,T1F,1,T2R,35.75,T2A,36.00,T2F,0,P1,6.981,P1V,2.577,P1F,0,P2,-0.006,P2V,1.887,P2F,0,IgR,0
2025-09-03 20:24:06.152,T,7034653,SR,144,SF,0,T1R,-2048.25,T1A,-2048.00,T1F,1,T2R,36.00,T2A,36.00,T2F,0,P1,7.001,P1V,2.580,P1F,0,P2,-0.004,P2V,1.888,P2F,0,IgR,0
2025-09-03 20:24:06.379,T,7034881,SR,144,SF,0,T1R,-2048.25,T1A,-2048.00,T1F,1,T2R,36.00,T2A,36.00,T2F,0,P1,6.991,P1V,2.579,P1F,0,P2,-0.005,P2V,1.887,P2F,0,IgR,0
2025-09-03 20:24:06.607,T,7035109,SR,144,SF,0,T1R,-2048.25,T1A,-2048.00,T1F,1,T2R,36.00,T2A,36.00,T2F,0,P1,6.981,P1V,2.577,P1F,0,P2,-0.005,P2V,1.887,P2F,0,IgR,0
2025-09-03 20:24:06.834,T,7035337,SR,144,SF,0,T1R,-2048.25,T1A,-2048.00,T1F,1,T2R,36.00,T2A,36.00,T2F,0,P1,6.996,P1V,2.580,P1F,0,P2,-0.006,P2V,1.887,P2F,0,IgR,0
2025-09-03 20:24:07.062,T,7035565,SR,144,SF,0,T1R,-2048.25,T1A,-2048.00,T1F,1,T2R,36.00,T2A,36.00,T2F,0,P1,6.976,P1V,2.576,P1F,0,P2,-0.006,P2V,1.887,P2F,0,IgR,0
2025-09-03 20:24:07.290,T,7035793,SR,144,SF,0,T1R,-2048.25,T1A,-2048.00,T1F,1,T2R,36.00,T2A,36.00,T2F,0,P1,7.006,P1V,2.581,P1F,0,P2,-0.005,P2V,1.887,P2F,0,IgR,0
2025-09-03 20:24:07.519,T,7036021,SR,144,SF,0,T1R,-2048.25,T1A,-2048.00,T1F,1,T2R,36.00,T2A,36.00,T2F,0,P1,6.991,P1V,2.579,P1F,0,P2,-0.006,P2V,1.887,P2F,0,IgR,0
2025-09-03 20:24:07.746,T,7036249,SR,144,SF,0,T1R,-2048.25,T1A,-2048.00,T1F,1,T2R,35.75,T2A,36.00,T2F,0,P1,6.991,P1V,2.579,P1F,0,P2,-0.006,P2V,1.887,P2F,0,IgR,0
2025-09-03 20:24:07.974,T,7036477,SR,144,SF,0,T1R,-2048.25,T1A,-2048.00,T1F,1,T2R,36.00,T2A,36.00,T2F,0,P1,6.996,P1V,2.580,P1F,0,P2,-0.006,P2V,1.887,P2F,0,IgR,0
2025-09-03 20:24:08.202,T,7036705,SR,144,SF,0,T1R,-2048.25,T1A,-2048.00,T1F,1,T2R,35.75,T2A,36.00,T2F,0,P1,6.976,P1V,2.576,P1F,0,P2,-0.005,P2V,1.887,P2F,0,IgR,0
2025-09-03 20:24:08.431,T,7036933,SR,144,SF,0,T1R,-2048.25,T1A,-2048.00,T1F,1,T2R,36.00,T2A,36.00,T2F,0,P1,7.001,P1V,2.580,P1F,0,P2,-0.006,P2V,1.887,P2F,0,IgR,0
2025-09-03 20:24:08.659,T,7037161,SR,144,SF,0,T1R,-2048.25,T1A,-2048.00,T1F,1,T2R,35.75,T2A,36.00,T2F,0,P1,6.991,P1V,2.579,P1F,0,P2,-0.005,P2V,1.887,P2F,0,IgR,0
2025-09-03 20:24:08.887,T,7037389,SR,144,SF,0,T1R,-2048.25,T1A,-2048.00,T1F,1,T2R,36.00,T2A,36.00,T2F,0,P1,6.976,P1V,2.576,P1F,0,P2,-0.005,P2V,1.887,P2F,0,IgR,0
2025-09-03 20:24:09.115,T,7037617,SR,144,SF,0,T1R,-2048.25,T1A,-2048.00,T1F,1,T2R,35.75,T2A,36.00,T2F,0,P1,6.991,P1V,2.579,P1F,0,P2,-0.005,P2V,1.887,P2F,0,IgR,0
2025-09-03 20:24:09.344,T,7037845,SR,144,SF,0,T1R,-2048.25,T1A,-2048.00,T1F,1,T2R,35.75,T2A,36.00,T2F,0,P1,6.971,P1V,2.576,P1F,0,P2,-0.004,P2V,1.888,P2F,0,IgR,0
2025-09-03 20:24:09.570,T,7038073,SR,144,SF,0,T1R,-2048.25,T1A,-2048.00,T1F,1,T2R,36.00,T2A,36.00,T2F,0,P1,7.006,P1V,2.581,P1F,0,P2,-0.005,P2V,1.887,P2F,0,IgR,0
2025-09-03 20:24:09.798,T,7038301,SR,144,SF,0,T1R,-2048.25,T1A,-2048.00,T1F,1,T2R,36.00,T2A,36.00,T2F,0,P1,6.991,P1V,2.579,P1F,0,P2,-0.006,P2V,1.887,P2F,0,IgR,0
2025-09-03 20:24:10.026,T,7038529,SR,144,SF,0,T1R,-2048.25,T1A,-2048.00,T1F,1,T2R,36.00,T2A,36.00,T2F,0,P1,6.981,P1V,2.577,P1F,0,P2,-0.005,P2V,1.887,P2F,0,IgR,0
2025-09-03 20:24:10.255,T,7038757,SR,144,SF,0,T1R,-2048.25,T1A,-2048.00,T1F,1,T2R,35.75,T2A,36.00,T2F,0,P1,6.996,P1V,2.580,P1F,0,P2,-0.005,P2V,1.887,P2F,0,IgR,0
2025-09-03 20:24:10.482,T,7038985,SR,144,SF,0,T1R,-2048.25,T1A,-2048.00,T1F,1,T2R,35.75,T2A,36.00,T2F,0,P1,6.966,P1V,2.575,P1F,0,P2,-0.004,P2V,1.888,P2F,0,IgR,0
2025-09-03 20:24:10.710,T,7039213,SR,144,SF,0,T1R,-2048.25,T1A,-2048.00,T1F,1,T2R,35.75,T2A,35.00,T2F,0,P1,7.011,P1V,2.582,P1F,0,P2,-0.004,P2V,1.888,P2F,0,IgR,0
2025-09-03 20:24:10.939,T,7039441,SR,144,SF,0,T1R,-2048.25,T1A,-2048.00,T1F,1,T2R,36.00,T2A,35.00,T2F,0,P1,6.981,P1V,2.577,P1F,0,P2,-0.004,P2V,1.888,P2F,0,IgR,0
2025-09-03 20:24:11.167,T,7039669,SR,144,SF,0,T1R,-2048.25,T1A,-2048.00,T1F,1,T2R,35.75,T2A,35.00,T2F,0,P1,6.981,P1V,2.577,P1F,0,P2,-0.002,P2V,1.889,P2F,0,IgR,0
2025-09-03 20:24:11.395,T,7039897,SR,144,SF,0,T1R,-2048.25,T1A,-2048.00,T1F,1,T2R,35.75,T2A,35.00,T2F,0,P1,6.991,P1V,2.579,P1F,0,P2,-0.005,P2V,1.887,P2F,0,IgR,0
2025-09-03 20:24:11.622,T,7040125,SR,144,SF,0,T1R,-2048.25,T1A,-2048.00,T1F,1,T2R,35.75,T2A,35.00,T2F,0,P1,6.971,P1V,2.576,P1F,0,P2,-0.004,P2V,1.888,P2F,0,IgR,0
2025-09-03 20:24:11.851,T,7040353,SR,144,SF,0,T1R,-2048.25,T1A,-2048.00,T1F,1,T2R,35.75,T2A,35.00,T2F,0,P1,7.006,P1V,2.581,P1F,0,P2,-0.004,P2V,1.888,P2F,0,IgR,0
2025-09-03 20:24:12.078,T,7040581,SR,144,SF,0,T1R,-2048.25,T1A,-2048.00,T1F,1,T2R,35.75,T2A,35.00,T2F,0,P1,6.991,P1V,2.579,P1F,0,P2,-0.004,P2V,1.888,P2F,0,IgR,0
2025-09-03 20:24:12.306,T,7040809,SR,144,SF,0,T1R,-2048.25,T1A,-2048.00,T1F,1,T2R,35.75,T2A,35.00,T2F,0,P1,6.981,P1V,2.577,P1F,0,P2,-0.002,P2V,1.889,P2F,0,IgR,0
2025-09-03 20:24:12.534,T,7041037,SR,144,SF,0,T1R,-2048.25,T1A,-2048.00,T1F,1,T2R,35.75,T2A,35.00,T2F,0,P1,6.991,P1V,2.579,P1F,0,P2,-0.005,P2V,1.887,P2F,0,IgR,0
2025-09-03 20:24:12.762,T,7041265,SR,144,SF,0,T1R,-2048.25,T1A,-2048.00,T1F,1,T2R,35.75,T2A,35.00,T2F,0,P1,6.971,P1V,2.576,P1F,0,P2,-0.002,P2V,1.889,P2F,0,IgR,0
2025-09-03 20:24:12.991,T,7041493,SR,144,SF,0,T1R,-2048.25,T1A,-2048.00,T1F,1,T2R,35.75,T2A,35.00,T2F,0,P1,7.001,P1V,2.580,P1F,0,P2,-0.004,P2V,1.888,P2F,0,IgR,0
2025-09-03 20:24:13.219,T,7041721,SR,144,SF,0,T1R,-2048.25,T1A,-2048.00,T1F,1,T2R,35.75,T2A,35.00,T2F,0,P1,6.976,P1V,2.576,P1F,0,P2,-0.004,P2V,1.888,P2F,0,IgR,0
2025-09-03 20:24:13.447,T,7041949,SR,144,SF,0,T1R,-2048.25,T1A,-2048.00,T1F,1,T2R,35.75,T2A,35.00,T2F,0,P1,6.981,P1V,2.577,P1F,0,P2,-0.002,P2V,1.889,P2F,0,IgR,0
2025-09-03 20:24:13.674,T,7042177,SR,144,SF,0,T1R,-2048.25,T1A,-2048.00,T1F,1,T2R,35.75,T2A,35.00,T2F,0,P1,6.991,P1V,2.579,P1F,0,P2,-0.002,P2V,1.889,P2F,0,IgR,0
2025-09-03 20:24:13.902,T,7042405,SR,144,SF,0,T1R,-2048.25,T1A,-2048.00,T1F,1,T2R,35.75,T2A,35.00,T2F,0,P1,6.961,P1V,2.574,P1F,0,P2,-0.004,P2V,1.888,P2F,0,IgR,0
2025-09-03 20:24:14.130,T,7042633,SR,144,SF,0,T1R,-2048.25,T1A,-2048.00,T1F,1,T2R,35.75,T2A,35.00,T2F,0,P1,6.996,P1V,2.580,P1F,0,P2,-0.002,P2V,1.889,P2F,0,IgR,0
2025-09-03 20:24:14.358,T,7042861,SR,144,SF,0,T1R,-2048.25,T1A,-2048.00,T1F,1,T2R,35.75,T2A,35.00,T2F,0,P1,6.981,P1V,2.577,P1F,0,P2,-0.004,P2V,1.888,P2F,0,IgR,0
2025-09-03 20:24:14.586,T,7043089,SR,144,SF,0,T1R,-2048.25,T1A,-2048.00,T1F,1,T2R,35.75,T2A,35.00,T2F,0,P1,6.976,P1V,2.576,P1F,0,P2,-0.002,P2V,1.889,P2F,0,IgR,0
2025-09-03 20:24:14.814,T,7043317,SR,144,SF,0,T1R,-2048.25,T1A,-2048.00,T1F,1,T2R,35.75,T2A,35.00,T2F,0,P1,6.981,P1V,2.577,P1F,0,P2,-0.002,P2V,1.889,P2F,0,IgR,0
2025-09-03 20:24:15.042,T,7043545,SR,144,SF,0,T1R,-2048.25,T1A,-2048.00,T1F,1,T2R,35.75,T2A,35.00,T2F,0,P1,6.971,P1V,2.576,P1F,0,P2,-0.002,P2V,1.889,P2F,0,IgR,0
2025-09-03 20:24:15.271,T,7043773,SR,144,SF,0,T1R,-2048.25,T1A,-2048.00,T1F,1,T2R,35.75,T2A,35.00,T2F,0,P1,6.996,P1V,2.580,P1F,0,P2,-0.002,P2V,1.889,P2F,0,IgR,0
2025-09-03 20:24:15.499,T,7044001,SR,144,SF,0,T1R,-2048.25,T1A,-2048.00,T1F,1,T2R,35.75,T2A,35.00,T2F,0,P1,6.981,P1V,2.577,P1F,0,P2,-0.002,P2V,1.889,P2F,0,IgR,0
2025-09-03 20:24:15.726,T,7044229,SR,144,SF,0,T1R,-2048.25,T1A,-2048.00,T1F,1,T2R,36.00,T2A,35.00,T2F,0,P1,6.981,P1V,2.577,P1F,0,P2,-0.001,P2V,1.890,P2F,0,IgR,0
2025-09-03 20:24:15.954,T,7044457,SR,144,SF,0,T1R,-2048.25,T1A,-2048.00,T1F,1,T2R,35.75,T2A,35.00,T2F,0,P1,6.991,P1V,2.579,P1F,0,P2,0.000,P2V,1.891,P2F,0,IgR,0
2025-09-03 20:24:16.182,T,7044685,SR,144,SF,0,T1R,-2048.25,T1A,-2048.00,T1F,1,T2R,35.75,T2A,35.00,T2F,0,P1,6.971,P1V,2.576,P1F,0,P2,-0.001,P2V,1.890,P2F,0,IgR,0
2025-09-03 20:24:16.410,T,7044913,SR,144,SF,0,T1R,-2048.25,T1A,-2048.00,T1F,1,T2R,35.75,T2A,35.00,T2F,0,P1,7.001,P1V,2.580,P1F,0,P2,0.000,P2V,1.891,P2F,0,IgR,0
2025-09-03 20:24:16.638,T,7045141,SR,144,SF,0,T1R,-2048.25,T1A,-2048.00,T1F,1,T2R,35.75,T2A,35.00,T2F,0,P1,6.971,P1V,2.576,P1F,0,P2,-0.001,P2V,1.890,P2F,0,IgR,0
2025-09-03 20:24:16.866,T,7045369,SR,144,SF,0,T1R,-2048.25,T1A,-2048.00,T1F,1,T2R,35.75,T2A,35.00,T2F,0,P1,6.971,P1V,2.576,P1F,0,P2,-0.002,P2V,1.889,P2F,0,IgR,0
2025-09-03 20:24:17.095,T,7045597,SR,144,SF,0,T1R,-2048.25,T1A,-2048.00,T1F,1,T2R,35.75,T2A,35.00,T2F,0,P1,6.991,P1V,2.579,P1F,0,P2,-0.002,P2V,1.889,P2F,0,IgR,0
2025-09-03 20:24:17.323,T,7045825,SR,144,SF,0,T1R,-2048.25,T1A,-2048.00,T1F,1,T2R,35.75,T2A,35.00,T2F,0,P1,6.966,P1V,2.575,P1F,0,P2,-0.001,P2V,1.890,P2F,0,IgR,0
2025-09-03 20:24:17.551,T,7046053,SR,144,SF,0,T1R,-2048.25,T1A,-2048.00,T1F,1,T2R,35.75,T2A,35.00,T2F,0,P1,7.006,P1V,2.581,P1F,0,P2,-0.001,P2V,1.890,P2F,0,IgR,0
2025-09-03 20:24:17.779,T,7046281,SR,144,SF,0,T1R,-2048.25,T1A,-2048.00,T1F,1,T2R,35.75,T2A,35.00,T2F,0,P1,6.971,P1V,2.576,P1F,0,P2,-0.005,P2V,1.887,P2F,0,IgR,0
2025-09-03 20:24:18.007,T,7046509,SR,144,SF,0,T1R,-2048.25,T1A,-2048.00,T1F,1,T2R,35.75,T2A,35.00,T2F,0,P1,6.976,P1V,2.576,P1F,0,P2,-0.001,P2V,1.890,P2F,0,IgR,0
2025-09-03 20:24:18.234,T,7046737,SR,144,SF,0,T1R,-2048.25,T1A,-2048.00,T1F,1,T2R,35.75,T2A,35.00,T2F,0,P1,6.981,P1V,2.577,P1F,0,P2,-0.001,P2V,1.890,P2F,0,IgR,0
2025-09-03 20:24:18.462,T,7046965,SR,144,SF,0,T1R,-2048.25,T1A,-2048.00,T1F,1,T2R,35.75,T2A,35.00,T2F,0,P1,6.966,P1V,2.575,P1F,0,P2,-0.002,P2V,1.889,P2F,0,IgR,0
2025-09-03 20:24:18.690,T,7047193,SR,144,SF,0,T1R,-2048.25,T1A,-2048.00,T1F,1,T2R,35.75,T2A,35.00,T2F,0,P1,7.001,P1V,2.580,P1F,0,P2,0.000,P2V,1.891,P2F,0,IgR,0
2025-09-03 20:24:18.918,T,7047421,SR,144,SF,0,T1R,-2048.25,T1A,-2048.00,T1F,1,T2R,35.75,T2A,35.00,T2F,0,P1,6.976,P1V,2.576,P1F,0,P2,-0.001,P2V,1.890,P2F,0,IgR,0
2025-09-03 20:24:19.146,T,7047649,SR,144,SF,0,T1R,-2048.25,T1A,-2048.00,T1F,1,T2R,35.75,T2A,35.00,T2F,0,P1,6.976,P1V,2.576,P1F,0,P2,0.000,P2V,1.891,P2F,0,IgR,0
2025-09-03 20:24:19.374,T,7047877,SR,144,SF,0,T1R,-2048.25,T1A,-2048.00,T1F,1,T2R,35.75,T2A,35.00,T2F,0,P1,6.981,P1V,2.577,P1F,0,P2,-0.002,P2V,1.889,P2F,0,IgR,0
2025-09-03 20:24:19.602,T,7048105,SR,144,SF,0,T1R,-2048.25,T1A,-2048.00,T1F,1,T2R,35.75,T2A,35.00,T2F,0,P1,6.961,P1V,2.574,P1F,0,P2,0.000,P2V,1.891,P2F,0,IgR,0
2025-09-03 20:24:19.831,T,7048333,SR,144,SF,0,T1R,-2048.25,T1A,-2048.00,T1F,1,T2R,35.75,T2A,35.00,T2F,0,P1,6.991,P1V,2.579,P1F,0,P2,0.000,P2V,1.891,P2F,0,IgR,0
2025-09-03 20:24:20.058,T,7048561,SR,144,SF,0,T1R,-2048.25,T1A,-2048.00,T1F,1,T2R,35.75,T2A,35.00,T2F,0,P1,6.976,P1V,2.576,P1F,0,P2,0.000,P2V,1.891,P2F,0,IgR,0
2025-09-03 20:24:20.286,T,7048789,SR,144,SF,0,T1R,-2048.25,T1A,-2048.00,T1F,1,T2R,35.75,T2A,35.00,T2F,0,P1,6.976,P1V,2.576,P1F,0,P2,0.000,P2V,1.891,P2F,0,IgR,0
2025-09-03 20:24:20.515,T,7049017,SR,144,SF,0,T1R,-2048.25,T1A,-2048.00,T1F,1,T2R,35.75,T2A,35.00,T2F,0,P1,6.976,P1V,2.576,P1F,0,P2,0.000,P2V,1.891,P2F,0,IgR,0
2025-09-03 20:24:20.742,T,7049245,SR,144,SF,0,T1R,-2048.25,T1A,-2048.00,T1F,1,T2R,35.75,T2A,35.00,T2F,0,P1,6.961,P1V,2.574,P1F,0,P2,-0.002,P2V,1.889,P2F,0,IgR,0
2025-09-03 20:24:20.970,T,7049473,SR,144,SF,0,T1R,-2048.25,T1A,-2048.00,T1F,1,T2R,35.75,T2A,35.00,T2F,0,P1,6.991,P1V,2.579,P1F,0,P2,0.000,P2V,1.891,P2F,0,IgR,0
2025-09-03 20:24:21.198,T,7049701,SR,144,SF,0,T1R,-2048.25,T1A,-2048.00,T1F,1,T2R,35.75,T2A,35.00,T2F,0,P1,6.976,P1V,2.576,P1F,0,P2,0.002,P2V,1.891,P2F,0,IgR,0
2025-09-03 20:24:21.426,T,7049929,SR,144,SF,0,T1R,-2048.25,T1A,-2048.00,T1F,1,T2R,35.75,T2A,35.00,T2F,0,P1,6.971,P1V,2.576,P1F,0,P2,0.002,P2V,1.891,P2F,0,IgR,0
2025-09-03 20:24:21.654,T,7050157,SR,144,SF,0,T1R,-2048.25,T1A,-2048.00,T1F,1,T2R,35.75,T2A,35.00,T2F,0,P1,6.981,P1V,2.577,P1F,0,P2,0.003,P2V,1.892,P2F,0,IgR,0
2025-09-03 20:24:21.883,T,7050385,SR,144,SF,0,T1R,-2048.25,T1A,-2048.00,T1F,1,T2R,35.75,T2A,35.00,T2F,0,P1,6.961,P1V,2.574,P1F,0,P2,0.000,P2V,1.891,P2F,0,IgR,0
2025-09-03 20:24:22.111,T,7050613,SR,144,SF,0,T1R,-2048.25,T1A,-2048.00,T1F,1,T2R,35.75,T2A,35.00,T2F,0,P1,6.991,P1V,2.579,P1F,0,P2,0.003,P2V,1.892,P2F,0,IgR,0
2025-09-03 20:24:22.338,T,7050841,SR,144,SF,0,T1R,-2048.25,T1A,-2048.00,T1F,1,T2R,36.00,T2A,35.00,T2F,0,P1,6.971,P1V,2.576,P1F,0,P2,0.002,P2V,1.891,P2F,0,IgR,0
2025-09-03 20:24:22.566,T,7051069,SR,144,SF,0,T1R,-2048.25,T1A,-2048.00,T1F,1,T2R,35.75,T2A,35.00,T2F,0,P1,6.981,P1V,2.577,P1F,0,P2,0.002,P2V,1.891,P2F,0,IgR,0
2025-09-03 20:24:22.794,T,7051297,SR,144,SF,0,T1R,-2048.25,T1A,-2048.00,T1F,1,T2R,35.75,T2A,35.00,T2F,0,P1,6.976,P1V,2.576,P1F,0,P2,0.003,P2V,1.892,P2F,0,IgR,0
2025-09-03 20:24:23.023,T,7051525,SR,144,SF,0,T1R,-2048.25,T1A,-2048.00,T1F,1,T2R,35.75,T2A,35.00,T2F,0,P1,6.961,P1V,2.574,P1F,0,P2,0.002,P2V,1.891,P2F,0,IgR,0
2025-09-03 20:24:23.250,T,7051753,SR,144,SF,0,T1R,-2048.25,T1A,-2048.00,T1F,1,T2R,35.75,T2A,35.00,T2F,0,P1,6.981,P1V,2.577,P1F,0,P2,0.002,P2V,1.891,P2F,0,IgR,0
2025-09-03 20:24:23.478,T,7051981,SR,144,SF,0,T1R,-2048.25,T1A,-2048.00,T1F,1,T2R,35.75,T2A,35.00,T2F,0,P1,6.976,P1V,2.576,P1F,0,P2,0.003,P2V,1.892,P2F,0,IgR,0
2025-09-03 20:24:23.706,T,7052209,SR,144,SF,0,T1R,-2048.25,T1A,-2048.00,T1F,1,T2R,35.75,T2A,35.00,T2F,0,P1,6.976,P1V,2.576,P1F,0,P2,0.006,P2V,1.894,P2F,0,IgR,0
2025-09-03 20:24:23.936,T,7052437,SR,144,SF,0,T1R,-2048.25,T1A,-2048.00,T1F,1,T2R,35.75,T2A,35.00,T2F,0,P1,6.976,P1V,2.576,P1F,0,P2,0.003,P2V,1.892,P2F,0,IgR,0
2025-09-03 20:24:24.162,T,7052665,SR,144,SF,0,T1R,-2048.25,T1A,-2048.00,T1F,1,T2R,35.75,T2A,35.00,T2F,0,P1,6.976,P1V,2.576,P1F,0,P2,0.006,P2V,1.894,P2F,0,IgR,0
2025-09-03 20:24:24.390,T,7052893,SR,144,SF,0,T1R,-2048.25,T1A,-2048.00,T1F,1,T2R,35.75,T2A,35.00,T2F,0,P1,6.981,P1V,2.577,P1F,0,P2,0.003,P2V,1.892,P2F,0,IgR,0
2025-09-03 20:24:24.618,T,7053121,SR,144,SF,0,T1R,-2048.25,T1A,-2048.00,T1F,1,T2R,35.75,T2A,35.00,T2F,0,P1,6.971,P1V,2.576,P1F,0,P2,0.003,P2V,1.892,P2F,0,IgR,0
2025-09-03 20:24:24.846,T,7053349,SR,144,SF,0,T1R,-2048.25,T1A,-2048.00,T1F,1,T2R,35.75,T2A,35.00,T2F,0,P1,6.981,P1V,2.577,P1F,0,P2,0.003,P2V,1.892,P2F,0,IgR,0
2025-09-03 20:24:25.074,T,7053577,SR,144,SF,0,T1R,-2048.25,T1A,-2048.00,T1F,1,T2R,35.75,T2A,35.00,T2F,0,P1,6.971,P1V,2.576,P1F,0,P2,0.002,P2V,1.891,P2F,0,IgR,0
2025-09-03 20:24:25.302,T,7053805,SR,144,SF,0,T1R,-2048.25,T1A,-2048.00,T1F,1,T2R,35.75,T2A,35.00,T2F,0,P1,6.961,P1V,2.574,P1F,0,P2,0.003,P2V,1.892,P2F,0,IgR,0
2025-09-03 20:24:25.530,T,7054033,SR,144,SF,0,T1R,-2048.25,T1A,-2048.00,T1F,1,T2R,35.75,T2A,35.00,T2F,0,P1,6.976,P1V,2.576,P1F,0,P2,0.003,P2V,1.892,P2F,0,IgR,0
2025-09-03 20:24:25.758,T,7054261,SR,144,SF,0,T1R,-2048.25,T1A,-2048.00,T1F,1,T2R,35.75,T2A,35.00,T2F,0,P1,6.961,P1V,2.574,P1F,0,P2,0.002,P2V,1.891,P2F,0,IgR,0
2025-09-03 20:24:25.987,T,7054489,SR,144,SF,0,T1R,-2048.25,T1A,-2048.00,T1F,1,T2R,35.75,T2A,35.00,T2F,0,P1,6.976,P1V,2.576,P1F,0,P2,0.003,P2V,1.892,P2F,0,IgR,0
2025-09-03 20:24:26.215,T,7054717,SR,144,SF,0,T1R,-2048.25,T1A,-2048.00,T1F,1,T2R,35.75,T2A,35.00,T2F,0,P1,6.971,P1V,2.576,P1F,0,P2,0.003,P2V,1.892,P2F,0,IgR,0
2025-09-03 20:24:26.442,T,7054945,SR,144,SF,0,T1R,-2048.25,T1A,-2048.00,T1F,1,T2R,35.75,T2A,35.00,T2F,0,P1,6.956,P1V,2.573,P1F,0,P2,0.003,P2V,1.892,P2F,0,IgR,0
2025-09-03 20:24:26.670,T,7055174,SR,144,SF,0,T1R,-2048.25,T1A,-2048.00,T1F,1,T2R,35.75,T2A,35.00,T2F,0,P1,6.981,P1V,2.577,P1F,0,P2,0.006,P2V,1.894,P2F,0,IgR,0
2025-09-03 20:24:26.898,T,7055401,SR,144,SF,0,T1R,-2048.25,T1A,-2048.00,T1F,1,T2R,35.75,T2A,35.00,T2F,0,P1,6.961,P1V,2.574,P1F,0,P2,0.003,P2V,1.892,P2F,0,IgR,0
2025-09-03 20:24:27.126,T,7055629,SR,144,SF,0,T1R,-2048.25,T1A,-2048.00,T1F,1,T2R,35.75,T2A,35.00,T2F,0,P1,6.981,P1V,2.577,P1F,0,P2,0.004,P2V,1.893,P2F,0,IgR,0
2025-09-03 20:24:27.354,T,7055857,SR,144,SF,0,T1R,-2048.25,T1A,-2048.00,T1F,1,T2R,35.75,T2A,35.00,T2F,0,P1,6.966,P1V,2.575,P1F,0,P2,0.003,P2V,1.892,P2F,0,IgR,0
2025-09-03 20:24:27.582,T,7056085,SR,144,SF,0,T1R,-2048.25,T1A,-2048.00,T1F,1,T2R,35.75,T2A,35.00,T2F,0,P1,6.961,P1V,2.574,P1F,0,P2,0.002,P2V,1.891,P2F,0,IgR,0
2025-09-03 20:24:27.811,T,7056313,SR,144,SF,0,T1R,-2048.25,T1A,-2048.00,T1F,1,T2R,35.75,T2A,35.00,T2F,0,P1,6.976,P1V,2.576,P1F,0,P2,0.004,P2V,1.893,P2F,0,IgR,0
2025-09-03 20:24:28.038,T,7056541,SR,144,SF,0,T1R,-2048.25,T1A,-2048.00,T1F,1,T2R,35.75,T2A,35.00,T2F,0,P1,6.971,P1V,2.576,P1F,0,P2,0.004,P2V,1.893,P2F,0,IgR,0
2025-09-03 20:24:28.266,T,7056769,SR,144,SF,0,T1R,-2048.25,T1A,-2048.00,T1F,1,T2R,35.75,T2A,35.00,T2F,0,P1,6.976,P1V,2.576,P1F,0,P2,0.002,P2V,1.891,P2F,0,IgR,0
2025-09-03 20:24:28.494,T,7056997,SR,144,SF,0,T1R,-2048.25,T1A,-2048.00,T1F,1,T2R,35.75,T2A,35.00,T2F,0,P1,6.971,P1V,2.576,P1F,0,P2,0.003,P2V,1.892,P2F,0,IgR,0
2025-09-03 20:24:28.722,T,7057225,SR,144,SF,0,T1R,-2048.25,T1A,-2048.00,T1F,1,T2R,35.75,T2A,35.00,T2F,0,P1,6.966,P1V,2.575,P1F,0,P2,0.003,P2V,1.892,P2F,0,IgR,0
2025-09-03 20:24:28.950,T,7057454,SR,144,SF,0,T1R,-2048.25,T1A,-2048.00,T1F,1,T2R,35.75,T2A,35.00,T2F,0,P1,6.971,P1V,2.576,P1F,0,P2,0.004,P2V,1.893,P2F,0,IgR,0
2025-09-03 20:24:29.178,T,7057681,SR,144,SF,0,T1R,-2048.25,T1A,-2048.00,T1F,1,T2R,35.75,T2A,35.00,T2F,0,P1,6.956,P1V,2.573,P1F,0,P2,0.003,P2V,1.892,P2F,0,IgR,0
2025-09-03 20:24:29.406,T,7057909,SR,144,SF,0,T1R,-2048.25,T1A,-2048.00,T1F,1,T2R,35.50,T2A,35.00,T2F,0,P1,6.991,P1V,2.579,P1F,0,P2,0.004,P2V,1.893,P2F,0,IgR,0
2025-09-03 20:24:29.634,T,7058137,SR,144,SF,0,T1R,-2048.25,T1A,-2048.00,T1F,1,T2R,35.75,T2A,35.00,T2F,0,P1,6.971,P1V,2.576,P1F,0,P2,0.003,P2V,1.892,P2F,0,IgR,0
2025-09-03 20:24:29.862,T,7058365,SR,144,SF,0,T1R,-2048.25,T1A,-2048.00,T1F,1,T2R,35.75,T2A,35.00,T2F,0,P1,6.961,P1V,2.574,P1F,0,P2,0.002,P2V,1.891,P2F,0,IgR,0
2025-09-03 20:24:30.091,T,7058593,SR,144,SF,0,T1R,-2048.25,T1A,-2048.00,T1F,1,T2R,35.75,T2A,35.00,T2F,0,P1,6.976,P1V,2.576,P1F,0,P2,0.003,P2V,1.892,P2F,0,IgR,0
2025-09-03 20:24:30.319,T,7058821,SR,144,SF,0,T1R,-2048.25,T1A,-2048.00,T1F,1,T2R,35.75,T2A,35.00,T2F,0,P1,6.956,P1V,2.573,P1F,0,P2,0.003,P2V,1.892,P2F,0,IgR,0
2025-09-03 20:24:30.547,T,7059049,SR,144,SF,0,T1R,-2048.25,T1A,-2048.00,T1F,1,T2R,35.75,T2A,35.00,T2F,0,P1,6.991,P1V,2.579,P1F,0,P2,0.003,P2V,1.892,P2F,0,IgR,0
2025-09-03 20:24:30.774,T,7059277,SR,144,SF,0,T1R,-2048.25,T1A,-2048.00,T1F,1,T2R,35.75,T2A,35.00,T2F,0,P1,6.966,P1V,2.575,P1F,0,P2,0.004,P2V,1.893,P2F,0,IgR,0
2025-09-03 20:24:31.002,T,7059505,SR,144,SF,0,T1R,-2048.25,T1A,-2048.00,T1F,1,T2R,35.75,T2A,35.00,T2F,0,P1,6.956,P1V,2.573,P1F,0,P2,0.003,P2V,1.892,P2F,0,IgR,0
2025-09-03 20:24:31.230,T,7059734,SR,144,SF,0,T1R,-2048.25,T1A,-2048.00,T1F,1,T2R,35.75,T2A,35.00,T2F,0,P1,6.971,P1V,2.576,P1F,0,P2,0.003,P2V,1.892,P2F,0,IgR,0
2025-09-03 20:24:31.458,T,7059961,SR,144,SF,0,T1R,-2048.25,T1A,-2048.00,T1F,1,T2R,35.75,T2A,35.00,T2F,0,P1,6.956,P1V,2.573,P1F,0,P2,0.002,P2V,1.891,P2F,0,IgR,0
2025-09-03 20:24:31.686,T,7060189,SR,144,SF,0,T1R,-2048.25,T1A,-2048.00,T1F,1,T2R,35.75,T2A,35.00,T2F,0,P1,6.976,P1V,2.576,P1F,0,P2,0.004,P2V,1.893,P2F,0,IgR,0
2025-09-03 20:24:31.914,T,7060417,SR,144,SF,0,T1R,-2048.25,T1A,-2048.00,T1F,1,T2R,35.75,T2A,35.00,T2F,0,P1,6.991,P1V,2.579,P1F,0,P2,0.008,P2V,1.895,P2F,0,IgR,0
2025-09-03 20:24:32.143,T,7060645,SR,144,SF,0,T1R,-2048.25,T1A,-2048.00,T1F,1,T2R,35.75,T2A,35.00,T2F,0,P1,6.961,P1V,2.574,P1F,0,P2,0.004,P2V,1.893,P2F,0,IgR,0
2025-09-03 20:24:32.371,T,7060873,SR,144,SF,0,T1R,-2048.25,T1A,-2048.00,T1F,1,T2R,35.75,T2A,35.00,T2F,0,P1,6.971,P1V,2.576,P1F,0,P2,0.003,P2V,1.892,P2F,0,IgR,0
2025-09-03 20:24:32.598,T,7061101,SR,144,SF,0,T1R,-2048.25,T1A,-2048.00,T1F,1,T2R,35.75,T2A,35.00,T2F,0,P1,6.961,P1V,2.574,P1F,0,P2,0.002,P2V,1.891,P2F,0,IgR,0
2025-09-03 20:24:32.825,T,7061329,SR,144,SF,0,T1R,-2048.25,T1A,-2048.00,T1F,1,T2R,35.75,T2A,35.00,T2F,0,P1,6.981,P1V,2.577,P1F,0,P2,0.004,P2V,1.893,P2F,0,IgR,0
2025-09-03 20:24:33.054,T,7061557,SR,144,SF,0,T1R,-2048.25,T1A,-2048.00,T1F,1,T2R,35.75,T2A,35.00,T2F,0,P1,6.961,P1V,2.574,P1F,0,P2,0.003,P2V,1.892,P2F,0,IgR,0
2025-09-03 20:24:33.282,T,7061785,SR,144,SF,0,T1R,-2048.25,T1A,-2048.00,T1F,1,T2R,35.75,T2A,35.00,T2F,0,P1,6.956,P1V,2.573,P1F,0,P2,0.004,P2V,1.893,P2F,0,IgR,0
2025-09-03 20:24:33.510,T,7062014,SR,144,SF,0,T1R,-2048.25,T1A,-2048.00,T1F,1,T2R,35.75,T2A,35.00,T2F,0,P1,6.966,P1V,2.575,P1F,0,P2,0.003,P2V,1.892,P2F,0,IgR,0
2025-09-03 20:24:33.738,T,7062241,SR,144,SF,0,T1R,-2048.25,T1A,-2048.00,T1F,1,T2R,35.75,T2A,35.00,T2F,0,P1,6.991,P1V,2.579,P1F,0,P2,0.007,P2V,1.895,P2F,0,IgR,0
2025-09-03 20:24:33.966,T,7062469,SR,144,SF,0,T1R,-2048.25,T1A,-2048.00,T1F,1,T2R,35.75,T2A,35.00,T2F,0,P1,6.971,P1V,2.576,P1F,0,P2,0.003,P2V,1.892,P2F,0,IgR,0
2025-09-03 20:24:34.194,T,7062697,SR,144,SF,0,T1R,-2048.25,T1A,-2048.00,T1F,1,T2R,35.75,T2A,35.00,T2F,0,P1,6.966,P1V,2.575,P1F,0,P2,0.003,P2V,1.892,P2F,0,IgR,0
2025-09-03 20:24:34.422,T,7062925,SR,144,SF,0,T1R,-2048.25,T1A,-2048.00,T1F,1,T2R,35.75,T2A,35.00,T2F,0,P1,6.961,P1V,2.574,P1F,0,P2,0.003,P2V,1.892,P2F,0,IgR,0
2025-09-03 20:24:34.650,T,7063153,SR,144,SF,0,T1R,-2048.25,T1A,-2048.00,T1F,1,T2R,35.75,T2A,35.00,T2F,0,P1,6.971,P1V,2.576,P1F,0,P2,0.004,P2V,1.893,P2F,0,IgR,0
2025-09-03 20:24:34.878,T,7063381,SR,144,SF,0,T1R,-2048.25,T1A,-2048.00,T1F,1,T2R,35.75,T2A,35.00,T2F,0,P1,6.951,P1V,2.572,P1F,0,P2,0.002,P2V,1.891,P2F,0,IgR,0
2025-09-03 20:24:35.106,T,7063609,SR,144,SF,0,T1R,-2048.25,T1A,-2048.00,T1F,1,T2R,35.75,T2A,35.00,T2F,0,P1,6.981,P1V,2.577,P1F,0,P2,0.004,P2V,1.893,P2F,0,IgR,0
2025-09-03 20:24:35.334,T,7063837,SR,144,SF,0,T1R,-2048.25,T1A,-2048.00,T1F,1,T2R,35.75,T2A,35.00,T2F,0,P1,6.966,P1V,2.575,P1F,0,P2,0.004,P2V,1.893,P2F,0,IgR,0
2025-09-03 20:24:35.562,T,7064065,SR,144,SF,0,T1R,-2048.25,T1A,-2048.00,T1F,1,T2R,35.75,T2A,35.00,T2F,0,P1,6.961,P1V,2.574,P1F,0,P2,0.004,P2V,1.893,P2F,0,IgR,0
2025-09-03 20:24:35.790,T,7064293,SR,144,SF,0,T1R,-2048.25,T1A,-2048.00,T1F,1,T2R,35.75,T2A,35.00,T2F,0,P1,6.966,P1V,2.575,P1F,0,P2,0.003,P2V,1.892,P2F,0,IgR,0
2025-09-03 20:24:36.020,T,7064521,SR,144,SF,0,T1R,-2048.25,T1A,-2048.00,T1F,1,T2R,35.75,T2A,35.00,T2F,0,P1,6.951,P1V,2.572,P1F,0,P2,0.004,P2V,1.893,P2F,0,IgR,0
2025-09-03 20:24:36.246,T,7064749,SR,144,SF,0,T1R,-2048.25,T1A,-2048.00,T1F,1,T2R,35.75,T2A,35.00,T2F,0,P1,6.971,P1V,2.576,P1F,0,P2,0.004,P2V,1.893,P2F,0,IgR,0
2025-09-03 20:24:36.474,T,7064977,SR,144,SF,0,T1R,-2048.25,T1A,-2048.00,T1F,1,T2R,35.75,T2A,35.00,T2F,0,P1,6.961,P1V,2.574,P1F,0,P2,0.002,P2V,1.891,P2F,0,IgR,0
2025-09-03 20:24:36.702,T,7065205,SR,144,SF,0,T1R,-2048.25,T1A,-2048.00,T1F,1,T2R,35.75,T2A,35.00,T2F,0,P1,6.951,P1V,2.572,P1F,0,P2,0.003,P2V,1.892,P2F,0,IgR,0
2025-09-03 20:24:36.930,T,7065433,SR,144,SF,0,T1R,-2048.25,T1A,-2048.00,T1F,1,T2R,35.75,T2A,35.00,T2F,0,P1,6.961,P1V,2.574,P1F,0,P2,0.004,P2V,1.893,P2F,0,IgR,0
2025-09-03 20:24:37.157,T,7065661,SR,144,SF,0,T1R,-2048.25,T1A,-2048.00,T1F,1,T2R,35.50,T2A,35.00,T2F,0,P1,6.945,P1V,2.572,P1F,0,P2,0.003,P2V,1.892,P2F,0,IgR,0
2025-09-03 20:24:37.386,T,7065889,SR,144,SF,0,T1R,-2048.25,T1A,-2048.00,T1F,1,T2R,35.75,T2A,35.00,T2F,0,P1,6.976,P1V,2.576,P1F,0,P2,0.003,P2V,1.892,P2F,0,IgR,0
2025-09-03 20:24:37.614,T,7066117,SR,144,SF,0,T1R,-2048.25,T1A,-2048.00,T1F,1,T2R,35.50,T2A,35.00,T2F,0,P1,6.961,P1V,2.574,P1F,0,P2,0.000,P2V,1.891,P2F,0,IgR,0
2025-09-03 20:24:37.842,T,7066345,SR,144,SF,0,T1R,-2048.25,T1A,-2048.00,T1F,1,T2R,35.50,T2A,35.00,T2F,0,P1,6.966,P1V,2.575,P1F,0,P2,0.006,P2V,1.894,P2F,0,IgR,0
2025-09-03 20:24:38.070,T,7066573,SR,144,SF,0,T1R,-2048.25,T1A,-2048.00,T1F,1,T2R,35.50,T2A,35.00,T2F,0,P1,6.961,P1V,2.574,P1F,0,P2,0.004,P2V,1.893,P2F,0,IgR,0
2025-09-03 20:24:38.298,T,7066801,SR,144,SF,0,T1R,-2048.25,T1A,-2048.00,T1F,1,T2R,35.75,T2A,35.00,T2F,0,P1,6.940,P1V,2.571,P1F,0,P2,0.003,P2V,1.892,P2F,0,IgR,0
2025-09-03 20:24:38.526,T,7067029,SR,144,SF,0,T1R,-2048.25,T1A,-2048.00,T1F,1,T2R,35.50,T2A,35.00,T2F,0,P1,6.976,P1V,2.576,P1F,0,P2,0.004,P2V,1.893,P2F,0,IgR,0
2025-09-03 20:24:38.754,T,7067257,SR,144,SF,0,T1R,-2048.25,T1A,-2048.00,T1F,1,T2R,35.50,T2A,35.00,T2F,0,P1,6.956,P1V,2.573,P1F,0,P2,0.003,P2V,1.892,P2F,0,IgR,0
2025-09-03 20:24:38.981,T,7067485,SR,144,SF,0,T1R,-2048.25,T1A,-2048.00,T1F,1,T2R,35.50,T2A,35.00,T2F,0,P1,6.956,P1V,2.573,P1F,0,P2,0.003,P2V,1.892,P2F,0,IgR,0
2025-09-03 20:24:39.210,T,7067714,SR,144,SF,0,T1R,-2048.25,T1A,-2048.00,T1F,1,T2R,35.50,T2A,35.00,T2F,0,P1,6.956,P1V,2.573,P1F,0,P2,0.002,P2V,1.891,P2F,0,IgR,0
2025-09-03 20:24:39.437,T,7067941,SR,144,SF,0,T1R,-2048.25,T1A,-2048.00,T1F,1,T2R,35.50,T2A,35.00,T2F,0,P1,6.940,P1V,2.571,P1F,0,P2,0.003,P2V,1.892,P2F,0,IgR,0
2025-09-03 20:24:39.666,T,7068169,SR,144,SF,0,T1R,-2048.25,T1A,-2048.00,T1F,1,T2R,35.50,T2A,35.00,T2F,0,P1,6.971,P1V,2.576,P1F,0,P2,0.007,P2V,1.895,P2F,0,IgR,0
2025-09-03 20:24:39.894,T,7068397,SR,144,SF,0,T1R,-2048.25,T1A,-2048.00,T1F,1,T2R,35.50,T2A,35.00,T2F,0,P1,6.966,P1V,2.575,P1F,0,P2,0.004,P2V,1.893,P2F,0,IgR,0
2025-09-03 20:24:40.122,T,7068625,SR,144,SF,0,T1R,-2048.25,T1A,-2048.00,T1F,1,T2R,35.50,T2A,35.00,T2F,0,P1,6.961,P1V,2.574,P1F,0,P2,0.003,P2V,1.892,P2F,0,IgR,0
2025-09-03 20:24:40.350,T,7068853,SR,144,SF,0,T1R,-2048.25,T1A,-2048.00,T1F,1,T2R,35.50,T2A,35.00,T2F,0,P1,6.956,P1V,2.573,P1F,0,P2,0.003,P2V,1.892,P2F,0,IgR,0
2025-09-03 20:24:40.579,T,7069081,SR,144,SF,0,T1R,-2048.25,T1A,-2048.00,T1F,1,T2R,35.50,T2A,35.00,T2F,0,P1,6.940,P1V,2.571,P1F,0,P2,0.003,P2V,1.892,P2F,0,IgR,0
2025-09-03 20:24:40.806,T,7069309,SR,144,SF,0,T1R,-2048.25,T1A,-2048.00,T1F,1,T2R,35.50,T2A,35.00,T2F,0,P1,6.961,P1V,2.574,P1F,0,P2,0.003,P2V,1.892,P2F,0,IgR,0
2025-09-03 20:24:41.033,T,7069537,SR,144,SF,0,T1R,-2048.25,T1A,-2048.00,T1F,1,T2R,35.50,T2A,35.00,T2F,0,P1,6.951,P1V,2.572,P1F,0,P2,0.004,P2V,1.893,P2F,0,IgR,0
2025-09-03 20:24:41.262,T,7069765,SR,144,SF,0,T1R,-2048.25,T1A,-2048.00,T1F,1,T2R,35.50,T2A,35.00,T2F,0,P1,6.961,P1V,2.574,P1F,0,P2,0.004,P2V,1.893,P2F,0,IgR,0
2025-09-03 20:24:41.489,T,7069993,SR,144,SF,0,T1R,-2048.25,T1A,-2048.00,T1F,1,T2R,35.50,T2A,35.00,T2F,0,P1,6.966,P1V,2.575,P1F,0,P2,0.006,P2V,1.894,P2F,0,IgR,0
2025-09-03 20:24:41.717,T,7070221,SR,144,SF,0,T1R,-2048.25,T1A,-2048.00,T1F,1,T2R,35.50,T2A,35.00,T2F,0,P1,6.951,P1V,2.572,P1F,0,P2,0.006,P2V,1.894,P2F,0,IgR,0
2025-09-03 20:24:41.946,T,7070449,SR,144,SF,0,T1R,-2048.25,T1A,-2048.00,T1F,1,T2R,35.50,T2A,35.00,T2F,0,P1,6.961,P1V,2.574,P1F,0,P2,0.003,P2V,1.892,P2F,0,IgR,0
2025-09-03 20:24:42.174,T,7070677,SR,144,SF,0,T1R,-2048.25,T1A,-2048.00,T1F,1,T2R,35.50,T2A,35.00,T2F,0,P1,6.945,P1V,2.572,P1F,0,P2,0.003,P2V,1.892,P2F,0,IgR,0
2025-09-03 20:24:42.402,T,7070905,SR,144,SF,0,T1R,-2048.25,T1A,-2048.00,T1F,1,T2R,35.50,T2A,35.00,T2F,0,P1,6.956,P1V,2.573,P1F,0,P2,0.003,P2V,1.892,P2F,0,IgR,0
2025-09-03 20:24:42.630,T,7071134,SR,144,SF,0,T1R,-2048.25,T1A,-2048.00,T1F,1,T2R,35.50,T2A,35.00,T2F,0,P1,6.956,P1V,2.573,P1F,0,P2,0.006,P2V,1.894,P2F,0,IgR,0
2025-09-03 20:24:42.859,T,7071361,SR,144,SF,0,T1R,-2048.25,T1A,-2048.00,T1F,1,T2R,35.50,T2A,35.00,T2F,0,P1,6.940,P1V,2.571,P1F,0,P2,0.003,P2V,1.892,P2F,0,IgR,0
2025-09-03 20:24:43.086,T,7071589,SR,144,SF,0,T1R,-2048.25,T1A,-2048.00,T1F,1,T2R,35.50,T2A,35.00,T2F,0,P1,6.951,P1V,2.572,P1F,0,P2,0.004,P2V,1.893,P2F,0,IgR,0
2025-09-03 20:24:43.313,T,7071817,SR,144,SF,0,T1R,-2048.25,T1A,-2048.00,T1F,1,T2R,35.50,T2A,35.00,T2F,0,P1,6.945,P1V,2.572,P1F,0,P2,0.003,P2V,1.892,P2F,0,IgR,0
2025-09-03 20:24:43.541,T,7072045,SR,144,SF,0,T1R,-2048.25,T1A,-2048.00,T1F,1,T2R,35.50,T2A,35.00,T2F,0,P1,6.961,P1V,2.574,P1F,0,P2,0.006,P2V,1.894,P2F,0,IgR,0
2025-09-03 20:24:43.769,T,7072274,SR,144,SF,0,T1R,-2048.25,T1A,-2048.00,T1F,1,T2R,35.50,T2A,35.00,T2F,0,P1,6.951,P1V,2.572,P1F,0,P2,0.003,P2V,1.892,P2F,0,IgR,0
2025-09-03 20:24:43.997,T,7072501,SR,144,SF,0,T1R,-2048.25,T1A,-2048.00,T1F,1,T2R,35.50,T2A,35.00,T2F,0,P1,6.935,P1V,2.570,P1F,0,P2,0.003,P2V,1.892,P2F,0,IgR,0
2025-09-03 20:24:44.226,T,7072729,SR,144,SF,0,T1R,-2048.25,T1A,-2048.00,T1F,1,T2R,35.50,T2A,35.00,T2F,0,P1,6.956,P1V,2.573,P1F,0,P2,0.003,P2V,1.892,P2F,0,IgR,0
2025-09-03 20:24:44.454,T,7072957,SR,144,SF,0,T1R,-2048.25,T1A,-2048.00,T1F,1,T2R,35.25,T2A,35.00,T2F,0,P1,6.945,P1V,2.572,P1F,0,P2,0.004,P2V,1.893,P2F,0,IgR,0
2025-09-03 20:24:44.682,T,7073185,SR,144,SF,0,T1R,-2048.25,T1A,-2048.00,T1F,1,T2R,35.50,T2A,35.00,T2F,0,P1,6.966,P1V,2.575,P1F,0,P2,0.003,P2V,1.892,P2F,0,IgR,0
2025-09-03 20:24:44.910,T,7073414,SR,144,SF,0,T1R,-2048.25,T1A,-2048.00,T1F,1,T2R,35.50,T2A,35.00,T2F,0,P1,6.951,P1V,2.572,P1F,0,P2,0.003,P2V,1.892,P2F,0,IgR,0
2025-09-03 20:24:45.138,T,7073641,SR,144,SF,0,T1R,-2048.25,T1A,-2048.00,T1F,1,T2R,35.25,T2A,35.00,T2F,0,P1,6.935,P1V,2.570,P1F,0,P2,0.002,P2V,1.891,P2F,0,IgR,0
2025-09-03 20:24:45.365,T,7073869,SR,144,SF,0,T1R,-2048.25,T1A,-2048.00,T1F,1,T2R,35.50,T2A,35.00,T2F,0,P1,6.951,P1V,2.572,P1F,0,P2,0.006,P2V,1.894,P2F,0,IgR,0
2025-09-03 20:24:45.593,T,7074097,SR,144,SF,0,T1R,-2048.25,T1A,-2048.00,T1F,1,T2R,35.50,T2A,35.00,T2F,0,P1,6.930,P1V,2.569,P1F,0,P2,0.004,P2V,1.893,P2F,0,IgR,0
2025-09-03 20:24:45.821,T,7074325,SR,144,SF,0,T1R,-2048.25,T1A,-2048.00,T1F,1,T2R,35.50,T2A,35.00,T2F,0,P1,6.961,P1V,2.574,P1F,0,P2,0.006,P2V,1.894,P2F,0,IgR,0
2025-09-03 20:24:46.049,T,7074554,SR,144,SF,0,T1R,-2048.25,T1A,-2048.00,T1F,1,T2R,35.50,T2A,35.00,T2F,0,P1,6.940,P1V,2.571,P1F,0,P2,0.004,P2V,1.893,P2F,0,IgR,0
2025-09-03 20:24:46.278,T,7074781,SR,144,SF,0,T1R,-2048.25,T1A,-2048.00,T1F,1,T2R,35.25,T2A,35.00,T2F,0,P1,6.945,P1V,2.572,P1F,0,P2,0.004,P2V,1.893,P2F,0,IgR,0
2025-09-03 20:24:46.505,T,7075009,SR,144,SF,0,T1R,-2048.25,T1A,-2048.00,T1F,1,T2R,35.50,T2A,35.00,T2F,0,P1,6.951,P1V,2.572,P1F,0,P2,0.004,P2V,1.893,P2F,0,IgR,0
2025-09-03 20:24:46.734,T,7075237,SR,144,SF,0,T1R,-2048.25,T1A,-2048.00,T1F,1,T2R,35.50,T2A,35.00,T2F,0,P1,6.925,P1V,2.568,P1F,0,P2,0.003,P2V,1.892,P2F,0,IgR,0
2025-09-03 20:24:46.962,T,7075465,SR,144,SF,0,T1R,-2048.25,T1A,-2048.00,T1F,1,T2R,35.50,T2A,35.00,T2F,0,P1,6.956,P1V,2.573,P1F,0,P2,0.003,P2V,1.892,P2F,0,IgR,0
2025-09-03 20:24:47.190,T,7075694,SR,144,SF,0,T1R,-2048.25,T1A,-2048.00,T1F,1,T2R,35.50,T2A,35.00,T2F,0,P1,6.945,P1V,2.572,P1F,0,P2,0.004,P2V,1.893,P2F,0,IgR,0
2025-09-03 20:24:47.417,T,7075921,SR,144,SF,0,T1R,-2048.25,T1A,-2048.00,T1F,1,T2R,35.50,T2A,35.00,T2F,0,P1,6.940,P1V,2.571,P1F,0,P2,0.003,P2V,1.892,P2F,0,IgR,0
2025-09-03 20:24:47.646,T,7076149,SR,144,SF,0,T1R,-2048.25,T1A,-2048.00,T1F,1,T2R,35.25,T2A,35.00,T2F,0,P1,6.945,P1V,2.572,P1F,0,P2,0.004,P2V,1.893,P2F,0,IgR,0
2025-09-03 20:24:47.873,T,7076377,SR,144,SF,0,T1R,-2048.25,T1A,-2048.00,T1F,1,T2R,35.50,T2A,35.00,T2F,0,P1,6.930,P1V,2.569,P1F,0,P2,0.003,P2V,1.892,P2F,0,IgR,0
2025-09-03 20:24:48.101,T,7076605,SR,144,SF,0,T1R,-2048.25,T1A,-2048.00,T1F,1,T2R,35.50,T2A,35.00,T2F,0,P1,6.956,P1V,2.573,P1F,0,P2,0.006,P2V,1.894,P2F,0,IgR,0
2025-09-03 20:24:48.330,T,7076833,SR,144,SF,0,T1R,-2048.25,T1A,-2048.00,T1F,1,T2R,35.50,T2A,35.00,T2F,0,P1,6.940,P1V,2.571,P1F,0,P2,0.004,P2V,1.893,P2F,0,IgR,0
2025-09-03 20:24:48.557,T,7077061,SR,144,SF,0,T1R,-2048.25,T1A,-2048.00,T1F,1,T2R,35.50,T2A,35.00,T2F,0,P1,6.945,P1V,2.572,P1F,0,P2,0.002,P2V,1.891,P2F,0,IgR,0
2025-09-03 20:24:48.786,T,7077289,SR,144,SF,0,T1R,-2048.25,T1A,-2048.00,T1F,1,T2R,35.25,T2A,35.00,T2F,0,P1,6.951,P1V,2.572,P1F,0,P2,0.003,P2V,1.892,P2F,0,IgR,0
2025-09-03 20:24:49.014,T,7077517,SR,144,SF,0,T1R,-2048.25,T1A,-2048.00,T1F,1,T2R,35.50,T2A,35.00,T2F,0,P1,6.925,P1V,2.568,P1F,0,P2,0.002,P2V,1.891,P2F,0,IgR,0
2025-09-03 20:24:49.242,T,7077745,SR,144,SF,0,T1R,-2048.25,T1A,-2048.00,T1F,1,T2R,35.25,T2A,35.00,T2F,0,P1,6.966,P1V,2.575,P1F,0,P2,0.004,P2V,1.893,P2F,0,IgR,0
2025-09-03 20:24:49.470,T,7077974,SR,144,SF,0,T1R,-2048.25,T1A,-2048.00,T1F,1,T2R,35.50,T2A,35.00,T2F,0,P1,6.935,P1V,2.570,P1F,0,P2,0.002,P2V,1.891,P2F,0,IgR,0
2025-09-03 20:24:49.697,T,7078201,SR,144,SF,0,T1R,-2048.25,T1A,-2048.00,T1F,1,T2R,35.50,T2A,35.00,T2F,0,P1,6.940,P1V,2.571,P1F,0,P2,0.002,P2V,1.891,P2F,0,IgR,0
2025-09-03 20:24:49.925,T,7078429,SR,144,SF,0,T1R,-2048.25,T1A,-2048.00,T1F,1,T2R,35.25,T2A,35.00,T2F,0,P1,6.940,P1V,2.571,P1F,0,P2,0.003,P2V,1.892,P2F,0,IgR,0
2025-09-03 20:24:50.153,T,7078657,SR,144,SF,0,T1R,-2048.25,T1A,-2048.00,T1F,1,T2R,35.25,T2A,35.00,T2F,0,P1,6.930,P1V,2.569,P1F,0,P2,0.003,P2V,1.892,P2F,0,IgR,0
2025-09-03 20:24:50.381,T,7078885,SR,144,SF,0,T1R,-2048.25,T1A,-2048.00,T1F,1,T2R,35.25,T2A,35.00,T2F,0,P1,6.945,P1V,2.572,P1F,0,P2,0.006,P2V,1.894,P2F,0,IgR,0
2025-09-03 20:24:50.609,T,7079114,SR,144,SF,0,T1R,-2048.25,T1A,-2048.00,T1F,1,T2R,35.25,T2A,35.00,T2F,0,P1,6.935,P1V,2.570,P1F,0,P2,0.003,P2V,1.892,P2F,0,IgR,0
2025-09-03 20:24:50.838,T,7079341,SR,144,SF,0,T1R,-2048.25,T1A,-2048.00,T1F,1,T2R,35.25,T2A,35.00,T2F,0,P1,6.945,P1V,2.572,P1F,0,P2,0.006,P2V,1.894,P2F,0,IgR,0
2025-09-03 20:24:51.066,T,7079569,SR,144,SF,0,T1R,-2048.25,T1A,-2048.00,T1F,1,T2R,35.25,T2A,35.00,T2F,0,P1,6.940,P1V,2.571,P1F,0,P2,0.003,P2V,1.892,P2F,0,IgR,0
2025-09-03 20:24:51.294,T,7079797,SR,144,SF,0,T1R,-2048.25,T1A,-2048.00,T1F,1,T2R,35.25,T2A,35.00,T2F,0,P1,6.920,P1V,2.567,P1F,0,P2,0.003,P2V,1.892,P2F,0,IgR,0
2025-09-03 20:24:51.522,T,7080025,SR,144,SF,0,T1R,-2048.25,T1A,-2048.00,T1F,1,T2R,35.25,T2A,35.00,T2F,0,P1,6.945,P1V,2.572,P1F,0,P2,0.003,P2V,1.892,P2F,0,IgR,0
2025-09-03 20:24:51.750,T,7080253,SR,144,SF,0,T1R,-2048.25,T1A,-2048.00,T1F,1,T2R,35.25,T2A,35.00,T2F,0,P1,6.935,P1V,2.570,P1F,0,P2,0.003,P2V,1.892,P2F,0,IgR,0
2025-09-03 20:24:51.977,T,7080481,SR,144,SF,0,T1R,-2048.25,T1A,-2048.00,T1F,1,T2R,35.25,T2A,35.00,T2F,0,P1,6.951,P1V,2.572,P1F,0,P2,0.003,P2V,1.892,P2F,0,IgR,0
2025-09-03 20:24:52.205,T,7080709,SR,144,SF,0,T1R,-2048.25,T1A,-2048.00,T1F,1,T2R,35.25,T2A,35.00,T2F,0,P1,6.935,P1V,2.570,P1F,0,P2,0.006,P2V,1.894,P2F,0,IgR,0
2025-09-03 20:24:52.433,T,7080937,SR,144,SF,0,T1R,-2048.25,T1A,-2048.00,T1F,1,T2R,35.25,T2A,35.00,T2F,0,P1,6.930,P1V,2.569,P1F,0,P2,0.003,P2V,1.892,P2F,0,IgR,0
2025-09-03 20:24:52.661,T,7081165,SR,144,SF,0,T1R,-2048.25,T1A,-2048.00,T1F,1,T2R,35.25,T2A,35.00,T2F,0,P1,6.940,P1V,2.571,P1F,0,P2,0.004,P2V,1.893,P2F,0,IgR,0
2025-09-03 20:24:52.890,T,7081393,SR,144,SF,0,T1R,-2048.25,T1A,-2048.00,T1F,1,T2R,35.25,T2A,35.00,T2F,0,P1,6.930,P1V,2.569,P1F,0,P2,0.004,P2V,1.893,P2F,0,IgR,0
2025-09-03 20:24:53.118,T,7081621,SR,144,SF,0,T1R,-2048.25,T1A,-2048.00,T1F,1,T2R,35.25,T2A,35.00,T2F,0,P1,6.961,P1V,2.574,P1F,0,P2,0.008,P2V,1.895,P2F,0,IgR,0
2025-09-03 20:24:53.346,T,7081849,SR,144,SF,0,T1R,-2048.25,T1A,-2048.00,T1F,1,T2R,35.25,T2A,35.00,T2F,0,P1,6.935,P1V,2.570,P1F,0,P2,0.002,P2V,1.891,P2F,0,IgR,0
2025-09-03 20:24:53.574,T,7082077,SR,144,SF,0,T1R,-2048.25,T1A,-2048.00,T1F,1,T2R,35.25,T2A,35.00,T2F,0,P1,6.920,P1V,2.567,P1F,0,P2,0.004,P2V,1.893,P2F,0,IgR,0
2025-09-03 20:24:53.802,T,7082305,SR,144,SF,0,T1R,-2048.25,T1A,-2048.00,T1F,1,T2R,35.25,T2A,35.00,T2F,0,P1,6.940,P1V,2.571,P1F,0,P2,0.003,P2V,1.892,P2F,0,IgR,0
2025-09-03 20:24:54.030,T,7082533,SR,144,SF,0,T1R,-2048.25,T1A,-2048.00,T1F,1,T2R,35.25,T2A,35.00,T2F,0,P1,6.925,P1V,2.568,P1F,0,P2,0.003,P2V,1.892,P2F,0,IgR,0
2025-09-03 20:24:54.257,T,7082761,SR,144,SF,0,T1R,-2048.25,T1A,-2048.00,T1F,1,T2R,35.25,T2A,35.00,T2F,0,P1,6.951,P1V,2.572,P1F,0,P2,0.004,P2V,1.893,P2F,0,IgR,0
2025-09-03 20:24:54.485,T,7082989,SR,144,SF,0,T1R,-2048.25,T1A,-2048.00,T1F,1,T2R,35.00,T2A,35.00,T2F,0,P1,6.935,P1V,2.570,P1F,0,P2,0.003,P2V,1.892,P2F,0,IgR,0
2025-09-03 20:24:54.713,T,7083217,SR,144,SF,0,T1R,-2048.25,T1A,-2048.00,T1F,1,T2R,35.00,T2A,35.00,T2F,0,P1,6.930,P1V,2.569,P1F,0,P2,0.002,P2V,1.891,P2F,0,IgR,0
2025-09-03 20:24:54.941,T,7083445,SR,144,SF,0,T1R,-2048.25,T1A,-2048.00,T1F,1,T2R,35.00,T2A,35.00,T2F,0,P1,6.940,P1V,2.571,P1F,0,P2,0.004,P2V,1.893,P2F,0,IgR,0
2025-09-03 20:24:55.169,T,7083673,SR,144,SF,0,T1R,-2048.25,T1A,-2048.00,T1F,1,T2R,35.25,T2A,35.00,T2F,0,P1,6.920,P1V,2.567,P1F,0,P2,0.003,P2V,1.892,P2F,0,IgR,0
2025-09-03 20:24:55.398,T,7083901,SR,144,SF,0,T1R,-2048.25,T1A,-2048.00,T1F,1,T2R,35.00,T2A,35.00,T2F,0,P1,6.945,P1V,2.572,P1F,0,P2,0.006,P2V,1.894,P2F,0,IgR,0
2025-09-03 20:24:55.625,T,7084129,SR,144,SF,0,T1R,-2048.25,T1A,-2048.00,T1F,1,T2R,35.00,T2A,35.00,T2F,0,P1,6.930,P1V,2.569,P1F,0,P2,0.003,P2V,1.892,P2F,0,IgR,0
2025-09-03 20:24:55.853,T,7084357,SR,144,SF,0,T1R,-2048.25,T1A,-2048.00,T1F,1,T2R,35.00,T2A,35.00,T2F,0,P1,6.925,P1V,2.568,P1F,0,P2,0.003,P2V,1.892,P2F,0,IgR,0
2025-09-03 20:24:56.081,T,7084585,SR,144,SF,0,T1R,-2048.25,T1A,-2048.00,T1F,1,T2R,35.00,T2A,35.00,T2F,0,P1,6.935,P1V,2.570,P1F,0,P2,0.004,P2V,1.893,P2F,0,IgR,0
2025-09-03 20:24:56.309,T,7084814,SR,144,SF,0,T1R,-2048.25,T1A,-2048.00,T1F,1,T2R,35.00,T2A,35.00,T2F,0,P1,6.910,P1V,2.566,P1F,0,P2,0.004,P2V,1.893,P2F,0,IgR,0
2025-09-03 20:24:56.537,T,7085041,SR,144,SF,0,T1R,-2048.25,T1A,-2048.00,T1F,1,T2R,35.00,T2A,35.00,T2F,0,P1,6.940,P1V,2.571,P1F,0,P2,0.004,P2V,1.893,P2F,0,IgR,0
2025-09-03 20:24:56.765,T,7085269,SR,144,SF,0,T1R,-2048.25,T1A,-2048.00,T1F,1,T2R,35.00,T2A,35.00,T2F,0,P1,6.930,P1V,2.569,P1F,0,P2,0.003,P2V,1.892,P2F,0,IgR,0
2025-09-03 20:24:56.993,T,7085497,SR,144,SF,0,T1R,-2048.25,T1A,-2048.00,T1F,1,T2R,35.00,T2A,35.00,T2F,0,P1,6.930,P1V,2.569,P1F,0,P2,0.003,P2V,1.892,P2F,0,IgR,0
2025-09-03 20:24:57.221,T,7085725,SR,144,SF,0,T1R,-2048.25,T1A,-2048.00,T1F,1,T2R,35.00,T2A,35.00,T2F,0,P1,6.935,P1V,2.570,P1F,0,P2,0.004,P2V,1.893,P2F,0,IgR,0
2025-09-03 20:24:57.450,T,7085954,SR,144,SF,0,T1R,-2048.25,T1A,-2048.00,T1F,1,T2R,35.00,T2A,35.00,T2F,0,P1,6.915,P1V,2.567,P1F,0,P2,0.003,P2V,1.892,P2F,0,IgR,0
2025-09-03 20:24:57.678,T,7086181,SR,144,SF,0,T1R,-2048.25,T1A,-2048.00,T1F,1,T2R,35.00,T2A,35.00,T2F,0,P1,6.940,P1V,2.571,P1F,0,P2,0.006,P2V,1.894,P2F,0,IgR,0
2025-09-03 20:24:57.905,T,7086409,SR,144,SF,0,T1R,-2048.25,T1A,-2048.00,T1F,1,T2R,35.00,T2A,35.00,T2F,0,P1,6.920,P1V,2.567,P1F,0,P2,0.003,P2V,1.892,P2F,0,IgR,0
2025-09-03 20:24:58.133,T,7086637,SR,144,SF,0,T1R,-2048.25,T1A,-2048.00,T1F,1,T2R,35.00,T2A,35.00,T2F,0,P1,6.925,P1V,2.568,P1F,0,P2,0.004,P2V,1.893,P2F,0,IgR,0
2025-09-03 20:24:58.361,T,7086865,SR,144,SF,0,T1R,-2048.25,T1A,-2048.00,T1F,1,T2R,35.00,T2A,35.00,T2F,0,P1,6.930,P1V,2.569,P1F,0,P2,0.003,P2V,1.892,P2F,0,IgR,0
2025-09-03 20:24:58.589,T,7087093,SR,144,SF,0,T1R,-2048.25,T1A,-2048.00,T1F,1,T2R,35.00,T2A,35.00,T2F,0,P1,6.915,P1V,2.567,P1F,0,P2,0.006,P2V,1.894,P2F,0,IgR,0
2025-09-03 20:24:58.818,T,7087321,SR,144,SF,0,T1R,-2048.25,T1A,-2048.00,T1F,1,T2R,35.00,T2A,35.00,T2F,0,P1,6.940,P1V,2.571,P1F,0,P2,0.006,P2V,1.894,P2F,0,IgR,0
2025-09-03 20:24:59.045,T,7087549,SR,144,SF,0,T1R,-2048.25,T1A,-2048.00,T1F,1,T2R,35.00,T2A,35.00,T2F,0,P1,6.920,P1V,2.567,P1F,0,P2,0.003,P2V,1.892,P2F,0,IgR,0
2025-09-03 20:24:59.274,T,7087777,SR,144,SF,0,T1R,-2048.25,T1A,-2048.00,T1F,1,T2R,35.00,T2A,35.00,T2F,0,P1,6.930,P1V,2.569,P1F,0,P2,0.004,P2V,1.893,P2F,0,IgR,0
2025-09-03 20:24:59.502,T,7088005,SR,144,SF,0,T1R,-2048.25,T1A,-2048.00,T1F,1,T2R,35.00,T2A,35.00,T2F,0,P1,6.935,P1V,2.570,P1F,0,P2,0.004,P2V,1.893,P2F,0,IgR,0
2025-09-03 20:24:59.730,T,7088234,SR,144,SF,0,T1R,-2048.25,T1A,-2048.00,T1F,1,T2R,35.00,T2A,35.00,T2F,0,P1,6.920,P1V,2.567,P1F,0,P2,0.003,P2V,1.892,P2F,0,IgR,0
2025-09-03 20:24:59.957,T,7088461,SR,144,SF,0,T1R,-2048.25,T1A,-2048.00,T1F,1,T2R,35.00,T2A,35.00,T2F,0,P1,6.935,P1V,2.570,P1F,0,P2,0.003,P2V,1.892,P2F,0,IgR,0
2025-09-03 20:25:00.185,T,7088689,SR,144,SF,0,T1R,-2048.25,T1A,-2048.00,T1F,1,T2R,35.00,T2A,35.00,T2F,0,P1,6.920,P1V,2.567,P1F,0,P2,0.003,P2V,1.892,P2F,0,IgR,0
2025-09-03 20:25:00.413,T,7088917,SR,144,SF,0,T1R,-2048.25,T1A,-2048.00,T1F,1,T2R,35.00,T2A,35.00,T2F,0,P1,6.930,P1V,2.569,P1F,0,P2,0.002,P2V,1.891,P2F,0,IgR,0
2025-09-03 20:25:00.641,T,7089145,SR,144,SF,0,T1R,-2048.25,T1A,-2048.00,T1F,1,T2R,35.00,T2A,35.00,T2F,0,P1,6.925,P1V,2.568,P1F,0,P2,0.004,P2V,1.893,P2F,0,IgR,0
2025-09-03 20:25:00.869,T,7089373,SR,144,SF,0,T1R,-2048.25,T1A,-2048.00,T1F,1,T2R,35.25,T2A,35.00,T2F,0,P1,6.925,P1V,2.568,P1F,0,P2,0.006,P2V,1.894,P2F,0,IgR,0
2025-09-03 20:25:01.097,T,7089601,SR,144,SF,0,T1R,-2048.25,T1A,-2048.00,T1F,1,T2R,35.00,T2A,35.00,T2F,0,P1,6.925,P1V,2.568,P1F,0,P2,0.003,P2V,1.892,P2F,0,IgR,0
2025-09-03 20:25:01.325,T,7089829,SR,144,SF,0,T1R,-2048.25,T1A,-2048.00,T1F,1,T2R,35.00,T2A,35.00,T2F,0,P1,6.930,P1V,2.569,P1F,0,P2,0.004,P2V,1.893,P2F,0,IgR,0
2025-09-03 20:25:01.554,T,7090057,SR,144,SF,0,T1R,-2048.25,T1A,-2048.00,T1F,1,T2R,35.00,T2A,35.00,T2F,0,P1,6.930,P1V,2.569,P1F,0,P2,0.004,P2V,1.893,P2F,0,IgR,0
2025-09-03 20:25:01.782,T,7090285,SR,144,SF,0,T1R,-2048.25,T1A,-2048.00,T1F,1,T2R,35.00,T2A,35.00,T2F,0,P1,6.925,P1V,2.568,P1F,0,P2,0.003,P2V,1.892,P2F,0,IgR,0
2025-09-03 20:25:02.010,T,7090513,SR,144,SF,0,T1R,-2048.25,T1A,-2048.00,T1F,1,T2R,35.00,T2A,35.00,T2F,0,P1,6.915,P1V,2.567,P1F,0,P2,0.004,P2V,1.893,P2F,0,IgR,0
2025-09-03 20:25:02.237,T,7090741,SR,144,SF,0,T1R,-2048.25,T1A,-2048.00,T1F,1,T2R,35.00,T2A,35.00,T2F,0,P1,6.925,P1V,2.568,P1F,0,P2,0.003,P2V,1.892,P2F,0,IgR,0
2025-09-03 20:25:02.466,T,7090969,SR,144,SF,0,T1R,-2048.25,T1A,-2048.00,T1F,1,T2R,35.00,T2A,35.00,T2F,0,P1,6.920,P1V,2.567,P1F,0,P2,0.003,P2V,1.892,P2F,0,IgR,0
2025-09-03 20:25:02.693,T,7091197,SR,144,SF,0,T1R,-2048.25,T1A,-2048.00,T1F,1,T2R,35.00,T2A,35.00,T2F,0,P1,6.945,P1V,2.572,P1F,0,P2,0.006,P2V,1.894,P2F,0,IgR,0
2025-09-03 20:25:02.921,T,7091425,SR,144,SF,0,T1R,-2048.25,T1A,-2048.00,T1F,1,T2R,35.00,T2A,35.00,T2F,0,P1,6.930,P1V,2.569,P1F,0,P2,0.006,P2V,1.894,P2F,0,IgR,0
2025-09-03 20:25:03.149,T,7091654,SR,144,SF,0,T1R,-2048.25,T1A,-2048.00,T1F,1,T2R,35.00,T2A,35.00,T2F,0,P1,6.915,P1V,2.567,P1F,0,P2,0.003,P2V,1.892,P2F,0,IgR,0
2025-09-03 20:25:03.377,T,7091881,SR,144,SF,0,T1R,-2048.25,T1A,-2048.00,T1F,1,T2R,35.00,T2A,35.00,T2F,0,P1,6.925,P1V,2.568,P1F,0,P2,0.004,P2V,1.893,P2F,0,IgR,0
2025-09-03 20:25:03.606,T,7092109,SR,144,SF,0,T1R,-2048.25,T1A,-2048.00,T1F,1,T2R,35.00,T2A,35.00,T2F,0,P1,6.910,P1V,2.566,P1F,0,P2,0.003,P2V,1.892,P2F,0,IgR,0
2025-09-03 20:25:03.833,T,7092337,SR,144,SF,0,T1R,-2048.25,T1A,-2048.00,T1F,1,T2R,35.00,T2A,35.00,T2F,0,P1,6.935,P1V,2.570,P1F,0,P2,0.003,P2V,1.892,P2F,0,IgR,0
2025-09-03 20:25:04.062,T,7092565,SR,144,SF,0,T1R,-2048.25,T1A,-2048.00,T1F,1,T2R,35.00,T2A,35.00,T2F,0,P1,6.915,P1V,2.567,P1F,0,P2,0.003,P2V,1.892,P2F,0,IgR,0
2025-09-03 20:25:04.289,T,7092793,SR,144,SF,0,T1R,-2048.25,T1A,-2048.00,T1F,1,T2R,35.00,T2A,35.00,T2F,0,P1,6.910,P1V,2.566,P1F,0,P2,0.003,P2V,1.892,P2F,0,IgR,0
2025-09-03 20:25:04.517,T,7093021,SR,144,SF,0,T1R,-2048.25,T1A,-2048.00,T1F,1,T2R,35.00,T2A,35.00,T2F,0,P1,6.925,P1V,2.568,P1F,0,P2,0.004,P2V,1.893,P2F,0,IgR,0
2025-09-03 20:25:04.745,T,7093249,SR,144,SF,0,T1R,-2048.25,T1A,-2048.00,T1F,1,T2R,35.00,T2A,35.00,T2F,0,P1,6.895,P1V,2.563,P1F,0,P2,0.002,P2V,1.891,P2F,0,IgR,0
2025-09-03 20:25:04.973,T,7093477,SR,144,SF,0,T1R,-2048.25,T1A,-2048.00,T1F,1,T2R,35.00,T2A,35.00,T2F,0,P1,6.930,P1V,2.569,P1F,0,P2,0.004,P2V,1.893,P2F,0,IgR,0
2025-09-03 20:25:05.201,T,7093705,SR,144,SF,0,T1R,-2048.25,T1A,-2048.00,T1F,1,T2R,35.00,T2A,35.00,T2F,0,P1,6.920,P1V,2.567,P1F,0,P2,0.003,P2V,1.892,P2F,0,IgR,0
2025-09-03 20:25:05.429,T,7093933,SR,144,SF,0,T1R,-2048.25,T1A,-2048.00,T1F,1,T2R,35.00,T2A,35.00,T2F,0,P1,6.910,P1V,2.566,P1F,0,P2,0.003,P2V,1.892,P2F,0,IgR,0
2025-09-03 20:25:05.658,T,7094161,SR,144,SF,0,T1R,-2048.25,T1A,-2048.00,T1F,1,T2R,35.00,T2A,35.00,T2F,0,P1,6.920,P1V,2.567,P1F,0,P2,0.004,P2V,1.893,P2F,0,IgR,0
2025-09-03 20:25:05.885,T,7094389,SR,144,SF,0,T1R,-2048.25,T1A,-2048.00,T1F,1,T2R,35.00,T2A,35.00,T2F,0,P1,6.900,P1V,2.564,P1F,0,P2,0.003,P2V,1.892,P2F,0,IgR,0
2025-09-03 20:25:06.113,T,7094617,SR,144,SF,0,T1R,-2048.25,T1A,-2048.00,T1F,1,T2R,35.00,T2A,35.00,T2F,0,P1,6.930,P1V,2.569,P1F,0,P2,0.004,P2V,1.893,P2F,0,IgR,0
2025-09-03 20:25:06.341,T,7094845,SR,144,SF,0,T1R,-2048.25,T1A,-2048.00,T1F,1,T2R,35.00,T2A,35.00,T2F,0,P1,6.915,P1V,2.567,P1F,0,P2,0.006,P2V,1.894,P2F,0,IgR,0
2025-09-03 20:25:06.569,T,7095073,SR,144,SF,0,T1R,-2048.25,T1A,-2048.00,T1F,1,T2R,35.00,T2A,35.00,T2F,0,P1,6.910,P1V,2.566,P1F,0,P2,0.002,P2V,1.891,P2F,0,IgR,0
2025-09-03 20:25:06.797,T,7095301,SR,144,SF,0,T1R,-2048.25,T1A,-2048.00,T1F,1,T2R,35.00,T2A,35.00,T2F,0,P1,6.930,P1V,2.569,P1F,0,P2,0.003,P2V,1.892,P2F,0,IgR,0
2025-09-03 20:25:07.025,T,7095529,SR,144,SF,0,T1R,-2048.25,T1A,-2048.00,T1F,1,T2R,35.00,T2A,35.00,T2F,0,P1,6.890,P1V,2.563,P1F,0,P2,0.003,P2V,1.892,P2F,0,IgR,0
2025-09-03 20:25:07.253,T,7095757,SR,144,SF,0,T1R,-2048.25,T1A,-2048.00,T1F,1,T2R,35.00,T2A,35.00,T2F,0,P1,6.930,P1V,2.569,P1F,0,P2,0.004,P2V,1.893,P2F,0,IgR,0
2025-09-03 20:25:07.481,T,7095985,SR,144,SF,0,T1R,-2048.25,T1A,-2048.00,T1F,1,T2R,35.00,T2A,35.00,T2F,0,P1,6.910,P1V,2.566,P1F,0,P2,0.003,P2V,1.892,P2F,0,IgR,0
2025-09-03 20:25:07.709,T,7096213,SR,144,SF,0,T1R,-2048.25,T1A,-2048.00,T1F,1,T2R,35.00,T2A,35.00,T2F,0,P1,6.915,P1V,2.567,P1F,0,P2,0.003,P2V,1.892,P2F,0,IgR,0
2025-09-03 20:25:07.937,T,7096441,SR,144,SF,0,T1R,-2048.25,T1A,-2048.00,T1F,1,T2R,35.00,T2A,35.00,T2F,0,P1,6.920,P1V,2.567,P1F,0,P2,0.003,P2V,1.892,P2F,0,IgR,0
2025-09-03 20:25:08.165,T,7096669,SR,144,SF,0,T1R,-2048.25,T1A,-2048.00,T1F,1,T2R,35.00,T2A,35.00,T2F,0,P1,6.900,P1V,2.564,P1F,0,P2,0.004,P2V,1.893,P2F,0,IgR,0
2025-09-03 20:25:08.393,T,7096897,SR,144,SF,0,T1R,-2048.25,T1A,-2048.00,T1F,1,T2R,35.00,T2A,35.00,T2F,0,P1,6.930,P1V,2.569,P1F,0,P2,0.004,P2V,1.893,P2F,0,IgR,0
2025-09-03 20:25:08.622,T,7097125,SR,144,SF,0,T1R,-2048.25,T1A,-2048.00,T1F,1,T2R,35.25,T2A,35.00,T2F,0,P1,6.910,P1V,2.566,P1F,0,P2,0.003,P2V,1.892,P2F,0,IgR,0
2025-09-03 20:25:08.849,T,7097353,SR,144,SF,0,T1R,-2048.25,T1A,-2048.00,T1F,1,T2R,35.00,T2A,35.00,T2F,0,P1,6.905,P1V,2.565,P1F,0,P2,0.003,P2V,1.892,P2F,0,IgR,0
2025-09-03 20:25:09.077,T,7097581,SR,144,SF,0,T1R,-2048.25,T1A,-2048.00,T1F,1,T2R,35.00,T2A,35.00,T2F,0,P1,6.910,P1V,2.566,P1F,0,P2,0.003,P2V,1.892,P2F,0,IgR,0
2025-09-03 20:25:09.305,T,7097809,SR,144,SF,0,T1R,-2048.25,T1A,-2048.00,T1F,1,T2R,35.00,T2A,35.00,T2F,0,P1,6.895,P1V,2.563,P1F,0,P2,0.002,P2V,1.891,P2F,0,IgR,0
2025-09-03 20:25:09.533,T,7098037,SR,144,SF,0,T1R,-2048.25,T1A,-2048.00,T1F,1,T2R,35.00,T2A,35.00,T2F,0,P1,6.920,P1V,2.567,P1F,0,P2,0.006,P2V,1.894,P2F,0,IgR,0
2025-09-03 20:25:09.761,T,7098265,SR,144,SF,0,T1R,-2048.25,T1A,-2048.00,T1F,1,T2R,35.00,T2A,35.00,T2F,0,P1,6.910,P1V,2.566,P1F,0,P2,0.003,P2V,1.892,P2F,0,IgR,0
2025-09-03 20:25:09.989,T,7098493,SR,144,SF,0,T1R,-2048.25,T1A,-2048.00,T1F,1,T2R,35.00,T2A,35.00,T2F,0,P1,6.910,P1V,2.566,P1F,0,P2,0.003,P2V,1.892,P2F,0,IgR,0
2025-09-03 20:25:10.217,T,7098721,SR,144,SF,0,T1R,-2048.25,T1A,-2048.00,T1F,1,T2R,35.00,T2A,35.00,T2F,0,P1,6.910,P1V,2.566,P1F,0,P2,0.004,P2V,1.893,P2F,0,IgR,0
2025-09-03 20:25:10.445,T,7098949,SR,144,SF,0,T1R,-2048.25,T1A,-2048.00,T1F,1,T2R,35.00,T2A,35.00,T2F,0,P1,6.895,P1V,2.563,P1F,0,P2,0.006,P2V,1.894,P2F,0,IgR,0
2025-09-03 20:25:10.674,T,7099177,SR,144,SF,0,T1R,-2048.25,T1A,-2048.00,T1F,1,T2R,35.25,T2A,35.00,T2F,0,P1,6.915,P1V,2.567,P1F,0,P2,0.003,P2V,1.892,P2F,0,IgR,0
2025-09-03 20:25:10.901,T,7099405,SR,144,SF,0,T1R,-2048.25,T1A,-2048.00,T1F,1,T2R,35.00,T2A,35.00,T2F,0,P1,6.910,P1V,2.566,P1F,0,P2,0.004,P2V,1.893,P2F,0,IgR,0
2025-09-03 20:25:11.129,T,7099633,SR,144,SF,0,T1R,-2048.25,T1A,-2048.00,T1F,1,T2R,35.00,T2A,35.00,T2F,0,P1,6.915,P1V,2.567,P1F,0,P2,0.006,P2V,1.894,P2F,0,IgR,0
2025-09-03 20:25:11.357,T,7099861,SR,144,SF,0,T1R,-2048.25,T1A,-2048.00,T1F,1,T2R,35.00,T2A,35.00,T2F,0,P1,6.905,P1V,2.565,P1F,0,P2,0.004,P2V,1.893,P2F,0,IgR,0
2025-09-03 20:25:11.585,T,7100089,SR,144,SF,0,T1R,-2048.25,T1A,-2048.00,T1F,1,T2R,35.25,T2A,35.00,T2F,0,P1,6.895,P1V,2.563,P1F,0,P2,0.006,P2V,1.894,P2F,0,IgR,0
2025-09-03 20:25:11.813,T,7100317,SR,144,SF,0,T1R,-2048.25,T1A,-2048.00,T1F,1,T2R,35.25,T2A,35.00,T2F,0,P1,6.915,P1V,2.567,P1F,0,P2,0.006,P2V,1.894,P2F,0,IgR,0
2025-09-03 20:25:12.041,T,7100545,SR,144,SF,0,T1R,-2048.25,T1A,-2048.00,T1F,1,T2R,35.25,T2A,35.00,T2F,0,P1,6.900,P1V,2.564,P1F,0,P2,0.003,P2V,1.892,P2F,0,IgR,0
2025-09-03 20:25:12.270,T,7100773,SR,144,SF,0,T1R,-2048.25,T1A,-2048.00,T1F,1,T2R,35.00,T2A,35.00,T2F,0,P1,6.915,P1V,2.567,P1F,0,P2,0.006,P2V,1.894,P2F,0,IgR,0
2025-09-03 20:25:12.497,T,7101001,SR,144,SF,0,T1R,-2048.25,T1A,-2048.00,T1F,1,T2R,35.00,T2A,35.00,T2F,0,P1,6.915,P1V,2.567,P1F,0,P2,0.004,P2V,1.893,P2F,0,IgR,0
2025-09-03 20:25:12.724,T,7101229,SR,144,SF,0,T1R,-2048.25,T1A,-2048.00,T1F,1,T2R,35.00,T2A,35.00,T2F,0,P1,6.895,P1V,2.563,P1F,0,P2,0.002,P2V,1.891,P2F,0,IgR,0
2025-09-03 20:25:12.954,T,7101457,SR,144,SF,0,T1R,-2048.25,T1A,-2048.00,T1F,1,T2R,35.00,T2A,35.00,T2F,0,P1,6.915,P1V,2.567,P1F,0,P2,0.006,P2V,1.894,P2F,0,IgR,0
2025-09-03 20:25:13.181,T,7101685,SR,144,SF,0,T1R,-2048.25,T1A,-2048.00,T1F,1,T2R,35.00,T2A,35.00,T2F,0,P1,6.900,P1V,2.564,P1F,0,P2,0.002,P2V,1.891,P2F,0,IgR,0
2025-09-03 20:25:13.410,T,7101913,SR,144,SF,0,T1R,-2048.25,T1A,-2048.00,T1F,1,T2R,35.25,T2A,35.00,T2F,0,P1,6.920,P1V,2.567,P1F,0,P2,0.006,P2V,1.894,P2F,0,IgR,0
2025-09-03 20:25:13.638,T,7102141,SR,144,SF,0,T1R,-2048.25,T1A,-2048.00,T1F,1,T2R,35.00,T2A,35.00,T2F,0,P1,6.900,P1V,2.564,P1F,0,P2,0.004,P2V,1.893,P2F,0,IgR,0
2025-09-03 20:25:13.866,T,7102369,SR,144,SF,0,T1R,-2048.25,T1A,-2048.00,T1F,1,T2R,35.00,T2A,35.00,T2F,0,P1,6.890,P1V,2.563,P1F,0,P2,0.003,P2V,1.892,P2F,0,IgR,0
2025-09-03 20:25:14.094,T,7102597,SR,144,SF,0,T1R,-2048.25,T1A,-2048.00,T1F,1,T2R,35.00,T2A,35.00,T2F,0,P1,6.910,P1V,2.566,P1F,0,P2,0.004,P2V,1.893,P2F,0,IgR,0
2025-09-03 20:25:14.322,T,7102825,SR,144,SF,0,T1R,-2048.25,T1A,-2048.00,T1F,1,T2R,35.25,T2A,35.00,T2F,0,P1,6.885,P1V,2.562,P1F,0,P2,0.003,P2V,1.892,P2F,0,IgR,0
2025-09-03 20:25:14.549,T,7103054,SR,144,SF,0,T1R,-2048.25,T1A,-2048.00,T1F,1,T2R,35.00,T2A,35.00,T2F,0,P1,6.910,P1V,2.566,P1F,0,P2,0.006,P2V,1.894,P2F,0,IgR,0
2025-09-03 20:25:14.777,T,7103281,SR,144,SF,0,T1R,-2048.25,T1A,-2048.00,T1F,1,T2R,35.00,T2A,35.00,T2F,0,P1,6.900,P1V,2.564,P1F,0,P2,0.004,P2V,1.893,P2F,0,IgR,0
2025-09-03 20:25:15.006,T,7103509,SR,144,SF,0,T1R,-2048.25,T1A,-2048.00,T1F,1,T2R,35.25,T2A,35.00,T2F,0,P1,6.890,P1V,2.563,P1F,0,P2,0.003,P2V,1.892,P2F,0,IgR,0
2025-09-03 20:25:15.233,T,7103737,SR,144,SF,0,T1R,-2048.25,T1A,-2048.00,T1F,1,T2R,35.25,T2A,35.00,T2F,0,P1,6.900,P1V,2.564,P1F,0,P2,0.003,P2V,1.892,P2F,0,IgR,0
2025-09-03 20:25:15.461,T,7103965,SR,144,SF,0,T1R,-2048.25,T1A,-2048.00,T1F,1,T2R,35.25,T2A,35.00,T2F,0,P1,6.890,P1V,2.563,P1F,0,P2,0.004,P2V,1.893,P2F,0,IgR,0
2025-09-03 20:25:15.689,T,7104193,SR,144,SF,0,T1R,-2048.25,T1A,-2048.00,T1F,1,T2R,35.00,T2A,35.00,T2F,0,P1,6.915,P1V,2.567,P1F,0,P2,0.004,P2V,1.893,P2F,0,IgR,0
2025-09-03 20:25:15.917,T,7104421,SR,144,SF,0,T1R,-2048.25,T1A,-2048.00,T1F,1,T2R,35.00,T2A,35.00,T2F,0,P1,6.900,P1V,2.564,P1F,0,P2,0.004,P2V,1.893,P2F,0,IgR,0
2025-09-03 20:25:16.145,T,7104649,SR,144,SF,0,T1R,-2048.25,T1A,-2048.00,T1F,1,T2R,35.00,T2A,35.00,T2F,0,P1,6.890,P1V,2.563,P1F,0,P2,0.004,P2V,1.893,P2F,0,IgR,0
2025-09-03 20:25:16.373,T,7104877,SR,144,SF,0,T1R,-2048.25,T1A,-2048.00,T1F,1,T2R,35.25,T2A,35.00,T2F,0,P1,6.900,P1V,2.564,P1F,0,P2,0.003,P2V,1.892,P2F,0,IgR,0
2025-09-03 20:25:16.602,T,7105105,SR,144,SF,0,T1R,-2048.25,T1A,-2048.00,T1F,1,T2R,35.25,T2A,35.00,T2F,0,P1,6.890,P1V,2.563,P1F,0,P2,0.003,P2V,1.892,P2F,0,IgR,0
2025-09-03 20:25:16.829,T,7105333,SR,144,SF,0,T1R,-2048.25,T1A,-2048.00,T1F,1,T2R,35.25,T2A,35.00,T2F,0,P1,6.910,P1V,2.566,P1F,0,P2,0.006,P2V,1.894,P2F,0,IgR,0
2025-09-03 20:25:17.056,T,7105561,SR,144,SF,0,T1R,-2048.25,T1A,-2048.00,T1F,1,T2R,35.00,T2A,35.00,T2F,0,P1,6.895,P1V,2.563,P1F,0,P2,0.004,P2V,1.893,P2F,0,IgR,0
2025-09-03 20:25:17.285,T,7105789,SR,144,SF,0,T1R,-2048.25,T1A,-2048.00,T1F,1,T2R,35.00,T2A,35.00,T2F,0,P1,6.895,P1V,2.563,P1F,0,P2,0.004,P2V,1.893,P2F,0,IgR,0
2025-09-03 20:25:17.515,T,7106017,SR,144,SF,0,T1R,-2048.25,T1A,-2048.00,T1F,1,T2R,35.25,T2A,35.00,T2F,0,P1,6.900,P1V,2.564,P1F,0,P2,0.003,P2V,1.892,P2F,0,IgR,0
2025-09-03 20:25:17.741,T,7106245,SR,144,SF,0,T1R,-2048.25,T1A,-2048.00,T1F,1,T2R,35.00,T2A,35.00,T2F,0,P1,6.885,P1V,2.562,P1F,0,P2,0.004,P2V,1.893,P2F,0,IgR,0
2025-09-03 20:25:17.969,T,7106473,SR,144,SF,0,T1R,-2048.25,T1A,-2048.00,T1F,1,T2R,35.00,T2A,35.00,T2F,0,P1,6.915,P1V,2.567,P1F,0,P2,0.006,P2V,1.894,P2F,0,IgR,0
2025-09-03 20:25:18.197,T,7106701,SR,144,SF,0,T1R,-2048.25,T1A,-2048.00,T1F,1,T2R,35.00,T2A,35.00,T2F,0,P1,6.890,P1V,2.563,P1F,0,P2,0.003,P2V,1.892,P2F,0,IgR,0
2025-09-03 20:25:18.427,T,7106929,SR,144,SF,0,T1R,-2048.25,T1A,-2048.00,T1F,1,T2R,35.00,T2A,35.00,T2F,0,P1,6.890,P1V,2.563,P1F,0,P2,0.003,P2V,1.892,P2F,0,IgR,0
2025-09-03 20:25:18.653,T,7107157,SR,144,SF,0,T1R,-2048.25,T1A,-2048.00,T1F,1,T2R,35.25,T2A,35.00,T2F,0,P1,6.900,P1V,2.564,P1F,0,P2,0.003,P2V,1.892,P2F,0,IgR,0
2025-09-03 20:25:18.881,T,7107385,SR,144,SF,0,T1R,-2048.25,T1A,-2048.00,T1F,1,T2R,35.25,T2A,35.00,T2F,0,P1,6.880,P1V,2.561,P1F,0,P2,0.004,P2V,1.893,P2F,0,IgR,0
2025-09-03 20:25:19.109,T,7107613,SR,144,SF,0,T1R,-2048.25,T1A,-2048.00,T1F,1,T2R,35.25,T2A,35.00,T2F,0,P1,6.905,P1V,2.565,P1F,0,P2,0.004,P2V,1.893,P2F,0,IgR,0
2025-09-03 20:25:19.336,T,7107841,SR,144,SF,0,T1R,-2048.25,T1A,-2048.00,T1F,1,T2R,35.00,T2A,35.00,T2F,0,P1,6.885,P1V,2.562,P1F,0,P2,0.003,P2V,1.892,P2F,0,IgR,0
2025-09-03 20:25:19.564,T,7108069,SR,144,SF,0,T1R,-2048.25,T1A,-2048.00,T1F,1,T2R,35.25,T2A,35.00,T2F,0,P1,6.890,P1V,2.563,P1F,0,P2,0.004,P2V,1.893,P2F,0,IgR,0
2025-09-03 20:25:19.793,T,7108297,SR,144,SF,0,T1R,-2048.25,T1A,-2048.00,T1F,1,T2R,35.25,T2A,35.00,T2F,0,P1,6.900,P1V,2.564,P1F,0,P2,0.006,P2V,1.894,P2F,0,IgR,0
2025-09-03 20:25:20.021,T,7108525,SR,144,SF,0,T1R,-2048.25,T1A,-2048.00,T1F,1,T2R,35.00,T2A,35.00,T2F,0,P1,6.870,P1V,2.559,P1F,0,P2,0.004,P2V,1.893,P2F,0,IgR,0
2025-09-03 20:25:20.249,T,7108754,SR,144,SF,0,T1R,-2048.25,T1A,-2048.00,T1F,1,T2R,35.25,T2A,35.00,T2F,0,P1,6.905,P1V,2.565,P1F,0,P2,0.006,P2V,1.894,P2F,0,IgR,0
2025-09-03 20:25:20.478,T,7108981,SR,144,SF,0,T1R,-2048.25,T1A,-2048.00,T1F,1,T2R,35.00,T2A,35.00,T2F,0,P1,6.895,P1V,2.563,P1F,0,P2,0.003,P2V,1.892,P2F,0,IgR,0
2025-09-03 20:25:20.705,T,7109209,SR,144,SF,0,T1R,-2048.25,T1A,-2048.00,T1F,1,T2R,35.00,T2A,35.00,T2F,0,P1,6.890,P1V,2.563,P1F,0,P2,0.003,P2V,1.892,P2F,0,IgR,0
2025-09-03 20:25:20.933,T,7109437,SR,144,SF,0,T1R,-2048.25,T1A,-2048.00,T1F,1,T2R,35.00,T2A,35.00,T2F,0,P1,6.900,P1V,2.564,P1F,0,P2,0.003,P2V,1.892,P2F,0,IgR,0
2025-09-03 20:25:21.160,T,7109665,SR,144,SF,0,T1R,-2048.25,T1A,-2048.00,T1F,1,T2R,35.00,T2A,35.00,T2F,0,P1,6.875,P1V,2.560,P1F,0,P2,0.004,P2V,1.893,P2F,0,IgR,0
2025-09-03 20:25:21.389,T,7109893,SR,144,SF,0,T1R,-2048.25,T1A,-2048.00,T1F,1,T2R,35.00,T2A,35.00,T2F,0,P1,6.910,P1V,2.566,P1F,0,P2,0.004,P2V,1.893,P2F,0,IgR,0
2025-09-03 20:25:21.617,T,7110121,SR,144,SF,0,T1R,-2048.25,T1A,-2048.00,T1F,1,T2R,35.00,T2A,35.00,T2F,0,P1,6.890,P1V,2.563,P1F,0,P2,0.004,P2V,1.893,P2F,0,IgR,0
2025-09-03 20:25:21.844,T,7110349,SR,144,SF,0,T1R,-2048.25,T1A,-2048.00,T1F,1,T2R,35.25,T2A,35.00,T2F,0,P1,6.890,P1V,2.563,P1F,0,P2,0.003,P2V,1.892,P2F,0,IgR,0
2025-09-03 20:25:22.073,T,7110577,SR,144,SF,0,T1R,-2048.25,T1A,-2048.00,T1F,1,T2R,35.25,T2A,35.00,T2F,0,P1,6.870,P1V,2.559,P1F,0,P2,0.000,P2V,1.891,P2F,0,IgR,0
2025-09-03 20:25:22.301,T,7110805,SR,144,SF,0,T1R,-2048.25,T1A,-2048.00,T1F,1,T2R,35.00,T2A,35.00,T2F,0,P1,6.875,P1V,2.560,P1F,0,P2,0.004,P2V,1.893,P2F,0,IgR,0
2025-09-03 20:25:22.529,T,7111033,SR,144,SF,0,T1R,-2048.25,T1A,-2048.00,T1F,1,T2R,35.00,T2A,35.00,T2F,0,P1,6.905,P1V,2.565,P1F,0,P2,0.004,P2V,1.893,P2F,0,IgR,0
2025-09-03 20:25:22.757,T,7111261,SR,144,SF,0,T1R,-2048.25,T1A,-2048.00,T1F,1,T2R,35.25,T2A,35.00,T2F,0,P1,6.885,P1V,2.562,P1F,0,P2,0.003,P2V,1.892,P2F,0,IgR,0
2025-09-03 20:25:22.985,T,7111489,SR,144,SF,0,T1R,-2048.25,T1A,-2048.00,T1F,1,T2R,35.00,T2A,35.00,T2F,0,P1,6.885,P1V,2.562,P1F,0,P2,0.003,P2V,1.892,P2F,0,IgR,0
2025-09-03 20:25:23.213,T,7111717,SR,144,SF,0,T1R,-2048.25,T1A,-2048.00,T1F,1,T2R,35.00,T2A,35.00,T2F,0,P1,6.890,P1V,2.563,P1F,0,P2,0.004,P2V,1.893,P2F,0,IgR,0
2025-09-03 20:25:23.441,T,7111945,SR,144,SF,0,T1R,-2048.25,T1A,-2048.00,T1F,1,T2R,35.25,T2A,35.00,T2F,0,P1,6.870,P1V,2.559,P1F,0,P2,0.004,P2V,1.893,P2F,0,IgR,0
2025-09-03 20:25:23.668,T,7112173,SR,144,SF,0,T1R,-2048.25,T1A,-2048.00,T1F,1,T2R,35.00,T2A,35.00,T2F,0,P1,6.895,P1V,2.563,P1F,0,P2,0.006,P2V,1.894,P2F,0,IgR,0
2025-09-03 20:25:23.897,T,7112401,SR,144,SF,0,T1R,-2048.25,T1A,-2048.00,T1F,1,T2R,35.25,T2A,35.00,T2F,0,P1,6.880,P1V,2.561,P1F,0,P2,0.004,P2V,1.893,P2F,0,IgR,0
2025-09-03 20:25:24.125,T,7112629,SR,144,SF,0,T1R,-2048.25,T1A,-2048.00,T1F,1,T2R,35.00,T2A,35.00,T2F,0,P1,6.885,P1V,2.562,P1F,0,P2,0.006,P2V,1.894,P2F,0,IgR,0
2025-09-03 20:25:24.353,T,7112857,SR,144,SF,0,T1R,-2048.25,T1A,-2048.00,T1F,1,T2R,35.00,T2A,35.00,T2F,0,P1,6.890,P1V,2.563,P1F,0,P2,0.003,P2V,1.892,P2F,0,IgR,0
2025-09-03 20:25:24.581,T,7113085,SR,144,SF,0,T1R,-2048.25,T1A,-2048.00,T1F,1,T2R,35.00,T2A,35.00,T2F,0,P1,6.859,P1V,2.558,P1F,0,P2,0.003,P2V,1.892,P2F,0,IgR,0
2025-09-03 20:25:24.810,T,7113313,SR,144,SF,0,T1R,-2048.25,T1A,-2048.00,T1F,1,T2R,35.00,T2A,35.00,T2F,0,P1,6.895,P1V,2.563,P1F,0,P2,0.004,P2V,1.893,P2F,0,IgR,0
2025-09-03 20:25:25.037,T,7113541,SR,144,SF,0,T1R,-2048.25,T1A,-2048.00,T1F,1,T2R,35.00,T2A,35.00,T2F,0,P1,6.880,P1V,2.561,P1F,0,P2,0.004,P2V,1.893,P2F,0,IgR,0
2025-09-03 20:25:25.265,T,7113769,SR,144,SF,0,T1R,-2048.25,T1A,-2048.00,T1F,1,T2R,35.00,T2A,35.00,T2F,0,P1,6.885,P1V,2.562,P1F,0,P2,0.006,P2V,1.894,P2F,0,IgR,0
2025-09-03 20:25:25.492,T,7113997,SR,144,SF,0,T1R,-2048.25,T1A,-2048.00,T1F,1,T2R,35.00,T2A,35.00,T2F,0,P1,6.890,P1V,2.563,P1F,0,P2,0.002,P2V,1.891,P2F,0,IgR,0
2025-09-03 20:25:25.721,T,7114225,SR,144,SF,0,T1R,-2048.25,T1A,-2048.00,T1F,1,T2R,35.25,T2A,35.00,T2F,0,P1,6.870,P1V,2.559,P1F,0,P2,0.003,P2V,1.892,P2F,0,IgR,0
2025-09-03 20:25:25.948,T,7114453,SR,144,SF,0,T1R,-2048.25,T1A,-2048.00,T1F,1,T2R,35.00,T2A,35.00,T2F,0,P1,6.890,P1V,2.563,P1F,0,P2,0.004,P2V,1.893,P2F,0,IgR,0
2025-09-03 20:25:26.176,T,7114681,SR,144,SF,0,T1R,-2048.25,T1A,-2048.00,T1F,1,T2R,35.00,T2A,35.00,T2F,0,P1,6.875,P1V,2.560,P1F,0,P2,0.004,P2V,1.893,P2F,0,IgR,0
2025-09-03 20:25:26.405,T,7114909,SR,144,SF,0,T1R,-2048.25,T1A,-2048.00,T1F,1,T2R,35.00,T2A,35.00,T2F,0,P1,6.885,P1V,2.562,P1F,0,P2,0.003,P2V,1.892,P2F,0,IgR,0
2025-09-03 20:25:26.633,T,7115137,SR,144,SF,0,T1R,-2048.25,T1A,-2048.00,T1F,1,T2R,35.00,T2A,35.00,T2F,0,P1,6.885,P1V,2.562,P1F,0,P2,0.003,P2V,1.892,P2F,0,IgR,0
2025-09-03 20:25:26.861,T,7115365,SR,144,SF,0,T1R,-2048.25,T1A,-2048.00,T1F,1,T2R,35.00,T2A,35.00,T2F,0,P1,6.864,P1V,2.559,P1F,0,P2,0.003,P2V,1.892,P2F,0,IgR,0
2025-09-03 20:25:27.179,T,7115593,SR,144,SF,0,T1R,-2048.25,T1A,-2048.00,T1F,1,T2R,35.00,T2A,35.00,T2F,0,P1,6.895,P1V,2.563,P1F,0,P2,0.004,P2V,1.893,P2F,0,IgR,0
2025-09-03 20:25:27.391,T,7115821,SR,144,SF,0,T1R,-2048.25,T1A,-2048.00,T1F,1,T2R,35.00,T2A,35.00,T2F,0,P1,6.875,P1V,2.560,P1F,0,P2,0.004,P2V,1.893,P2F,0,IgR,0
2025-09-03 20:25:27.610,T,7116049,SR,144,SF,0,T1R,-2048.25,T1A,-2048.00,T1F,1,T2R,35.00,T2A,35.00,T2F,0,P1,6.880,P1V,2.561,P1F,0,P2,0.006,P2V,1.894,P2F,0,IgR,0
2025-09-03 20:25:27.823,T,7116277,SR,144,SF,0,T1R,-2048.25,T1A,-2048.00,T1F,1,T2R,35.25,T2A,35.00,T2F,0,P1,6.875,P1V,2.560,P1F,0,P2,0.002,P2V,1.891,P2F,0,IgR,0
2025-09-03 20:25:28.049,T,7116505,SR,144,SF,0,T1R,-2048.25,T1A,-2048.00,T1F,1,T2R,35.00,T2A,35.00,T2F,0,P1,6.870,P1V,2.559,P1F,0,P2,0.004,P2V,1.893,P2F,0,IgR,0
2025-09-03 20:25:28.272,T,7116733,SR,144,SF,0,T1R,-2048.25,T1A,-2048.00,T1F,1,T2R,35.00,T2A,35.00,T2F,0,P1,6.890,P1V,2.563,P1F,0,P2,0.002,P2V,1.891,P2F,0,IgR,0
2025-09-03 20:25:28.489,T,7116961,SR,144,SF,0,T1R,-2048.25,T1A,-2048.00,T1F,1,T2R,35.25,T2A,35.00,T2F,0,P1,6.875,P1V,2.560,P1F,0,P2,0.002,P2V,1.891,P2F,0,IgR,0
2025-09-03 20:25:28.705,T,7117189,SR,144,SF,0,T1R,-2048.25,T1A,-2048.00,T1F,1,T2R,35.00,T2A,35.00,T2F,0,P1,6.885,P1V,2.562,P1F,0,P2,0.003,P2V,1.892,P2F,0,IgR,0
2025-09-03 20:25:28.929,T,7117417,SR,144,SF,0,T1R,-2048.25,T1A,-2048.00,T1F,1,T2R,35.00,T2A,35.00,T2F,0,P1,6.885,P1V,2.562,P1F,0,P2,0.004,P2V,1.893,P2F,0,IgR,0
2025-09-03 20:25:29.142,T,7117645,SR,144,SF,0,T1R,-2048.25,T1A,-2048.00,T1F,1,T2R,35.00,T2A,35.00,T2F,0,P1,6.864,P1V,2.559,P1F,0,P2,0.004,P2V,1.893,P2F,0,IgR,0
2025-09-03 20:25:29.370,T,7117873,SR,144,SF,0,T1R,-2048.25,T1A,-2048.00,T1F,1,T2R,35.00,T2A,35.00,T2F,0,P1,6.890,P1V,2.563,P1F,0,P2,0.004,P2V,1.893,P2F,0,IgR,0
2025-09-03 20:25:29.598,T,7118101,SR,144,SF,0,T1R,-2048.25,T1A,-2048.00,T1F,1,T2R,35.00,T2A,35.00,T2F,0,P1,6.875,P1V,2.560,P1F,0,P2,0.004,P2V,1.893,P2F,0,IgR,0
2025-09-03 20:25:29.824,T,7118329,SR,144,SF,0,T1R,-2048.25,T1A,-2048.00,T1F,1,T2R,35.00,T2A,35.00,T2F,0,P1,6.880,P1V,2.561,P1F,0,P2,0.003,P2V,1.892,P2F,0,IgR,0
2025-09-03 20:25:30.052,T,7118557,SR,144,SF,0,T1R,-2048.25,T1A,-2048.00,T1F,1,T2R,35.00,T2A,35.00,T2F,0,P1,6.875,P1V,2.560,P1F,0,P2,0.004,P2V,1.893,P2F,0,IgR,0
2025-09-03 20:25:30.281,T,7118785,SR,144,SF,0,T1R,-2048.25,T1A,-2048.00,T1F,1,T2R,35.00,T2A,35.00,T2F,0,P1,6.870,P1V,2.559,P1F,0,P2,0.002,P2V,1.891,P2F,0,IgR,0
2025-09-03 20:25:30.508,T,7119014,SR,144,SF,0,T1R,-2048.25,T1A,-2048.00,T1F,1,T2R,35.00,T2A,35.00,T2F,0,P1,6.880,P1V,2.561,P1F,0,P2,0.003,P2V,1.892,P2F,0,IgR,0
2025-09-03 20:25:30.736,T,7119241,SR,144,SF,0,T1R,163.75,T1A,-2048.00,T1F,1,T2R,35.00,T2A,35.00,T2F,0,P1,6.875,P1V,2.560,P1F,0,P2,0.004,P2V,1.893,P2F,0,IgR,0
2025-09-03 20:25:30.965,T,7119469,SR,144,SF,0,T1R,34.75,T1A,-2048.00,T1F,1,T2R,35.00,T2A,35.00,T2F,0,P1,6.880,P1V,2.561,P1F,0,P2,0.004,P2V,1.893,P2F,0,IgR,0
2025-09-03 20:25:31.192,T,7119696,SR,144,SF,0,T1R,34.75,T1A,-2048.00,T1F,1,T2R,35.00,T2A,35.00,T2F,0,P1,6.870,P1V,2.559,P1F,0,P2,0.006,P2V,1.894,P2F,0,IgR,0
2025-09-03 20:25:31.418,T,7119923,SR,144,SF,0,T1R,34.75,T1A,-2048.00,T1F,1,T2R,35.00,T2A,35.00,T2F,0,P1,6.864,P1V,2.559,P1F,0,P2,0.002,P2V,1.891,P2F,0,IgR,0
2025-09-03 20:25:31.645,T,7120150,SR,144,SF,0,T1R,34.75,T1A,34.00,T1F,1,T2R,35.00,T2A,35.00,T2F,0,P1,6.875,P1V,2.560,P1F,0,P2,0.003,P2V,1.892,P2F,0,IgR,0
2025-09-03 20:25:31.872,T,7120377,SR,144,SF,0,T1R,34.75,T1A,34.00,T1F,1,T2R,35.00,T2A,35.00,T2F,0,P1,6.875,P1V,2.560,P1F,0,P2,0.004,P2V,1.893,P2F,0,IgR,0
2025-09-03 20:25:32.100,T,7120604,SR,144,SF,0,T1R,34.75,T1A,34.00,T1F,1,T2R,35.00,T2A,35.00,T2F,0,P1,6.859,P1V,2.558,P1F,0,P2,0.003,P2V,1.892,P2F,0,IgR,0
2025-09-03 20:25:32.327,T,7120831,SR,144,SF,0,T1R,34.75,T1A,34.00,T1F,1,T2R,35.00,T2A,35.00,T2F,0,P1,6.890,P1V,2.563,P1F,0,P2,0.004,P2V,1.893,P2F,0,IgR,0
2025-09-03 20:25:32.552,T,7121058,SR,144,SF,0,T1R,34.75,T1A,34.00,T1F,1,T2R,35.00,T2A,35.00,T2F,0,P1,6.880,P1V,2.561,P1F,0,P2,0.004,P2V,1.893,P2F,0,IgR,0
2025-09-03 20:25:32.781,T,7121286,SR,144,SF,0,T1R,34.75,T1A,34.00,T1F,1,T2R,35.00,T2A,35.00,T2F,0,P1,6.849,P1V,2.556,P1F,0,P2,0.002,P2V,1.891,P2F,0,IgR,0
2025-09-03 20:25:33.007,T,7121512,SR,144,SF,0,T1R,34.75,T1A,34.00,T1F,1,T2R,35.00,T2A,35.00,T2F,0,P1,6.885,P1V,2.562,P1F,0,P2,0.004,P2V,1.893,P2F,0,IgR,0
2025-09-03 20:25:33.234,T,7121739,SR,144,SF,0,T1R,34.75,T1A,34.00,T1F,1,T2R,35.00,T2A,35.00,T2F,0,P1,6.870,P1V,2.559,P1F,0,P2,0.003,P2V,1.892,P2F,0,IgR,0
2025-09-03 20:25:33.461,T,7121966,SR,144,SF,0,T1R,34.75,T1A,34.00,T1F,1,T2R,34.75,T2A,35.00,T2F,0,P1,6.849,P1V,2.556,P1F,0,P2,0.003,P2V,1.892,P2F,0,IgR,0
2025-09-03 20:25:33.688,T,7122193,SR,144,SF,0,T1R,34.75,T1A,34.00,T1F,1,T2R,35.00,T2A,35.00,T2F,0,P1,6.880,P1V,2.561,P1F,0,P2,0.004,P2V,1.893,P2F,0,IgR,0
2025-09-03 20:25:33.915,T,7122421,SR,144,SF,0,T1R,34.75,T1A,34.00,T1F,1,T2R,35.00,T2A,35.00,T2F,0,P1,6.870,P1V,2.559,P1F,0,P2,0.006,P2V,1.894,P2F,0,IgR,0
2025-09-03 20:25:34.142,T,7122647,SR,144,SF,0,T1R,34.75,T1A,34.00,T1F,1,T2R,35.00,T2A,35.00,T2F,0,P1,6.854,P1V,2.557,P1F,0,P2,0.003,P2V,1.892,P2F,0,IgR,0
2025-09-03 20:25:34.370,T,7122874,SR,144,SF,0,T1R,34.75,T1A,34.00,T1F,1,T2R,35.00,T2A,35.00,T2F,0,P1,6.870,P1V,2.559,P1F,0,P2,0.003,P2V,1.892,P2F,0,IgR,0
2025-09-03 20:25:34.597,T,7123101,SR,144,SF,0,T1R,34.75,T1A,34.00,T1F,1,T2R,35.00,T2A,35.00,T2F,0,P1,6.859,P1V,2.558,P1F,0,P2,0.003,P2V,1.892,P2F,0,IgR,0
2025-09-03 20:25:34.824,T,7123328,SR,144,SF,0,T1R,34.75,T1A,34.00,T1F,1,T2R,34.75,T2A,35.00,T2F,0,P1,6.875,P1V,2.560,P1F,0,P2,0.004,P2V,1.893,P2F,0,IgR,0
2025-09-03 20:25:35.051,T,7123555,SR,144,SF,0,T1R,34.75,T1A,34.00,T1F,1,T2R,34.75,T2A,34.00,T2F,0,P1,6.875,P1V,2.560,P1F,0,P2,0.003,P2V,1.892,P2F,0,IgR,0
2025-09-03 20:25:35.277,T,7123782,SR,144,SF,0,T1R,34.75,T1A,34.00,T1F,1,T2R,34.75,T2A,34.00,T2F,0,P1,6.859,P1V,2.558,P1F,0,P2,0.004,P2V,1.893,P2F,0,IgR,0
2025-09-03 20:25:35.504,T,7124009,SR,144,SF,0,T1R,34.75,T1A,34.00,T1F,1,T2R,35.00,T2A,34.00,T2F,0,P1,6.870,P1V,2.559,P1F,0,P2,0.004,P2V,1.893,P2F,0,IgR,0
2025-09-03 20:25:35.731,T,7124236,SR,144,SF,0,T1R,34.50,T1A,34.00,T1F,1,T2R,35.00,T2A,34.00,T2F,0,P1,6.870,P1V,2.559,P1F,0,P2,0.003,P2V,1.892,P2F,0,IgR,0
2025-09-03 20:25:35.958,T,7124463,SR,144,SF,0,T1R,34.75,T1A,34.00,T1F,1,T2R,34.75,T2A,34.00,T2F,0,P1,6.849,P1V,2.556,P1F,0,P2,0.003,P2V,1.892,P2F,0,IgR,0
2025-09-03 20:25:36.185,T,7124690,SR,144,SF,0,T1R,34.50,T1A,34.00,T1F,1,T2R,35.00,T2A,35.00,T2F,0,P1,6.875,P1V,2.560,P1F,0,P2,0.004,P2V,1.893,P2F,0,IgR,0
2025-09-03 20:25:36.413,T,7124917,SR,144,SF,0,T1R,34.75,T1A,34.00,T1F,1,T2R,35.00,T2A,35.00,T2F,0,P1,6.870,P1V,2.559,P1F,0,P2,0.003,P2V,1.892,P2F,0,IgR,0
2025-09-03 20:25:36.639,T,7125144,SR,144,SF,0,T1R,34.75,T1A,34.00,T1F,1,T2R,34.75,T2A,35.00,T2F,0,P1,6.844,P1V,2.555,P1F,0,P2,0.003,P2V,1.892,P2F,0,IgR,0
2025-09-03 20:25:36.866,T,7125371,SR,144,SF,0,T1R,34.75,T1A,34.00,T1F,1,T2R,34.75,T2A,35.00,T2F,0,P1,6.890,P1V,2.563,P1F,0,P2,0.004,P2V,1.893,P2F,0,IgR,0
2025-09-03 20:25:37.096,T,7125598,SR,144,SF,0,T1R,34.75,T1A,34.00,T1F,1,T2R,34.75,T2A,35.00,T2F,0,P1,6.864,P1V,2.559,P1F,0,P2,0.004,P2V,1.893,P2F,0,IgR,0
2025-09-03 20:25:37.319,T,7125825,SR,144,SF,0,T1R,34.75,T1A,34.00,T1F,1,T2R,35.00,T2A,35.00,T2F,0,P1,6.849,P1V,2.556,P1F,0,P2,0.002,P2V,1.891,P2F,0,IgR,0
2025-09-03 20:25:37.547,T,7126052,SR,144,SF,0,T1R,34.75,T1A,34.00,T1F,1,T2R,34.75,T2A,35.00,T2F,0,P1,6.880,P1V,2.561,P1F,0,P2,0.003,P2V,1.892,P2F,0,IgR,0
2025-09-03 20:25:37.774,T,7126279,SR,144,SF,0,T1R,34.50,T1A,34.00,T1F,1,T2R,34.75,T2A,35.00,T2F,0,P1,6.870,P1V,2.559,P1F,0,P2,0.003,P2V,1.892,P2F,0,IgR,0
2025-09-03 20:25:38.001,T,7126506,SR,144,SF,0,T1R,34.50,T1A,34.00,T1F,1,T2R,35.00,T2A,35.00,T2F,0,P1,6.854,P1V,2.557,P1F,0,P2,0.004,P2V,1.893,P2F,0,IgR,0
2025-09-03 20:25:38.228,T,7126733,SR,144,SF,0,T1R,34.50,T1A,34.00,T1F,1,T2R,34.75,T2A,35.00,T2F,0,P1,6.870,P1V,2.559,P1F,0,P2,0.006,P2V,1.894,P2F,0,IgR,0
2025-09-03 20:25:38.455,T,7126961,SR,144,SF,0,T1R,34.50,T1A,34.00,T1F,1,T2R,34.75,T2A,34.00,T2F,0,P1,6.854,P1V,2.557,P1F,0,P2,0.003,P2V,1.892,P2F,0,IgR,0
2025-09-03 20:25:38.682,T,7127187,SR,144,SF,0,T1R,34.50,T1A,34.00,T1F,1,T2R,34.75,T2A,34.00,T2F,0,P1,6.859,P1V,2.558,P1F,0,P2,0.004,P2V,1.893,P2F,0,IgR,0
2025-09-03 20:25:38.909,T,7127414,SR,144,SF,0,T1R,34.50,T1A,34.00,T1F,1,T2R,34.75,T2A,34.00,T2F,0,P1,6.870,P1V,2.559,P1F,0,P2,0.003,P2V,1.892,P2F,0,IgR,0
2025-09-03 20:25:39.137,T,7127641,SR,144,SF,0,T1R,34.50,T1A,34.00,T1F,1,T2R,34.75,T2A,34.00,T2F,0,P1,6.854,P1V,2.557,P1F,0,P2,0.000,P2V,1.891,P2F,0,IgR,0
2025-09-03 20:25:39.363,T,7127868,SR,144,SF,0,T1R,34.50,T1A,34.00,T1F,1,T2R,34.75,T2A,34.00,T2F,0,P1,6.870,P1V,2.559,P1F,0,P2,0.004,P2V,1.893,P2F,0,IgR,0
2025-09-03 20:25:39.590,T,7128095,SR,144,SF,0,T1R,34.50,T1A,34.00,T1F,1,T2R,34.75,T2A,34.00,T2F,0,P1,6.854,P1V,2.557,P1F,0,P2,0.003,P2V,1.892,P2F,0,IgR,0
2025-09-03 20:25:39.817,T,7128322,SR,144,SF,0,T1R,34.50,T1A,34.00,T1F,1,T2R,34.75,T2A,34.00,T2F,0,P1,6.854,P1V,2.557,P1F,0,P2,0.003,P2V,1.892,P2F,0,IgR,0
2025-09-03 20:25:40.044,T,7128549,SR,144,SF,0,T1R,34.50,T1A,34.00,T1F,1,T2R,34.75,T2A,34.00,T2F,0,P1,6.864,P1V,2.559,P1F,0,P2,0.004,P2V,1.893,P2F,0,IgR,0
2025-09-03 20:25:40.271,T,7128776,SR,144,SF,0,T1R,34.50,T1A,34.00,T1F,1,T2R,34.75,T2A,34.00,T2F,0,P1,6.854,P1V,2.557,P1F,0,P2,0.004,P2V,1.893,P2F,0,IgR,0
2025-09-03 20:25:40.498,T,7129003,SR,144,SF,0,T1R,34.50,T1A,34.00,T1F,1,T2R,34.75,T2A,34.00,T2F,0,P1,6.849,P1V,2.556,P1F,0,P2,0.002,P2V,1.891,P2F,0,IgR,0
2025-09-03 20:25:40.725,T,7129230,SR,144,SF,0,T1R,34.50,T1A,34.00,T1F,1,T2R,34.75,T2A,34.00,T2F,0,P1,6.870,P1V,2.559,P1F,0,P2,0.003,P2V,1.892,P2F,0,IgR,0
2025-09-03 20:25:40.952,T,7129457,SR,144,SF,0,T1R,34.50,T1A,34.00,T1F,1,T2R,34.75,T2A,34.00,T2F,0,P1,6.859,P1V,2.558,P1F,0,P2,0.003,P2V,1.892,P2F,0,IgR,0
2025-09-03 20:25:41.179,T,7129684,SR,144,SF,0,T1R,34.50,T1A,34.00,T1F,1,T2R,34.75,T2A,34.00,T2F,0,P1,6.849,P1V,2.556,P1F,0,P2,0.003,P2V,1.892,P2F,0,IgR,0
2025-09-03 20:25:41.406,T,7129911,SR,144,SF,0,T1R,34.50,T1A,34.00,T1F,1,T2R,34.75,T2A,34.00,T2F,0,P1,6.875,P1V,2.560,P1F,0,P2,0.004,P2V,1.893,P2F,0,IgR,0
2025-09-03 20:25:41.633,T,7130138,SR,144,SF,0,T1R,34.75,T1A,34.00,T1F,1,T2R,34.75,T2A,34.00,T2F,0,P1,6.864,P1V,2.559,P1F,0,P2,0.003,P2V,1.892,P2F,0,IgR,0
2025-09-03 20:25:41.860,T,7130365,SR,144,SF,0,T1R,34.50,T1A,34.00,T1F,1,T2R,34.75,T2A,34.00,T2F,0,P1,6.849,P1V,2.556,P1F,0,P2,0.003,P2V,1.892,P2F,0,IgR,0
2025-09-03 20:25:42.087,T,7130592,SR,144,SF,0,T1R,34.50,T1A,34.00,T1F,1,T2R,34.75,T2A,34.00,T2F,0,P1,6.864,P1V,2.559,P1F,0,P2,0.003,P2V,1.892,P2F,0,IgR,0
2025-09-03 20:25:42.314,T,7130819,SR,144,SF,0,T1R,34.50,T1A,34.00,T1F,1,T2R,34.75,T2A,34.00,T2F,0,P1,6.864,P1V,2.559,P1F,0,P2,0.004,P2V,1.893,P2F,0,IgR,0
2025-09-03 20:25:42.541,T,7131046,SR,144,SF,0,T1R,34.50,T1A,34.00,T1F,1,T2R,34.75,T2A,34.00,T2F,0,P1,6.849,P1V,2.556,P1F,0,P2,0.003,P2V,1.892,P2F,0,IgR,0
2025-09-03 20:25:42.768,T,7131273,SR,144,SF,0,T1R,34.50,T1A,34.00,T1F,1,T2R,34.75,T2A,34.00,T2F,0,P1,6.864,P1V,2.559,P1F,0,P2,0.004,P2V,1.893,P2F,0,IgR,0
2025-09-03 20:25:42.995,T,7131500,SR,144,SF,0,T1R,34.50,T1A,34.00,T1F,1,T2R,34.75,T2A,34.00,T2F,0,P1,6.849,P1V,2.556,P1F,0,P2,0.006,P2V,1.894,P2F,0,IgR,0
2025-09-03 20:25:43.222,T,7131727,SR,144,SF,0,T1R,34.50,T1A,34.00,T1F,1,T2R,34.75,T2A,34.00,T2F,0,P1,6.844,P1V,2.555,P1F,0,P2,0.004,P2V,1.893,P2F,0,IgR,0
2025-09-03 20:25:43.448,T,7131954,SR,144,SF,0,T1R,34.50,T1A,34.00,T1F,1,T2R,34.75,T2A,34.00,T2F,0,P1,6.859,P1V,2.558,P1F,0,P2,0.004,P2V,1.893,P2F,0,IgR,0
2025-09-03 20:25:43.676,T,7132181,SR,144,SF,0,T1R,34.50,T1A,34.00,T1F,1,T2R,34.75,T2A,34.00,T2F,0,P1,6.844,P1V,2.555,P1F,0,P2,0.003,P2V,1.892,P2F,0,IgR,0
2025-09-03 20:25:43.902,T,7132408,SR,144,SF,0,T1R,34.50,T1A,34.00,T1F,1,T2R,34.75,T2A,34.00,T2F,0,P1,6.859,P1V,2.558,P1F,0,P2,0.004,P2V,1.893,P2F,0,IgR,0
2025-09-03 20:25:44.131,T,7132635,SR,144,SF,0,T1R,34.50,T1A,34.00,T1F,1,T2R,34.75,T2A,34.00,T2F,0,P1,6.859,P1V,2.558,P1F,0,P2,0.002,P2V,1.891,P2F,0,IgR,0
2025-09-03 20:25:44.357,T,7132862,SR,144,SF,0,T1R,34.50,T1A,34.00,T1F,1,T2R,34.75,T2A,34.00,T2F,0,P1,6.829,P1V,2.553,P1F,0,P2,0.002,P2V,1.891,P2F,0,IgR,0
2025-09-03 20:25:44.585,T,7133089,SR,144,SF,0,T1R,34.50,T1A,34.00,T1F,1,T2R,34.50,T2A,34.00,T2F,0,P1,6.870,P1V,2.559,P1F,0,P2,0.003,P2V,1.892,P2F,0,IgR,0
2025-09-03 20:25:44.811,T,7133316,SR,144,SF,0,T1R,34.50,T1A,34.00,T1F,1,T2R,34.75,T2A,34.00,T2F,0,P1,6.859,P1V,2.558,P1F,0,P2,0.003,P2V,1.892,P2F,0,IgR,0
2025-09-03 20:25:45.038,T,7133543,SR,144,SF,0,T1R,34.50,T1A,34.00,T1F,1,T2R,34.75,T2A,34.00,T2F,0,P1,6.829,P1V,2.553,P1F,0,P2,0.004,P2V,1.893,P2F,0,IgR,0
2025-09-03 20:25:45.265,T,7133770,SR,144,SF,0,T1R,34.50,T1A,34.00,T1F,1,T2R,34.75,T2A,34.00,T2F,0,P1,6.870,P1V,2.559,P1F,0,P2,0.006,P2V,1.894,P2F,0,IgR,0
2025-09-03 20:25:45.492,T,7133997,SR,144,SF,0,T1R,34.50,T1A,34.00,T1F,1,T2R,34.75,T2A,34.00,T2F,0,P1,6.854,P1V,2.557,P1F,0,P2,0.002,P2V,1.891,P2F,0,IgR,0
2025-09-03 20:25:45.718,T,7134224,SR,144,SF,0,T1R,34.50,T1A,34.00,T1F,1,T2R,34.50,T2A,34.00,T2F,0,P1,6.829,P1V,2.553,P1F,0,P2,0.003,P2V,1.892,P2F,0,IgR,0
2025-09-03 20:25:45.945,T,7134451,SR,144,SF,0,T1R,34.50,T1A,34.00,T1F,1,T2R,34.75,T2A,34.00,T2F,0,P1,6.859,P1V,2.558,P1F,0,P2,0.004,P2V,1.893,P2F,0,IgR,0
2025-09-03 20:25:46.173,T,7134678,SR,144,SF,0,T1R,34.50,T1A,34.00,T1F,1,T2R,34.50,T2A,34.00,T2F,0,P1,6.844,P1V,2.555,P1F,0,P2,0.003,P2V,1.892,P2F,0,IgR,0
2025-09-03 20:25:46.400,T,7134905,SR,144,SF,0,T1R,34.50,T1A,34.00,T1F,1,T2R,34.50,T2A,34.00,T2F,0,P1,6.844,P1V,2.555,P1F,0,P2,0.003,P2V,1.892,P2F,0,IgR,0
2025-09-03 20:25:46.627,T,7135132,SR,144,SF,0,T1R,34.25,T1A,34.00,T1F,1,T2R,34.50,T2A,34.00,T2F,0,P1,6.859,P1V,2.558,P1F,0,P2,0.004,P2V,1.893,P2F,0,IgR,0
2025-09-03 20:25:46.854,T,7135359,SR,144,SF,0,T1R,34.50,T1A,34.00,T1F,1,T2R,34.50,T2A,34.00,T2F,0,P1,6.849,P1V,2.556,P1F,0,P2,0.003,P2V,1.892,P2F,0,IgR,0
2025-09-03 20:25:47.081,T,7135586,SR,144,SF,0,T1R,34.25,T1A,34.00,T1F,1,T2R,34.50,T2A,34.00,T2F,0,P1,6.844,P1V,2.555,P1F,0,P2,0.006,P2V,1.894,P2F,0,IgR,0
2025-09-03 20:25:47.308,T,7135813,SR,144,SF,0,T1R,34.25,T1A,34.00,T1F,1,T2R,34.75,T2A,34.00,T2F,0,P1,6.854,P1V,2.557,P1F,0,P2,0.003,P2V,1.892,P2F,0,IgR,0
2025-09-03 20:25:47.534,T,7136040,SR,144,SF,0,T1R,34.50,T1A,34.00,T1F,1,T2R,34.50,T2A,34.00,T2F,0,P1,6.839,P1V,2.555,P1F,0,P2,0.002,P2V,1.891,P2F,0,IgR,0
2025-09-03 20:25:47.762,T,7136267,SR,144,SF,0,T1R,34.50,T1A,34.00,T1F,1,T2R,34.50,T2A,34.00,T2F,0,P1,6.854,P1V,2.557,P1F,0,P2,0.003,P2V,1.892,P2F,0,IgR,0
2025-09-03 20:25:47.989,T,7136494,SR,144,SF,0,T1R,34.50,T1A,34.00,T1F,1,T2R,34.50,T2A,34.00,T2F,0,P1,6.859,P1V,2.558,P1F,0,P2,0.006,P2V,1.894,P2F,0,IgR,0
2025-09-03 20:25:48.215,T,7136721,SR,144,SF,0,T1R,34.50,T1A,34.00,T1F,1,T2R,34.50,T2A,34.00,T2F,0,P1,6.829,P1V,2.553,P1F,0,P2,0.003,P2V,1.892,P2F,0,IgR,0
2025-09-03 20:25:48.443,T,7136948,SR,144,SF,0,T1R,34.50,T1A,34.00,T1F,1,T2R,34.75,T2A,34.00,T2F,0,P1,6.854,P1V,2.557,P1F,0,P2,0.003,P2V,1.892,P2F,0,IgR,0
2025-09-03 20:25:48.670,T,7137175,SR,144,SF,0,T1R,34.50,T1A,34.00,T1F,1,T2R,34.50,T2A,34.00,T2F,0,P1,6.844,P1V,2.555,P1F,0,P2,0.003,P2V,1.892,P2F,0,IgR,0
2025-09-03 20:25:48.897,T,7137402,SR,144,SF,0,T1R,34.25,T1A,34.00,T1F,1,T2R,34.50,T2A,34.00,T2F,0,P1,6.829,P1V,2.553,P1F,0,P2,0.003,P2V,1.892,P2F,0,IgR,0
2025-09-03 20:25:49.124,T,7137629,SR,144,SF,0,T1R,34.50,T1A,34.00,T1F,1,T2R,34.75,T2A,34.00,T2F,0,P1,6.859,P1V,2.558,P1F,0,P2,0.004,P2V,1.893,P2F,0,IgR,0
2025-09-03 20:25:49.354,T,7137856,SR,144,SF,0,T1R,34.50,T1A,34.00,T1F,1,T2R,34.75,T2A,34.00,T2F,0,P1,6.844,P1V,2.555,P1F,0,P2,0.004,P2V,1.893,P2F,0,IgR,0
2025-09-03 20:25:49.580,T,7138083,SR,144,SF,0,T1R,34.50,T1A,34.00,T1F,1,T2R,34.75,T2A,34.00,T2F,0,P1,6.829,P1V,2.553,P1F,0,P2,0.003,P2V,1.892,P2F,0,IgR,0
2025-09-03 20:25:49.804,T,7138310,SR,144,SF,0,T1R,34.50,T1A,34.00,T1F,1,T2R,34.50,T2A,34.00,T2F,0,P1,6.849,P1V,2.556,P1F,0,P2,0.004,P2V,1.893,P2F,0,IgR,0
2025-09-03 20:25:50.031,T,7138537,SR,144,SF,0,T1R,34.50,T1A,34.00,T1F,1,T2R,34.75,T2A,34.00,T2F,0,P1,6.839,P1V,2.555,P1F,0,P2,0.004,P2V,1.893,P2F,0,IgR,0
2025-09-03 20:25:50.259,T,7138764,SR,144,SF,0,T1R,34.50,T1A,34.00,T1F,1,T2R,34.75,T2A,34.00,T2F,0,P1,6.839,P1V,2.555,P1F,0,P2,0.004,P2V,1.893,P2F,0,IgR,0
2025-09-03 20:25:50.486,T,7138991,SR,144,SF,0,T1R,34.50,T1A,34.00,T1F,1,T2R,34.50,T2A,34.00,T2F,0,P1,6.854,P1V,2.557,P1F,0,P2,0.003,P2V,1.892,P2F,0,IgR,0
2025-09-03 20:25:50.713,T,7139218,SR,144,SF,0,T1R,34.25,T1A,34.00,T1F,1,T2R,34.75,T2A,34.00,T2F,0,P1,6.844,P1V,2.555,P1F,0,P2,0.004,P2V,1.893,P2F,0,IgR,0
2025-09-03 20:25:50.941,T,7139445,SR,144,SF,0,T1R,34.50,T1A,34.00,T1F,1,T2R,34.75,T2A,34.00,T2F,0,P1,6.844,P1V,2.555,P1F,0,P2,0.004,P2V,1.893,P2F,0,IgR,0
2025-09-03 20:25:51.167,T,7139672,SR,144,SF,0,T1R,34.50,T1A,34.00,T1F,1,T2R,34.75,T2A,34.00,T2F,0,P1,6.854,P1V,2.557,P1F,0,P2,0.003,P2V,1.892,P2F,0,IgR,0
2025-09-03 20:25:51.399,T,7139899,SR,144,SF,0,T1R,34.50,T1A,34.00,T1F,1,T2R,34.50,T2A,34.00,T2F,0,P1,6.834,P1V,2.554,P1F,0,P2,0.004,P2V,1.893,P2F,0,IgR,0
2025-09-03 20:25:51.624,T,7140126,SR,144,SF,0,T1R,34.50,T1A,34.00,T1F,1,T2R,34.50,T2A,34.00,T2F,0,P1,6.839,P1V,2.555,P1F,0,P2,0.004,P2V,1.893,P2F,0,IgR,0
2025-09-03 20:25:51.849,T,7140353,SR,144,SF,0,T1R,34.50,T1A,34.00,T1F,1,T2R,34.75,T2A,34.00,T2F,0,P1,6.844,P1V,2.555,P1F,0,P2,0.006,P2V,1.894,P2F,0,IgR,0
2025-09-03 20:25:52.074,T,7140580,SR,144,SF,0,T1R,34.50,T1A,34.00,T1F,1,T2R,34.50,T2A,34.00,T2F,0,P1,6.824,P1V,2.552,P1F,0,P2,0.002,P2V,1.891,P2F,0,IgR,0
2025-09-03 20:25:52.301,T,7140807,SR,144,SF,0,T1R,34.50,T1A,34.00,T1F,1,T2R,34.50,T2A,34.00,T2F,0,P1,6.854,P1V,2.557,P1F,0,P2,0.003,P2V,1.892,P2F,0,IgR,0
2025-09-03 20:25:52.528,T,7141034,SR,144,SF,0,T1R,34.50,T1A,34.00,T1F,1,T2R,34.50,T2A,34.00,T2F,0,P1,6.844,P1V,2.555,P1F,0,P2,0.003,P2V,1.892,P2F,0,IgR,0
2025-09-03 20:25:52.756,T,7141261,SR,144,SF,0,T1R,34.50,T1A,34.00,T1F,1,T2R,34.75,T2A,34.00,T2F,0,P1,6.824,P1V,2.552,P1F,0,P2,0.002,P2V,1.891,P2F,0,IgR,0
2025-09-03 20:25:52.983,T,7141488,SR,144,SF,0,T1R,34.50,T1A,34.00,T1F,1,T2R,34.75,T2A,34.00,T2F,0,P1,6.849,P1V,2.556,P1F,0,P2,0.002,P2V,1.891,P2F,0,IgR,0
2025-09-03 20:25:53.210,T,7141715,SR,144,SF,0,T1R,34.50,T1A,34.00,T1F,1,T2R,34.75,T2A,34.00,T2F,0,P1,6.839,P1V,2.555,P1F,0,P2,0.004,P2V,1.893,P2F,0,IgR,0
2025-09-03 20:25:53.437,T,7141942,SR,144,SF,0,T1R,34.50,T1A,34.00,T1F,1,T2R,34.50,T2A,34.00,T2F,0,P1,6.829,P1V,2.553,P1F,0,P2,0.003,P2V,1.892,P2F,0,IgR,0
2025-09-03 20:25:53.664,T,7142169,SR,144,SF,0,T1R,34.50,T1A,34.00,T1F,1,T2R,34.50,T2A,34.00,T2F,0,P1,6.844,P1V,2.555,P1F,0,P2,0.003,P2V,1.892,P2F,0,IgR,0
2025-09-03 20:25:53.891,T,7142396,SR,144,SF,0,T1R,34.50,T1A,34.00,T1F,1,T2R,34.75,T2A,34.00,T2F,0,P1,6.839,P1V,2.555,P1F,0,P2,0.004,P2V,1.893,P2F,0,IgR,0
2025-09-03 20:25:54.118,T,7142623,SR,144,SF,0,T1R,34.50,T1A,34.00,T1F,1,T2R,34.75,T2A,34.00,T2F,0,P1,6.829,P1V,2.553,P1F,0,P2,0.003,P2V,1.892,P2F,0,IgR,0
2025-09-03 20:25:54.344,T,7142850,SR,144,SF,0,T1R,34.50,T1A,34.00,T1F,1,T2R,34.75,T2A,34.00,T2F,0,P1,6.839,P1V,2.555,P1F,0,P2,0.002,P2V,1.891,P2F,0,IgR,0
2025-09-03 20:25:54.571,T,7143077,SR,144,SF,0,T1R,34.25,T1A,34.00,T1F,1,T2R,34.75,T2A,34.00,T2F,0,P1,6.829,P1V,2.553,P1F,0,P2,0.004,P2V,1.893,P2F,0,IgR,0
2025-09-03 20:25:54.799,T,7143304,SR,144,SF,0,T1R,34.50,T1A,34.00,T1F,1,T2R,34.50,T2A,34.00,T2F,0,P1,6.834,P1V,2.554,P1F,0,P2,0.003,P2V,1.892,P2F,0,IgR,0
2025-09-03 20:25:55.026,T,7143531,SR,144,SF,0,T1R,34.25,T1A,34.00,T1F,1,T2R,34.50,T2A,34.00,T2F,0,P1,6.839,P1V,2.555,P1F,0,P2,0.004,P2V,1.893,P2F,0,IgR,0
2025-09-03 20:25:55.253,T,7143758,SR,144,SF,0,T1R,34.50,T1A,34.00,T1F,1,T2R,34.75,T2A,34.00,T2F,0,P1,6.824,P1V,2.552,P1F,0,P2,0.003,P2V,1.892,P2F,0,IgR,0
2025-09-03 20:25:55.480,T,7143985,SR,144,SF,0,T1R,34.25,T1A,34.00,T1F,1,T2R,34.75,T2A,34.00,T2F,0,P1,6.839,P1V,2.555,P1F,0,P2,0.003,P2V,1.892,P2F,0,IgR,0
2025-09-03 20:25:55.707,T,7144212,SR,144,SF,0,T1R,34.50,T1A,34.00,T1F,1,T2R,34.75,T2A,34.00,T2F,0,P1,6.839,P1V,2.555,P1F,0,P2,0.003,P2V,1.892,P2F,0,IgR,0
2025-09-03 20:25:55.933,T,7144439,SR,144,SF,0,T1R,34.50,T1A,34.00,T1F,1,T2R,34.50,T2A,34.00,T2F,0,P1,6.819,P1V,2.551,P1F,0,P2,0.002,P2V,1.891,P2F,0,IgR,0
2025-09-03 20:25:56.162,T,7144666,SR,144,SF,0,T1R,34.25,T1A,34.00,T1F,1,T2R,34.50,T2A,34.00,T2F,0,P1,6.844,P1V,2.555,P1F,0,P2,0.004,P2V,1.893,P2F,0,IgR,0
2025-09-03 20:25:56.387,T,7144893,SR,144,SF,0,T1R,34.50,T1A,34.00,T1F,1,T2R,34.75,T2A,34.00,T2F,0,P1,6.834,P1V,2.554,P1F,0,P2,0.004,P2V,1.893,P2F,0,IgR,0
2025-09-03 20:25:56.614,T,7145120,SR,144,SF,0,T1R,34.50,T1A,34.00,T1F,1,T2R,34.50,T2A,34.00,T2F,0,P1,6.809,P1V,2.550,P1F,0,P2,0.004,P2V,1.893,P2F,0,IgR,0
2025-09-03 20:25:56.842,T,7145347,SR,144,SF,0,T1R,34.50,T1A,34.00,T1F,1,T2R,34.50,T2A,34.00,T2F,0,P1,6.849,P1V,2.556,P1F,0,P2,0.003,P2V,1.892,P2F,0,IgR,0
2025-09-03 20:25:57.069,T,7145574,SR,144,SF,0,T1R,34.50,T1A,34.00,T1F,1,T2R,34.75,T2A,34.00,T2F,0,P1,6.829,P1V,2.553,P1F,0,P2,0.004,P2V,1.893,P2F,0,IgR,0
2025-09-03 20:25:57.296,T,7145801,SR,144,SF,0,T1R,34.50,T1A,34.00,T1F,1,T2R,34.75,T2A,34.00,T2F,0,P1,6.819,P1V,2.551,P1F,0,P2,0.004,P2V,1.893,P2F,0,IgR,0
2025-09-03 20:25:57.523,T,7146028,SR,144,SF,0,T1R,34.50,T1A,34.00,T1F,1,T2R,34.75,T2A,34.00,T2F,0,P1,6.844,P1V,2.555,P1F,0,P2,0.006,P2V,1.894,P2F,0,IgR,0
2025-09-03 20:25:57.750,T,7146255,SR,144,SF,0,T1R,34.25,T1A,34.00,T1F,1,T2R,34.75,T2A,34.00,T2F,0,P1,6.834,P1V,2.554,P1F,0,P2,0.003,P2V,1.892,P2F,0,IgR,0
2025-09-03 20:25:57.976,T,7146482,SR,144,SF,0,T1R,34.50,T1A,34.00,T1F,1,T2R,34.50,T2A,34.00,T2F,0,P1,6.819,P1V,2.551,P1F,0,P2,0.003,P2V,1.892,P2F,0,IgR,0
2025-09-03 20:25:58.204,T,7146709,SR,144,SF,0,T1R,34.50,T1A,34.00,T1F,1,T2R,34.75,T2A,34.00,T2F,0,P1,6.859,P1V,2.558,P1F,0,P2,0.008,P2V,1.895,P2F,0,IgR,0
2025-09-03 20:25:58.430,T,7146936,SR,144,SF,0,T1R,34.50,T1A,34.00,T1F,1,T2R,34.50,T2A,34.00,T2F,0,P1,6.829,P1V,2.553,P1F,0,P2,0.002,P2V,1.891,P2F,0,IgR,0
2025-09-03 20:25:58.658,T,7147163,SR,144,SF,0,T1R,34.50,T1A,34.00,T1F,1,T2R,34.75,T2A,34.00,T2F,0,P1,6.829,P1V,2.553,P1F,0,P2,0.004,P2V,1.893,P2F,0,IgR,0
2025-09-03 20:25:58.884,T,7147390,SR,144,SF,0,T1R,34.50,T1A,34.00,T1F,1,T2R,34.75,T2A,34.00,T2F,0,P1,6.839,P1V,2.555,P1F,0,P2,0.002,P2V,1.891,P2F,0,IgR,0
2025-09-03 20:25:59.111,T,7147617,SR,144,SF,0,T1R,34.50,T1A,34.00,T1F,1,T2R,34.75,T2A,34.00,T2F,0,P1,6.814,P1V,2.551,P1F,0,P2,0.003,P2V,1.892,P2F,0,IgR,0
2025-09-03 20:25:59.338,T,7147844,SR,144,SF,0,T1R,34.50,T1A,34.00,T1F,1,T2R,34.75,T2A,34.00,T2F,0,P1,6.834,P1V,2.554,P1F,0,P2,0.004,P2V,1.893,P2F,0,IgR,0
2025-09-03 20:25:59.566,T,7148071,SR,144,SF,0,T1R,34.25,T1A,34.00,T1F,1,T2R,34.75,T2A,34.00,T2F,0,P1,6.829,P1V,2.553,P1F,0,P2,0.003,P2V,1.892,P2F,0,IgR,0
2025-09-03 20:25:59.793,T,7148298,SR,144,SF,0,T1R,34.50,T1A,34.00,T1F,1,T2R,34.75,T2A,34.00,T2F,0,P1,6.809,P1V,2.550,P1F,0,P2,0.004,P2V,1.893,P2F,0,IgR,0
2025-09-03 20:26:00.020,T,7148525,SR,144,SF,0,T1R,34.50,T1A,34.00,T1F,1,T2R,34.75,T2A,34.00,T2F,0,P1,6.844,P1V,2.555,P1F,0,P2,0.006,P2V,1.894,P2F,0,IgR,0
2025-09-03 20:26:00.247,T,7148752,SR,144,SF,0,T1R,34.50,T1A,34.00,T1F,1,T2R,34.75,T2A,34.00,T2F,0,P1,6.834,P1V,2.554,P1F,0,P2,0.003,P2V,1.892,P2F,0,IgR,0
2025-09-03 20:26:00.473,T,7148979,SR,144,SF,0,T1R,34.50,T1A,34.00,T1F,1,T2R,34.75,T2A,34.00,T2F,0,P1,6.809,P1V,2.550,P1F,0,P2,0.003,P2V,1.892,P2F,0,IgR,0
2025-09-03 20:26:00.702,T,7149206,SR,144,SF,0,T1R,34.25,T1A,34.00,T1F,1,T2R,34.75,T2A,34.00,T2F,0,P1,6.834,P1V,2.554,P1F,0,P2,0.006,P2V,1.894,P2F,0,IgR,0
2025-09-03 20:26:00.927,T,7149433,SR,144,SF,0,T1R,34.50,T1A,34.00,T1F,1,T2R,34.75,T2A,34.00,T2F,0,P1,6.814,P1V,2.551,P1F,0,P2,-0.001,P2V,1.890,P2F,0,IgR,0
2025-09-03 20:26:01.155,T,7149661,SR,144,SF,0,T1R,34.50,T1A,34.00,T1F,1,T2R,34.75,T2A,34.00,T2F,0,P1,6.814,P1V,2.551,P1F,0,P2,0.003,P2V,1.892,P2F,0,IgR,0
2025-09-03 20:26:01.381,T,7149887,SR,144,SF,0,T1R,34.50,T1A,34.00,T1F,1,T2R,34.75,T2A,34.00,T2F,0,P1,6.829,P1V,2.553,P1F,0,P2,0.004,P2V,1.893,P2F,0,IgR,0
2025-09-03 20:26:01.608,T,7150114,SR,144,SF,0,T1R,34.50,T1A,34.00,T1F,1,T2R,34.75,T2A,34.00,T2F,0,P1,6.829,P1V,2.553,P1F,0,P2,0.006,P2V,1.894,P2F,0,IgR,0
2025-09-03 20:26:01.836,T,7150341,SR,144,SF,0,T1R,34.50,T1A,34.00,T1F,1,T2R,34.75,T2A,34.00,T2F,0,P1,6.814,P1V,2.551,P1F,0,P2,0.004,P2V,1.893,P2F,0,IgR,0
2025-09-03 20:26:02.063,T,7150568,SR,144,SF,0,T1R,34.50,T1A,34.00,T1F,1,T2R,34.75,T2A,34.00,T2F,0,P1,6.824,P1V,2.552,P1F,0,P2,0.003,P2V,1.892,P2F,0,IgR,0
2025-09-03 20:26:02.290,T,7150795,SR,144,SF,0,T1R,34.50,T1A,34.00,T1F,1,T2R,34.75,T2A,34.00,T2F,0,P1,6.819,P1V,2.551,P1F,0,P2,0.006,P2V,1.894,P2F,0,IgR,0
2025-09-03 20:26:02.517,T,7151022,SR,144,SF,0,T1R,34.25,T1A,34.00,T1F,1,T2R,34.75,T2A,34.00,T2F,0,P1,6.819,P1V,2.551,P1F,0,P2,0.003,P2V,1.892,P2F,0,IgR,0
2025-09-03 20:26:02.743,T,7151249,SR,144,SF,0,T1R,34.50,T1A,34.00,T1F,1,T2R,34.75,T2A,34.00,T2F,0,P1,6.834,P1V,2.554,P1F,0,P2,0.004,P2V,1.893,P2F,0,IgR,0
2025-09-03 20:26:02.970,T,7151476,SR,144,SF,0,T1R,34.50,T1A,34.00,T1F,1,T2R,34.75,T2A,34.00,T2F,0,P1,6.819,P1V,2.551,P1F,0,P2,0.004,P2V,1.893,P2F,0,IgR,0
2025-09-03 20:26:03.197,T,7151703,SR,144,SF,0,T1R,34.50,T1A,34.00,T1F,1,T2R,34.75,T2A,34.00,T2F,0,P1,6.829,P1V,2.553,P1F,0,P2,0.003,P2V,1.892,P2F,0,IgR,0
2025-09-03 20:26:03.424,T,7151930,SR,144,SF,0,T1R,34.50,T1A,34.00,T1F,1,T2R,34.75,T2A,34.00,T2F,0,P1,6.824,P1V,2.552,P1F,0,P2,0.002,P2V,1.891,P2F,0,IgR,0
2025-09-03 20:26:03.653,T,7152157,SR,144,SF,0,T1R,34.50,T1A,34.00,T1F,1,T2R,34.75,T2A,34.00,T2F,0,P1,6.804,P1V,2.549,P1F,0,P2,0.003,P2V,1.892,P2F,0,IgR,0
2025-09-03 20:26:03.878,T,7152384,SR,144,SF,0,T1R,34.25,T1A,34.00,T1F,1,T2R,34.75,T2A,34.00,T2F,0,P1,6.834,P1V,2.554,P1F,0,P2,0.004,P2V,1.893,P2F,0,IgR,0
2025-09-03 20:26:04.106,T,7152611,SR,144,SF,0,T1R,34.50,T1A,34.00,T1F,1,T2R,34.75,T2A,34.00,T2F,0,P1,6.814,P1V,2.551,P1F,0,P2,0.003,P2V,1.892,P2F,0,IgR,0
2025-09-03 20:26:04.333,T,7152838,SR,144,SF,0,T1R,34.25,T1A,34.00,T1F,1,T2R,34.75,T2A,34.00,T2F,0,P1,6.804,P1V,2.549,P1F,0,P2,0.002,P2V,1.891,P2F,0,IgR,0
2025-09-03 20:26:04.560,T,7153065,SR,144,SF,0,T1R,34.50,T1A,34.00,T1F,1,T2R,34.75,T2A,34.00,T2F,0,P1,6.834,P1V,2.554,P1F,0,P2,0.006,P2V,1.894,P2F,0,IgR,0
2025-09-03 20:26:04.786,T,7153292,SR,144,SF,0,T1R,34.50,T1A,34.00,T1F,1,T2R,34.75,T2A,34.00,T2F,0,P1,6.814,P1V,2.551,P1F,0,P2,0.003,P2V,1.892,P2F,0,IgR,0
2025-09-03 20:26:05.013,T,7153519,SR,144,SF,0,T1R,34.25,T1A,34.00,T1F,1,T2R,34.75,T2A,34.00,T2F,0,P1,6.799,P1V,2.548,P1F,0,P2,0.003,P2V,1.892,P2F,0,IgR,0
2025-09-03 20:26:05.240,T,7153746,SR,144,SF,0,T1R,34.50,T1A,34.00,T1F,1,T2R,34.75,T2A,34.00,T2F,0,P1,6.834,P1V,2.554,P1F,0,P2,0.004,P2V,1.893,P2F,0,IgR,0
2025-09-03 20:26:05.467,T,7153973,SR,144,SF,0,T1R,34.50,T1A,34.00,T1F,1,T2R,34.75,T2A,34.00,T2F,0,P1,6.809,P1V,2.550,P1F,0,P2,0.002,P2V,1.891,P2F,0,IgR,0
2025-09-03 20:26:05.694,T,7154200,SR,144,SF,0,T1R,34.25,T1A,34.00,T1F,1,T2R,34.75,T2A,34.00,T2F,0,P1,6.809,P1V,2.550,P1F,0,P2,0.004,P2V,1.893,P2F,0,IgR,0
2025-09-03 20:26:05.921,T,7154427,SR,144,SF,0,T1R,34.50,T1A,34.00,T1F,1,T2R,34.75,T2A,34.00,T2F,0,P1,6.819,P1V,2.551,P1F,0,P2,0.003,P2V,1.892,P2F,0,IgR,0
2025-09-03 20:26:06.149,T,7154654,SR,144,SF,0,T1R,34.50,T1A,34.00,T1F,1,T2R,34.75,T2A,34.00,T2F,0,P1,6.799,P1V,2.548,P1F,0,P2,0.003,P2V,1.892,P2F,0,IgR,0
2025-09-03 20:26:06.376,T,7154881,SR,144,SF,0,T1R,34.50,T1A,34.00,T1F,1,T2R,34.75,T2A,34.00,T2F,0,P1,6.814,P1V,2.551,P1F,0,P2,0.004,P2V,1.893,P2F,0,IgR,0
2025-09-03 20:26:06.603,T,7155108,SR,144,SF,0,T1R,34.25,T1A,34.00,T1F,1,T2R,34.50,T2A,34.00,T2F,0,P1,6.819,P1V,2.551,P1F,0,P2,0.006,P2V,1.894,P2F,0,IgR,0
2025-09-03 20:26:06.829,T,7155336,SR,144,SF,0,T1R,34.50,T1A,34.00,T1F,1,T2R,34.50,T2A,34.00,T2F,0,P1,6.809,P1V,2.550,P1F,0,P2,0.006,P2V,1.894,P2F,0,IgR,0
2025-09-03 20:26:07.057,T,7155562,SR,144,SF,0,T1R,34.25,T1A,34.00,T1F,1,T2R,34.75,T2A,34.00,T2F,0,P1,6.819,P1V,2.551,P1F,0,P2,0.004,P2V,1.893,P2F,0,IgR,0
2025-09-03 20:26:07.283,T,7155789,SR,144,SF,0,T1R,34.25,T1A,34.00,T1F,1,T2R,34.75,T2A,34.00,T2F,0,P1,6.819,P1V,2.551,P1F,0,P2,0.004,P2V,1.893,P2F,0,IgR,0
2025-09-03 20:26:07.510,T,7156016,SR,144,SF,0,T1R,34.25,T1A,34.00,T1F,1,T2R,34.75,T2A,34.00,T2F,0,P1,6.794,P1V,2.547,P1F,0,P2,0.006,P2V,1.894,P2F,0,IgR,0
2025-09-03 20:26:07.737,T,7156243,SR,144,SF,0,T1R,34.50,T1A,34.00,T1F,1,T2R,34.75,T2A,34.00,T2F,0,P1,6.819,P1V,2.551,P1F,0,P2,0.004,P2V,1.893,P2F,0,IgR,0
2025-09-03 20:26:07.965,T,7156470,SR,144,SF,0,T1R,34.25,T1A,34.00,T1F,1,T2R,34.75,T2A,34.00,T2F,0,P1,6.809,P1V,2.550,P1F,0,P2,0.003,P2V,1.892,P2F,0,IgR,0
2025-09-03 20:26:08.191,T,7156697,SR,144,SF,0,T1R,34.50,T1A,34.00,T1F,1,T2R,34.75,T2A,34.00,T2F,0,P1,6.788,P1V,2.547,P1F,0,P2,0.003,P2V,1.892,P2F,0,IgR,0
2025-09-03 20:26:08.419,T,7156924,SR,144,SF,0,T1R,34.25,T1A,34.00,T1F,1,T2R,34.75,T2A,34.00,T2F,0,P1,6.824,P1V,2.552,P1F,0,P2,0.004,P2V,1.893,P2F,0,IgR,0
2025-09-03 20:26:08.645,T,7157151,SR,144,SF,0,T1R,34.50,T1A,34.00,T1F,1,T2R,34.50,T2A,34.00,T2F,0,P1,6.814,P1V,2.551,P1F,0,P2,0.002,P2V,1.891,P2F,0,IgR,0
2025-09-03 20:26:08.872,T,7157378,SR,144,SF,0,T1R,34.50,T1A,34.00,T1F,1,T2R,34.50,T2A,34.00,T2F,0,P1,6.799,P1V,2.548,P1F,0,P2,0.004,P2V,1.893,P2F,0,IgR,0
2025-09-03 20:26:09.100,T,7157605,SR,144,SF,0,T1R,34.25,T1A,34.00,T1F,1,T2R,34.50,T2A,34.00,T2F,0,P1,6.819,P1V,2.551,P1F,0,P2,0.003,P2V,1.892,P2F,0,IgR,0
2025-09-03 20:26:09.326,T,7157832,SR,144,SF,0,T1R,34.25,T1A,34.00,T1F,1,T2R,34.75,T2A,34.00,T2F,0,P1,6.804,P1V,2.549,P1F,0,P2,0.003,P2V,1.892,P2F,0,IgR,0
2025-09-03 20:26:09.553,T,7158059,SR,144,SF,0,T1R,34.25,T1A,34.00,T1F,1,T2R,34.75,T2A,34.00,T2F,0,P1,6.804,P1V,2.549,P1F,0,P2,0.004,P2V,1.893,P2F,0,IgR,0
2025-09-03 20:26:09.780,T,7158286,SR,144,SF,0,T1R,34.50,T1A,34.00,T1F,1,T2R,34.50,T2A,34.00,T2F,0,P1,6.809,P1V,2.550,P1F,0,P2,0.004,P2V,1.893,P2F,0,IgR,0
2025-09-03 20:26:10.007,T,7158513,SR,144,SF,0,T1R,34.25,T1A,34.00,T1F,1,T2R,34.50,T2A,34.00,T2F,0,P1,6.794,P1V,2.547,P1F,0,P2,0.003,P2V,1.892,P2F,0,IgR,0
2025-09-03 20:26:10.236,T,7158740,SR,144,SF,0,T1R,34.25,T1A,34.00,T1F,1,T2R,34.75,T2A,34.00,T2F,0,P1,6.804,P1V,2.549,P1F,0,P2,0.004,P2V,1.893,P2F,0,IgR,0
2025-09-03 20:26:10.462,T,7158967,SR,144,SF,0,T1R,34.25,T1A,34.00,T1F,1,T2R,34.75,T2A,34.00,T2F,0,P1,6.809,P1V,2.550,P1F,0,P2,0.004,P2V,1.893,P2F,0,IgR,0
2025-09-03 20:26:10.689,T,7159194,SR,144,SF,0,T1R,34.25,T1A,34.00,T1F,1,T2R,34.50,T2A,34.00,T2F,0,P1,6.794,P1V,2.547,P1F,0,P2,0.002,P2V,1.891,P2F,0,IgR,0
2025-09-03 20:26:10.916,T,7159421,SR,144,SF,0,T1R,34.25,T1A,34.00,T1F,1,T2R,34.75,T2A,34.00,T2F,0,P1,6.809,P1V,2.550,P1F,0,P2,0.004,P2V,1.893,P2F,0,IgR,0
2025-09-03 20:26:11.143,T,7159648,SR,144,SF,0,T1R,34.25,T1A,34.00,T1F,1,T2R,34.50,T2A,34.00,T2F,0,P1,6.799,P1V,2.548,P1F,0,P2,0.004,P2V,1.893,P2F,0,IgR,0
2025-09-03 20:26:11.369,T,7159875,SR,144,SF,0,T1R,34.25,T1A,34.00,T1F,1,T2R,34.50,T2A,34.00,T2F,0,P1,6.783,P1V,2.546,P1F,0,P2,0.003,P2V,1.892,P2F,0,IgR,0
2025-09-03 20:26:11.596,T,7160102,SR,144,SF,0,T1R,34.25,T1A,34.00,T1F,1,T2R,34.50,T2A,34.00,T2F,0,P1,6.809,P1V,2.550,P1F,0,P2,0.004,P2V,1.893,P2F,0,IgR,0
2025-09-03 20:26:11.823,T,7160329,SR,144,SF,0,T1R,34.25,T1A,34.00,T1F,1,T2R,34.50,T2A,34.00,T2F,0,P1,6.799,P1V,2.548,P1F,0,P2,0.003,P2V,1.892,P2F,0,IgR,0
2025-09-03 20:26:12.051,T,7160556,SR,144,SF,0,T1R,34.25,T1A,34.00,T1F,1,T2R,34.50,T2A,34.00,T2F,0,P1,6.778,P1V,2.545,P1F,0,P2,0.004,P2V,1.893,P2F,0,IgR,0
2025-09-03 20:26:12.277,T,7160783,SR,144,SF,0,T1R,34.25,T1A,34.00,T1F,1,T2R,34.75,T2A,34.00,T2F,0,P1,6.809,P1V,2.550,P1F,0,P2,0.003,P2V,1.892,P2F,0,IgR,0
2025-09-03 20:26:12.504,T,7161010,SR,144,SF,0,T1R,34.25,T1A,34.00,T1F,1,T2R,34.50,T2A,34.00,T2F,0,P1,6.794,P1V,2.547,P1F,0,P2,0.004,P2V,1.893,P2F,0,IgR,0
2025-09-03 20:26:12.732,T,7161237,SR,144,SF,0,T1R,34.25,T1A,34.00,T1F,1,T2R,34.50,T2A,34.00,T2F,0,P1,6.783,P1V,2.546,P1F,0,P2,0.002,P2V,1.891,P2F,0,IgR,0
2025-09-03 20:26:12.959,T,7161464,SR,144,SF,0,T1R,34.25,T1A,34.00,T1F,1,T2R,34.50,T2A,34.00,T2F,0,P1,6.804,P1V,2.549,P1F,0,P2,0.003,P2V,1.892,P2F,0,IgR,0
2025-09-03 20:26:13.186,T,7161691,SR,144,SF,0,T1R,34.25,T1A,34.00,T1F,1,T2R,34.50,T2A,34.00,T2F,0,P1,6.788,P1V,2.547,P1F,0,P2,0.003,P2V,1.892,P2F,0,IgR,0
2025-09-03 20:26:13.412,T,7161918,SR,144,SF,0,T1R,34.25,T1A,34.00,T1F,1,T2R,34.50,T2A,34.00,T2F,0,P1,6.783,P1V,2.546,P1F,0,P2,0.003,P2V,1.892,P2F,0,IgR,0
2025-09-03 20:26:13.639,T,7162145,SR,144,SF,0,T1R,34.25,T1A,34.00,T1F,1,T2R,34.50,T2A,34.00,T2F,0,P1,6.794,P1V,2.547,P1F,0,P2,0.004,P2V,1.893,P2F,0,IgR,0
2025-09-03 20:26:13.866,T,7162372,SR,144,SF,0,T1R,34.25,T1A,34.00,T1F,1,T2R,34.50,T2A,34.00,T2F,0,P1,6.788,P1V,2.547,P1F,0,P2,0.003,P2V,1.892,P2F,0,IgR,0
2025-09-03 20:26:14.093,T,7162599,SR,144,SF,0,T1R,34.25,T1A,34.00,T1F,1,T2R,34.50,T2A,34.00,T2F,0,P1,6.788,P1V,2.547,P1F,0,P2,0.002,P2V,1.891,P2F,0,IgR,0
2025-09-03 20:26:14.320,T,7162826,SR,144,SF,0,T1R,34.25,T1A,34.00,T1F,1,T2R,34.25,T2A,34.00,T2F,0,P1,6.794,P1V,2.547,P1F,0,P2,0.003,P2V,1.892,P2F,0,IgR,0
2025-09-03 20:26:14.547,T,7163053,SR,144,SF,0,T1R,34.25,T1A,34.00,T1F,1,T2R,34.50,T2A,34.00,T2F,0,P1,6.778,P1V,2.545,P1F,0,P2,0.003,P2V,1.892,P2F,0,IgR,0
2025-09-03 20:26:14.774,T,7163280,SR,144,SF,0,T1R,34.25,T1A,34.00,T1F,1,T2R,34.50,T2A,34.00,T2F,0,P1,6.794,P1V,2.547,P1F,0,P2,0.003,P2V,1.892,P2F,0,IgR,0
2025-09-03 20:26:15.002,T,7163507,SR,144,SF,0,T1R,34.25,T1A,34.00,T1F,1,T2R,34.50,T2A,34.00,T2F,0,P1,6.794,P1V,2.547,P1F,0,P2,0.004,P2V,1.893,P2F,0,IgR,0
2025-09-03 20:26:15.230,T,7163734,SR,144,SF,0,T1R,34.25,T1A,34.00,T1F,1,T2R,34.50,T2A,34.00,T2F,0,P1,6.773,P1V,2.544,P1F,0,P2,0.004,P2V,1.893,P2F,0,IgR,0
2025-09-03 20:26:15.456,T,7163961,SR,144,SF,0,T1R,34.25,T1A,34.00,T1F,1,T2R,34.50,T2A,34.00,T2F,0,P1,6.799,P1V,2.548,P1F,0,P2,0.003,P2V,1.892,P2F,0,IgR,0
2025-09-03 20:26:15.682,T,7164188,SR,144,SF,0,T1R,34.25,T1A,34.00,T1F,1,T2R,34.50,T2A,34.00,T2F,0,P1,6.778,P1V,2.545,P1F,0,P2,0.003,P2V,1.892,P2F,0,IgR,0
2025-09-03 20:26:15.909,T,7164415,SR,144,SF,0,T1R,34.25,T1A,34.00,T1F,1,T2R,34.50,T2A,34.00,T2F,0,P1,6.763,P1V,2.542,P1F,0,P2,0.003,P2V,1.892,P2F,0,IgR,0
2025-09-03 20:26:16.136,T,7164642,SR,144,SF,0,T1R,34.25,T1A,34.00,T1F,1,T2R,34.50,T2A,34.00,T2F,0,P1,6.799,P1V,2.548,P1F,0,P2,0.004,P2V,1.893,P2F,0,IgR,0
2025-09-03 20:26:16.363,T,7164869,SR,144,SF,0,T1R,34.25,T1A,34.00,T1F,1,T2R,34.50,T2A,34.00,T2F,0,P1,6.783,P1V,2.546,P1F,0,P2,0.006,P2V,1.894,P2F,0,IgR,0
2025-09-03 20:26:16.590,T,7165096,SR,144,SF,0,T1R,34.25,T1A,34.00,T1F,1,T2R,34.50,T2A,34.00,T2F,0,P1,6.758,P1V,2.542,P1F,0,P2,0.004,P2V,1.893,P2F,0,IgR,0
2025-09-03 20:26:16.817,T,7165323,SR,144,SF,0,T1R,34.25,T1A,34.00,T1F,1,T2R,34.50,T2A,34.00,T2F,0,P1,6.799,P1V,2.548,P1F,0,P2,0.006,P2V,1.894,P2F,0,IgR,0
2025-09-03 20:26:17.044,T,7165551,SR,144,SF,0,T1R,34.25,T1A,34.00,T1F,1,T2R,34.50,T2A,34.00,T2F,0,P1,6.788,P1V,2.547,P1F,0,P2,0.003,P2V,1.892,P2F,0,IgR,0
2025-09-03 20:26:17.272,T,7165777,SR,144,SF,0,T1R,34.25,T1A,34.00,T1F,1,T2R,34.50,T2A,34.00,T2F,0,P1,6.768,P1V,2.543,P1F,0,P2,0.004,P2V,1.893,P2F,0,IgR,0
2025-09-03 20:26:17.499,T,7166004,SR,144,SF,0,T1R,34.25,T1A,34.00,T1F,1,T2R,34.50,T2A,34.00,T2F,0,P1,6.794,P1V,2.547,P1F,0,P2,0.002,P2V,1.891,P2F,0,IgR,0
2025-09-03 20:26:17.725,T,7166231,SR,144,SF,0,T1R,34.25,T1A,34.00,T1F,1,T2R,34.50,T2A,34.00,T2F,0,P1,6.778,P1V,2.545,P1F,0,P2,0.004,P2V,1.893,P2F,0,IgR,0
2025-09-03 20:26:17.952,T,7166458,SR,144,SF,0,T1R,34.25,T1A,34.00,T1F,1,T2R,34.50,T2A,34.00,T2F,0,P1,6.768,P1V,2.543,P1F,0,P2,0.002,P2V,1.891,P2F,0,IgR,0
2025-09-03 20:26:18.179,T,7166685,SR,144,SF,0,T1R,34.25,T1A,34.00,T1F,1,T2R,34.50,T2A,34.00,T2F,0,P1,6.783,P1V,2.546,P1F,0,P2,0.002,P2V,1.891,P2F,0,IgR,0
2025-09-03 20:26:18.406,T,7166912,SR,144,SF,0,T1R,34.25,T1A,34.00,T1F,1,T2R,34.25,T2A,34.00,T2F,0,P1,6.748,P1V,2.540,P1F,0,P2,0.000,P2V,1.891,P2F,0,IgR,0
2025-09-03 20:26:18.633,T,7167139,SR,144,SF,0,T1R,34.25,T1A,34.00,T1F,1,T2R,34.25,T2A,34.00,T2F,0,P1,6.778,P1V,2.545,P1F,0,P2,0.003,P2V,1.892,P2F,0,IgR,0
2025-09-03 20:26:18.860,T,7167366,SR,144,SF,0,T1R,34.25,T1A,34.00,T1F,1,T2R,34.50,T2A,34.00,T2F,0,P1,6.783,P1V,2.546,P1F,0,P2,0.004,P2V,1.893,P2F,0,IgR,0
2025-09-03 20:26:19.087,T,7167593,SR,144,SF,0,T1R,34.25,T1A,34.00,T1F,1,T2R,34.25,T2A,34.00,T2F,0,P1,6.753,P1V,2.541,P1F,0,P2,0.003,P2V,1.892,P2F,0,IgR,0
2025-09-03 20:26:19.314,T,7167820,SR,144,SF,0,T1R,34.25,T1A,34.00,T1F,1,T2R,34.50,T2A,34.00,T2F,0,P1,6.788,P1V,2.547,P1F,0,P2,0.004,P2V,1.893,P2F,0,IgR,0
2025-09-03 20:26:19.541,T,7168047,SR,144,SF,0,T1R,34.25,T1A,34.00,T1F,1,T2R,34.25,T2A,34.00,T2F,0,P1,6.778,P1V,2.545,P1F,0,P2,0.004,P2V,1.893,P2F,0,IgR,0
2025-09-03 20:26:19.768,T,7168274,SR,144,SF,0,T1R,34.25,T1A,34.00,T1F,1,T2R,34.25,T2A,34.00,T2F,0,P1,6.748,P1V,2.540,P1F,0,P2,0.002,P2V,1.891,P2F,0,IgR,0
2025-09-03 20:26:19.995,T,7168501,SR,144,SF,0,T1R,34.25,T1A,34.00,T1F,1,T2R,34.25,T2A,34.00,T2F,0,P1,6.788,P1V,2.547,P1F,0,P2,0.004,P2V,1.893,P2F,0,IgR,0
2025-09-03 20:26:20.222,T,7168728,SR,144,SF,0,T1R,34.25,T1A,34.00,T1F,1,T2R,34.50,T2A,34.00,T2F,0,P1,6.773,P1V,2.544,P1F,0,P2,0.003,P2V,1.892,P2F,0,IgR,0
2025-09-03 20:26:20.449,T,7168955,SR,144,SF,0,T1R,34.25,T1A,34.00,T1F,1,T2R,34.50,T2A,34.00,T2F,0,P1,6.758,P1V,2.542,P1F,0,P2,0.002,P2V,1.891,P2F,0,IgR,0
2025-09-03 20:26:20.676,T,7169182,SR,144,SF,0,T1R,34.25,T1A,34.00,T1F,1,T2R,34.50,T2A,34.00,T2F,0,P1,6.783,P1V,2.546,P1F,0,P2,0.004,P2V,1.893,P2F,0,IgR,0
2025-09-03 20:26:20.903,T,7169409,SR,144,SF,0,T1R,34.25,T1A,34.00,T1F,1,T2R,34.25,T2A,34.00,T2F,0,P1,6.768,P1V,2.543,P1F,0,P2,0.003,P2V,1.892,P2F,0,IgR,0
2025-09-03 20:26:21.130,T,7169636,SR,144,SF,0,T1R,34.00,T1A,34.00,T1F,1,T2R,34.25,T2A,34.00,T2F,0,P1,6.758,P1V,2.542,P1F,0,P2,0.004,P2V,1.893,P2F,0,IgR,0
2025-09-03 20:26:21.357,T,7169863,SR,144,SF,0,T1R,34.25,T1A,34.00,T1F,1,T2R,34.25,T2A,34.00,T2F,0,P1,6.768,P1V,2.543,P1F,0,P2,0.003,P2V,1.892,P2F,0,IgR,0
2025-09-03 20:26:21.584,T,7170090,SR,144,SF,0,T1R,34.25,T1A,34.00,T1F,1,T2R,34.25,T2A,34.00,T2F,0,P1,6.768,P1V,2.543,P1F,0,P2,0.004,P2V,1.893,P2F,0,IgR,0
2025-09-03 20:26:21.812,T,7170317,SR,144,SF,0,T1R,34.25,T1A,34.00,T1F,1,T2R,34.25,T2A,34.00,T2F,0,P1,6.763,P1V,2.542,P1F,0,P2,0.003,P2V,1.892,P2F,0,IgR,0
2025-09-03 20:26:22.038,T,7170544,SR,144,SF,0,T1R,34.25,T1A,34.00,T1F,1,T2R,34.50,T2A,34.00,T2F,0,P1,6.773,P1V,2.544,P1F,0,P2,0.004,P2V,1.893,P2F,0,IgR,0
2025-09-03 20:26:22.265,T,7170771,SR,144,SF,0,T1R,34.25,T1A,34.00,T1F,1,T2R,34.25,T2A,34.00,T2F,0,P1,6.758,P1V,2.542,P1F,0,P2,0.002,P2V,1.891,P2F,0,IgR,0
2025-09-03 20:26:22.492,T,7170998,SR,144,SF,0,T1R,34.25,T1A,34.00,T1F,1,T2R,34.25,T2A,34.00,T2F,0,P1,6.768,P1V,2.543,P1F,0,P2,0.003,P2V,1.892,P2F,0,IgR,0
2025-09-03 20:26:22.719,T,7171225,SR,144,SF,0,T1R,34.00,T1A,34.00,T1F,1,T2R,34.25,T2A,34.00,T2F,0,P1,6.768,P1V,2.543,P1F,0,P2,0.003,P2V,1.892,P2F,0,IgR,0
2025-09-03 20:26:22.946,T,7171452,SR,144,SF,0,T1R,34.00,T1A,34.00,T1F,1,T2R,34.25,T2A,34.00,T2F,0,P1,6.753,P1V,2.541,P1F,0,P2,0.003,P2V,1.892,P2F,0,IgR,0
2025-09-03 20:26:23.173,T,7171679,SR,144,SF,0,T1R,34.00,T1A,34.00,T1F,1,T2R,34.25,T2A,34.00,T2F,0,P1,6.778,P1V,2.545,P1F,0,P2,0.004,P2V,1.893,P2F,0,IgR,0
2025-09-03 20:26:23.400,T,7171906,SR,144,SF,0,T1R,34.25,T1A,34.00,T1F,1,T2R,34.25,T2A,34.00,T2F,0,P1,6.773,P1V,2.544,P1F,0,P2,0.003,P2V,1.892,P2F,0,IgR,0
2025-09-03 20:26:23.627,T,7172133,SR,144,SF,0,T1R,34.25,T1A,34.00,T1F,1,T2R,34.25,T2A,34.00,T2F,0,P1,6.748,P1V,2.540,P1F,0,P2,0.003,P2V,1.892,P2F,0,IgR,0
2025-09-03 20:26:23.854,T,7172360,SR,144,SF,0,T1R,34.00,T1A,34.00,T1F,1,T2R,34.25,T2A,34.00,T2F,0,P1,6.783,P1V,2.546,P1F,0,P2,0.004,P2V,1.893,P2F,0,IgR,0
2025-09-03 20:26:24.081,T,7172587,SR,144,SF,0,T1R,34.00,T1A,34.00,T1F,1,T2R,34.25,T2A,34.00,T2F,0,P1,6.778,P1V,2.545,P1F,0,P2,0.004,P2V,1.893,P2F,0,IgR,0
2025-09-03 20:26:24.308,T,7172814,SR,144,SF,0,T1R,34.00,T1A,34.00,T1F,1,T2R,34.25,T2A,34.00,T2F,0,P1,6.748,P1V,2.540,P1F,0,P2,0.004,P2V,1.893,P2F,0,IgR,0
2025-09-03 20:26:24.535,T,7173041,SR,144,SF,0,T1R,34.00,T1A,34.00,T1F,1,T2R,34.25,T2A,34.00,T2F,0,P1,6.783,P1V,2.546,P1F,0,P2,0.003,P2V,1.892,P2F,0,IgR,0
2025-09-03 20:26:24.763,T,7173268,SR,144,SF,0,T1R,34.00,T1A,34.00,T1F,1,T2R,34.25,T2A,34.00,T2F,0,P1,6.763,P1V,2.542,P1F,0,P2,0.003,P2V,1.892,P2F,0,IgR,0
2025-09-03 20:26:24.989,T,7173495,SR,144,SF,0,T1R,34.00,T1A,34.00,T1F,1,T2R,34.25,T2A,34.00,T2F,0,P1,6.738,P1V,2.538,P1F,0,P2,0.003,P2V,1.892,P2F,0,IgR,0
2025-09-03 20:26:25.217,T,7173722,SR,144,SF,0,T1R,34.00,T1A,34.00,T1F,1,T2R,34.25,T2A,34.00,T2F,0,P1,6.794,P1V,2.547,P1F,0,P2,0.008,P2V,1.895,P2F,0,IgR,0
2025-09-03 20:26:25.443,T,7173949,SR,144,SF,0,T1R,34.00,T1A,34.00,T1F,1,T2R,34.25,T2A,34.00,T2F,0,P1,6.753,P1V,2.541,P1F,0,P2,0.004,P2V,1.893,P2F,0,IgR,0
2025-09-03 20:26:25.669,T,7174176,SR,144,SF,0,T1R,34.00,T1A,34.00,T1F,1,T2R,34.00,T2A,34.00,T2F,0,P1,6.748,P1V,2.540,P1F,0,P2,0.003,P2V,1.892,P2F,0,IgR,0
2025-09-03 20:26:25.895,T,7174402,SR,144,SF,0,T1R,34.00,T1A,34.00,T1F,1,T2R,34.25,T2A,34.00,T2F,0,P1,6.763,P1V,2.542,P1F,0,P2,0.002,P2V,1.891,P2F,0,IgR,0
2025-09-03 20:26:26.123,T,7174629,SR,144,SF,0,T1R,34.00,T1A,34.00,T1F,1,T2R,34.25,T2A,34.00,T2F,0,P1,6.748,P1V,2.540,P1F,0,P2,0.003,P2V,1.892,P2F,0,IgR,0
2025-09-03 20:26:26.351,T,7174856,SR,144,SF,0,T1R,34.00,T1A,34.00,T1F,1,T2R,34.25,T2A,34.00,T2F,0,P1,6.753,P1V,2.541,P1F,0,P2,0.003,P2V,1.892,P2F,0,IgR,0
2025-09-03 20:26:26.582,T,7175083,SR,144,SF,0,T1R,34.00,T1A,34.00,T1F,1,T2R,34.25,T2A,34.00,T2F,0,P1,6.768,P1V,2.543,P1F,0,P2,0.004,P2V,1.893,P2F,0,IgR,0
