Timestamp,Raw Data...
2025-09-03 20:30:51.229,T,100595,SR,144,SF,0,T1R,23.75,T1A,23.00,T1F,0,T2R,24.00,T2A,23.00,T2F,0,P1,5.421,P1V,2.329,P1F,0,P2,0.002,P2V,1.891,P2F,0,IgR,0
2025-09-03 20:30:51.452,T,100821,SR,144,SF,0,T1R,23.75,T1A,23.00,T1F,0,T2R,23.75,T2A,23.00,T2F,0,P1,5.375,P1V,2.322,P1F,0,P2,-0.001,P2V,1.890,P2F,0,IgR,0
2025-09-03 20:30:51.677,T,101048,SR,144,SF,0,T1R,23.75,T1A,23.00,T1F,0,T2R,24.00,T2A,23.00,T2F,0,P1,5.451,P1V,2.334,P1F,0,P2,0.003,P2V,1.892,P2F,0,IgR,0
2025-09-03 20:30:51.901,T,101274,SR,144,SF,0,T1R,23.75,T1A,23.00,T1F,0,T2R,23.75,T2A,23.00,T2F,0,P1,5.416,P1V,2.328,P1F,0,P2,0.003,P2V,1.892,P2F,0,IgR,0
2025-09-03 20:30:52.126,T,101500,SR,144,SF,0,T1R,23.75,T1A,23.00,T1F,0,T2R,23.75,T2A,23.00,T2F,0,P1,5.386,P1V,2.323,P1F,0,P2,-0.001,P2V,1.890,P2F,0,IgR,0
2025-09-03 20:30:52.353,T,101727,SR,144,SF,0,T1R,23.75,T1A,23.00,T1F,0,T2R,23.75,T2A,23.00,T2F,0,P1,5.436,P1V,2.331,P1F,0,P2,0.000,P2V,1.891,P2F,0,IgR,0
2025-09-03 20:30:52.579,T,101953,SR,144,SF,0,T1R,23.75,T1A,23.00,T1F,0,T2R,23.75,T2A,23.00,T2F,0,P1,5.416,P1V,2.328,P1F,0,P2,0.003,P2V,1.892,P2F,0,IgR,0
2025-09-03 20:30:52.805,T,102179,SR,144,SF,0,T1R,23.75,T1A,23.00,T1F,0,T2R,23.75,T2A,23.00,T2F,0,P1,5.380,P1V,2.322,P1F,0,P2,0.000,P2V,1.891,P2F,0,IgR,0
2025-09-03 20:30:53.031,T,102405,SR,144,SF,0,T1R,23.75,T1A,23.00,T1F,0,T2R,23.75,T2A,23.00,T2F,0,P1,5.416,P1V,2.328,P1F,0,P2,0.002,P2V,1.891,P2F,0,IgR,0
2025-09-03 20:30:53.258,T,102631,SR,144,SF,0,T1R,23.75,T1A,23.00,T1F,0,T2R,23.75,T2A,23.00,T2F,0,P1,5.426,P1V,2.330,P1F,0,P2,0.003,P2V,1.892,P2F,0,IgR,0
2025-09-03 20:30:53.484,T,102857,SR,144,SF,0,T1R,23.50,T1A,23.00,T1F,0,T2R,23.75,T2A,23.00,T2F,0,P1,5.406,P1V,2.327,P1F,0,P2,0.002,P2V,1.891,P2F,0,IgR,0
2025-09-03 20:30:53.710,T,103083,SR,144,SF,0,T1R,23.75,T1A,23.00,T1F,0,T2R,23.75,T2A,23.00,T2F,0,P1,5.401,P1V,2.326,P1F,0,P2,0.002,P2V,1.891,P2F,0,IgR,0
2025-09-03 20:30:53.935,T,103309,SR,144,SF,0,T1R,23.50,T1A,23.00,T1F,0,T2R,23.50,T2A,23.00,T2F,0,P1,5.421,P1V,2.329,P1F,0,P2,0.002,P2V,1.891,P2F,0,IgR,0
2025-09-03 20:30:54.163,T,103536,SR,144,SF,0,T1R,23.50,T1A,23.00,T1F,0,T2R,23.75,T2A,23.00,T2F,0,P1,5.406,P1V,2.327,P1F,0,P2,0.002,P2V,1.891,P2F,0,IgR,0
2025-09-03 20:30:54.388,T,103761,SR,144,SF,0,T1R,23.50,T1A,23.00,T1F,0,T2R,23.50,T2A,23.00,T2F,0,P1,5.380,P1V,2.322,P1F,0,P2,0.000,P2V,1.891,P2F,0,IgR,0
2025-09-03 20:30:54.614,T,103987,SR,144,SF,0,T1R,23.50,T1A,23.00,T1F,0,T2R,23.50,T2A,23.00,T2F,0,P1,5.431,P1V,2.331,P1F,0,P2,0.002,P2V,1.891,P2F,0,IgR,0
2025-09-03 20:30:54.840,T,104213,SR,144,SF,0,T1R,23.50,T1A,23.00,T1F,0,T2R,23.75,T2A,23.00,T2F,0,P1,5.406,P1V,2.327,P1F,0,P2,0.002,P2V,1.891,P2F,0,IgR,0
2025-09-03 20:30:55.065,T,104439,SR,144,SF,0,T1R,23.50,T1A,23.00,T1F,0,T2R,23.75,T2A,23.00,T2F,0,P1,5.386,P1V,2.323,P1F,0,P2,-0.001,P2V,1.890,P2F,0,IgR,0
2025-09-03 20:30:55.292,T,104665,SR,144,SF,0,T1R,23.50,T1A,23.00,T1F,0,T2R,23.75,T2A,23.00,T2F,0,P1,5.406,P1V,2.327,P1F,0,P2,0.003,P2V,1.892,P2F,0,IgR,0
2025-09-03 20:30:55.518,T,104891,SR,144,SF,0,T1R,23.50,T1A,23.00,T1F,0,T2R,23.75,T2A,23.00,T2F,0,P1,5.411,P1V,2.327,P1F,0,P2,0.000,P2V,1.891,P2F,0,IgR,0
2025-09-03 20:30:55.743,T,105117,SR,144,SF,0,T1R,23.50,T1A,23.00,T1F,0,T2R,23.50,T2A,23.00,T2F,0,P1,5.386,P1V,2.323,P1F,0,P2,0.000,P2V,1.891,P2F,0,IgR,0
2025-09-03 20:30:55.969,T,105343,SR,144,SF,0,T1R,23.50,T1A,23.00,T1F,0,T2R,23.50,T2A,23.00,T2F,0,P1,5.380,P1V,2.322,P1F,0,P2,-0.001,P2V,1.890,P2F,0,IgR,0
2025-09-03 20:30:56.195,T,105569,SR,144,SF,0,T1R,23.50,T1A,23.00,T1F,0,T2R,23.50,T2A,23.00,T2F,0,P1,5.416,P1V,2.328,P1F,0,P2,0.002,P2V,1.891,P2F,0,IgR,0
2025-09-03 20:30:56.421,T,105795,SR,144,SF,0,T1R,23.50,T1A,23.00,T1F,0,T2R,23.75,T2A,23.00,T2F,0,P1,5.396,P1V,2.325,P1F,0,P2,0.000,P2V,1.891,P2F,0,IgR,0
2025-09-03 20:30:56.647,T,106021,SR,144,SF,0,T1R,23.50,T1A,23.00,T1F,0,T2R,23.75,T2A,23.00,T2F,0,P1,5.370,P1V,2.321,P1F,0,P2,0.002,P2V,1.891,P2F,0,IgR,0
2025-09-03 20:30:56.873,T,106247,SR,144,SF,0,T1R,23.50,T1A,23.00,T1F,0,T2R,23.50,T2A,23.00,T2F,0,P1,5.401,P1V,2.326,P1F,0,P2,-0.001,P2V,1.890,P2F,0,IgR,0
2025-09-03 20:30:57.100,T,106473,SR,144,SF,0,T1R,23.50,T1A,23.00,T1F,0,T2R,23.75,T2A,23.00,T2F,0,P1,5.406,P1V,2.327,P1F,0,P2,0.004,P2V,1.893,P2F,0,IgR,0
2025-09-03 20:30:57.326,T,106699,SR,144,SF,0,T1R,23.50,T1A,23.00,T1F,0,T2R,23.50,T2A,23.00,T2F,0,P1,5.386,P1V,2.323,P1F,0,P2,0.000,P2V,1.891,P2F,0,IgR,0
2025-09-03 20:30:57.552,T,106925,SR,144,SF,0,T1R,23.50,T1A,23.00,T1F,0,T2R,23.50,T2A,23.00,T2F,0,P1,5.391,P1V,2.324,P1F,0,P2,0.002,P2V,1.891,P2F,0,IgR,0
2025-09-03 20:30:57.778,T,107151,SR,144,SF,0,T1R,23.50,T1A,23.00,T1F,0,T2R,23.75,T2A,23.00,T2F,0,P1,5.401,P1V,2.326,P1F,0,P2,0.000,P2V,1.891,P2F,0,IgR,0
2025-09-03 20:30:58.003,T,107377,SR,144,SF,0,T1R,23.50,T1A,23.00,T1F,0,T2R,23.50,T2A,23.00,T2F,0,P1,5.391,P1V,2.324,P1F,0,P2,0.002,P2V,1.891,P2F,0,IgR,0
2025-09-03 20:30:58.229,T,107603,SR,144,SF,0,T1R,23.50,T1A,23.00,T1F,0,T2R,23.50,T2A,23.00,T2F,0,P1,5.370,P1V,2.321,P1F,0,P2,0.000,P2V,1.891,P2F,0,IgR,0
2025-09-03 20:30:58.455,T,107829,SR,144,SF,0,T1R,23.50,T1A,23.00,T1F,0,T2R,23.50,T2A,23.00,T2F,0,P1,5.411,P1V,2.327,P1F,0,P2,0.003,P2V,1.892,P2F,0,IgR,0
2025-09-03 20:30:58.681,T,108056,SR,144,SF,0,T1R,23.50,T1A,23.00,T1F,0,T2R,23.50,T2A,23.00,T2F,0,P1,5.391,P1V,2.324,P1F,0,P2,0.002,P2V,1.891,P2F,0,IgR,0
2025-09-03 20:30:58.907,T,108281,SR,144,SF,0,T1R,23.50,T1A,23.00,T1F,0,T2R,23.50,T2A,23.00,T2F,0,P1,5.360,P1V,2.319,P1F,0,P2,0.000,P2V,1.891,P2F,0,IgR,0
2025-09-03 20:30:59.134,T,108507,SR,144,SF,0,T1R,23.50,T1A,23.00,T1F,0,T2R,23.50,T2A,23.00,T2F,0,P1,5.396,P1V,2.325,P1F,0,P2,0.003,P2V,1.892,P2F,0,IgR,0
2025-09-03 20:30:59.360,T,108733,SR,144,SF,0,T1R,23.50,T1A,23.00,T1F,0,T2R,23.50,T2A,23.00,T2F,0,P1,5.391,P1V,2.324,P1F,0,P2,0.000,P2V,1.891,P2F,0,IgR,0
2025-09-03 20:30:59.586,T,108959,SR,144,SF,0,T1R,23.50,T1A,23.00,T1F,0,T2R,23.50,T2A,23.00,T2F,0,P1,5.375,P1V,2.322,P1F,0,P2,0.002,P2V,1.891,P2F,0,IgR,0
2025-09-03 20:30:59.812,T,109185,SR,144,SF,0,T1R,23.50,T1A,23.00,T1F,0,T2R,23.50,T2A,23.00,T2F,0,P1,5.375,P1V,2.322,P1F,0,P2,0.000,P2V,1.891,P2F,0,IgR,0
2025-09-03 20:31:00.038,T,109411,SR,144,SF,0,T1R,23.50,T1A,23.00,T1F,0,T2R,23.50,T2A,23.00,T2F,0,P1,5.396,P1V,2.325,P1F,0,P2,0.002,P2V,1.891,P2F,0,IgR,0
2025-09-03 20:31:00.263,T,109637,SR,144,SF,0,T1R,23.50,T1A,23.00,T1F,0,T2R,23.50,T2A,23.00,T2F,0,P1,5.375,P1V,2.322,P1F,0,P2,0.000,P2V,1.891,P2F,0,IgR,0
2025-09-03 20:31:00.489,T,109863,SR,144,SF,0,T1R,23.50,T1A,23.00,T1F,0,T2R,23.50,T2A,23.00,T2F,0,P1,5.360,P1V,2.319,P1F,0,P2,0.002,P2V,1.891,P2F,0,IgR,0
2025-09-03 20:31:00.715,T,110089,SR,144,SF,0,T1R,23.50,T1A,23.00,T1F,0,T2R,23.50,T2A,23.00,T2F,0,P1,5.401,P1V,2.326,P1F,0,P2,0.002,P2V,1.891,P2F,0,IgR,0
2025-09-03 20:31:00.944,T,110315,SR,144,SF,0,T1R,23.50,T1A,23.00,T1F,0,T2R,23.50,T2A,23.00,T2F,0,P1,5.386,P1V,2.323,P1F,0,P2,0.002,P2V,1.891,P2F,0,IgR,0
2025-09-03 20:31:01.168,T,110541,SR,144,SF,0,T1R,23.50,T1A,23.00,T1F,0,T2R,23.50,T2A,23.00,T2F,0,P1,5.355,P1V,2.318,P1F,0,P2,0.000,P2V,1.891,P2F,0,IgR,0
2025-09-03 20:31:01.393,T,110767,SR,144,SF,0,T1R,23.50,T1A,23.00,T1F,0,T2R,23.50,T2A,23.00,T2F,0,P1,5.380,P1V,2.322,P1F,0,P2,0.002,P2V,1.891,P2F,0,IgR,0
2025-09-03 20:31:01.619,T,110993,SR,144,SF,0,T1R,23.50,T1A,23.00,T1F,0,T2R,23.50,T2A,23.00,T2F,0,P1,5.380,P1V,2.322,P1F,0,P2,0.003,P2V,1.892,P2F,0,IgR,0
2025-09-03 20:31:01.845,T,111219,SR,144,SF,0,T1R,23.50,T1A,23.00,T1F,0,T2R,23.50,T2A,23.00,T2F,0,P1,5.360,P1V,2.319,P1F,0,P2,0.000,P2V,1.891,P2F,0,IgR,0
2025-09-03 20:31:02.072,T,111445,SR,144,SF,0,T1R,23.50,T1A,23.00,T1F,0,T2R,23.50,T2A,23.00,T2F,0,P1,5.365,P1V,2.320,P1F,0,P2,0.000,P2V,1.891,P2F,0,IgR,0
2025-09-03 20:31:02.298,T,111671,SR,144,SF,0,T1R,23.25,T1A,23.00,T1F,0,T2R,23.50,T2A,23.00,T2F,0,P1,5.386,P1V,2.323,P1F,0,P2,0.000,P2V,1.891,P2F,0,IgR,0
2025-09-03 20:31:02.523,T,111897,SR,144,SF,0,T1R,23.25,T1A,23.00,T1F,0,T2R,23.50,T2A,23.00,T2F,0,P1,5.370,P1V,2.321,P1F,0,P2,0.002,P2V,1.891,P2F,0,IgR,0
2025-09-03 20:31:02.749,T,112123,SR,144,SF,0,T1R,23.25,T1A,23.00,T1F,0,T2R,23.50,T2A,23.00,T2F,0,P1,5.370,P1V,2.321,P1F,0,P2,0.003,P2V,1.892,P2F,0,IgR,0
2025-09-03 20:31:02.975,T,112349,SR,144,SF,0,T1R,23.25,T1A,23.00,T1F,0,T2R,23.50,T2A,23.00,T2F,0,P1,5.380,P1V,2.322,P1F,0,P2,-0.001,P2V,1.890,P2F,0,IgR,0
2025-09-03 20:31:03.201,T,112576,SR,144,SF,0,T1R,23.50,T1A,23.00,T1F,0,T2R,23.50,T2A,23.00,T2F,0,P1,5.396,P1V,2.325,P1F,0,P2,0.006,P2V,1.894,P2F,0,IgR,0
2025-09-03 20:31:03.427,T,112801,SR,144,SF,0,T1R,23.25,T1A,23.00,T1F,0,T2R,23.50,T2A,23.00,T2F,0,P1,5.380,P1V,2.322,P1F,0,P2,0.007,P2V,1.895,P2F,0,IgR,0
2025-09-03 20:31:03.653,T,113027,SR,144,SF,0,T1R,23.25,T1A,23.00,T1F,0,T2R,23.50,T2A,23.00,T2F,0,P1,5.365,P1V,2.320,P1F,0,P2,0.002,P2V,1.891,P2F,0,IgR,0
2025-09-03 20:31:03.880,T,113253,SR,144,SF,0,T1R,23.50,T1A,23.00,T1F,0,T2R,23.50,T2A,23.00,T2F,0,P1,5.370,P1V,2.321,P1F,0,P2,0.002,P2V,1.891,P2F,0,IgR,0
2025-09-03 20:31:04.107,T,113479,SR,144,SF,0,T1R,23.50,T1A,23.00,T1F,0,T2R,23.50,T2A,23.00,T2F,0,P1,5.365,P1V,2.320,P1F,0,P2,0.002,P2V,1.891,P2F,0,IgR,0
2025-09-03 20:31:04.332,T,113705,SR,144,SF,0,T1R,23.50,T1A,23.00,T1F,0,T2R,23.50,T2A,23.00,T2F,0,P1,5.355,P1V,2.318,P1F,0,P2,0.000,P2V,1.891,P2F,0,IgR,0
2025-09-03 20:31:04.557,T,113931,SR,144,SF,0,T1R,23.25,T1A,23.00,T1F,0,T2R,23.50,T2A,23.00,T2F,0,P1,5.375,P1V,2.322,P1F,0,P2,0.002,P2V,1.891,P2F,0,IgR,0
2025-09-03 20:31:04.783,T,114157,SR,144,SF,0,T1R,23.25,T1A,23.00,T1F,0,T2R,23.50,T2A,23.00,T2F,0,P1,5.370,P1V,2.321,P1F,0,P2,0.002,P2V,1.891,P2F,0,IgR,0
2025-09-03 20:31:05.009,T,114383,SR,144,SF,0,T1R,23.25,T1A,23.00,T1F,0,T2R,23.50,T2A,23.00,T2F,0,P1,5.345,P1V,2.317,P1F,0,P2,0.002,P2V,1.891,P2F,0,IgR,0
2025-09-03 20:31:05.235,T,114609,SR,144,SF,0,T1R,23.25,T1A,23.00,T1F,0,T2R,23.50,T2A,23.00,T2F,0,P1,5.365,P1V,2.320,P1F,0,P2,0.003,P2V,1.892,P2F,0,IgR,0
2025-09-03 20:31:05.461,T,114835,SR,144,SF,0,T1R,23.25,T1A,23.00,T1F,0,T2R,23.50,T2A,23.00,T2F,0,P1,5.360,P1V,2.319,P1F,0,P2,0.000,P2V,1.891,P2F,0,IgR,0
2025-09-03 20:31:05.687,T,115061,SR,144,SF,0,T1R,23.25,T1A,23.00,T1F,0,T2R,23.50,T2A,23.00,T2F,0,P1,5.360,P1V,2.319,P1F,0,P2,0.003,P2V,1.892,P2F,0,IgR,0
2025-09-03 20:31:05.913,T,115287,SR,144,SF,0,T1R,23.25,T1A,23.00,T1F,0,T2R,23.50,T2A,23.00,T2F,0,P1,5.350,P1V,2.318,P1F,0,P2,0.002,P2V,1.891,P2F,0,IgR,0
2025-09-03 20:31:06.139,T,115513,SR,144,SF,0,T1R,23.25,T1A,23.00,T1F,0,T2R,23.50,T2A,23.00,T2F,0,P1,5.370,P1V,2.321,P1F,0,P2,0.002,P2V,1.891,P2F,0,IgR,0
2025-09-03 20:31:06.366,T,115739,SR,144,SF,0,T1R,23.25,T1A,23.00,T1F,0,T2R,23.50,T2A,23.00,T2F,0,P1,5.365,P1V,2.320,P1F,0,P2,0.002,P2V,1.891,P2F,0,IgR,0
2025-09-03 20:31:06.592,T,115965,SR,144,SF,0,T1R,23.25,T1A,23.00,T1F,0,T2R,23.50,T2A,23.00,T2F,0,P1,5.340,P1V,2.316,P1F,0,P2,0.000,P2V,1.891,P2F,0,IgR,0
2025-09-03 20:31:06.817,T,116191,SR,144,SF,0,T1R,23.25,T1A,23.00,T1F,0,T2R,23.50,T2A,23.00,T2F,0,P1,5.360,P1V,2.319,P1F,0,P2,0.000,P2V,1.891,P2F,0,IgR,0
2025-09-03 20:31:07.043,T,116417,SR,144,SF,0,T1R,23.25,T1A,23.00,T1F,0,T2R,23.50,T2A,23.00,T2F,0,P1,5.355,P1V,2.318,P1F,0,P2,0.002,P2V,1.891,P2F,0,IgR,0
2025-09-03 20:31:07.269,T,116643,SR,144,SF,0,T1R,23.25,T1A,23.00,T1F,0,T2R,23.50,T2A,23.00,T2F,0,P1,5.340,P1V,2.316,P1F,0,P2,0.002,P2V,1.891,P2F,0,IgR,0
2025-09-03 20:31:07.495,T,116869,SR,144,SF,0,T1R,23.25,T1A,23.00,T1F,0,T2R,23.50,T2A,23.00,T2F,0,P1,5.350,P1V,2.318,P1F,0,P2,0.002,P2V,1.891,P2F,0,IgR,0
2025-09-03 20:31:07.722,T,117095,SR,144,SF,0,T1R,23.25,T1A,23.00,T1F,0,T2R,23.50,T2A,23.00,T2F,0,P1,5.350,P1V,2.318,P1F,0,P2,0.003,P2V,1.892,P2F,0,IgR,0
2025-09-03 20:31:07.947,T,117321,SR,144,SF,0,T1R,23.25,T1A,23.00,T1F,0,T2R,23.50,T2A,23.00,T2F,0,P1,5.350,P1V,2.318,P1F,0,P2,0.000,P2V,1.891,P2F,0,IgR,0
2025-09-03 20:31:08.173,T,117547,SR,144,SF,0,T1R,23.25,T1A,23.00,T1F,0,T2R,23.25,T2A,23.00,T2F,0,P1,5.335,P1V,2.315,P1F,0,P2,0.004,P2V,1.893,P2F,0,IgR,0
2025-09-03 20:31:08.400,T,117773,SR,144,SF,0,T1R,23.25,T1A,23.00,T1F,0,T2R,23.25,T2A,23.00,T2F,0,P1,5.370,P1V,2.321,P1F,0,P2,0.002,P2V,1.891,P2F,0,IgR,0
2025-09-03 20:31:08.625,T,117999,SR,144,SF,0,T1R,23.25,T1A,23.00,T1F,0,T2R,23.50,T2A,23.00,T2F,0,P1,5.350,P1V,2.318,P1F,0,P2,0.002,P2V,1.891,P2F,0,IgR,0
2025-09-03 20:31:08.852,T,118225,SR,144,SF,0,T1R,23.25,T1A,23.00,T1F,0,T2R,23.25,T2A,23.00,T2F,0,P1,5.330,P1V,2.314,P1F,0,P2,0.000,P2V,1.891,P2F,0,IgR,0
2025-09-03 20:31:09.077,T,118451,SR,144,SF,0,T1R,23.25,T1A,23.00,T1F,0,T2R,23.50,T2A,23.00,T2F,0,P1,5.360,P1V,2.319,P1F,0,P2,0.002,P2V,1.891,P2F,0,IgR,0
2025-09-03 20:31:09.304,T,118677,SR,144,SF,0,T1R,23.25,T1A,23.00,T1F,0,T2R,23.50,T2A,23.00,T2F,0,P1,5.350,P1V,2.318,P1F,0,P2,0.002,P2V,1.891,P2F,0,IgR,0
2025-09-03 20:31:09.530,T,118903,SR,144,SF,0,T1R,23.25,T1A,23.00,T1F,0,T2R,23.25,T2A,23.00,T2F,0,P1,5.340,P1V,2.316,P1F,0,P2,0.003,P2V,1.892,P2F,0,IgR,0
2025-09-03 20:31:09.755,T,119129,SR,144,SF,0,T1R,23.25,T1A,23.00,T1F,0,T2R,23.25,T2A,23.00,T2F,0,P1,5.335,P1V,2.315,P1F,0,P2,0.002,P2V,1.891,P2F,0,IgR,0
2025-09-03 20:31:09.982,T,119355,SR,144,SF,0,T1R,23.00,T1A,23.00,T1F,0,T2R,23.50,T2A,23.00,T2F,0,P1,5.340,P1V,2.316,P1F,0,P2,0.003,P2V,1.892,P2F,0,IgR,0
2025-09-03 20:31:10.208,T,119581,SR,144,SF,0,T1R,23.25,T1A,23.00,T1F,0,T2R,23.25,T2A,23.00,T2F,0,P1,5.335,P1V,2.315,P1F,0,P2,0.000,P2V,1.891,P2F,0,IgR,0
2025-09-03 20:31:10.434,T,119807,SR,144,SF,0,T1R,23.25,T1A,23.00,T1F,0,T2R,23.25,T2A,23.00,T2F,0,P1,5.325,P1V,2.314,P1F,0,P2,0.002,P2V,1.891,P2F,0,IgR,0
2025-09-03 20:31:10.660,T,120033,SR,144,SF,0,T1R,23.25,T1A,23.00,T1F,0,T2R,23.25,T2A,23.00,T2F,0,P1,5.355,P1V,2.318,P1F,0,P2,0.000,P2V,1.891,P2F,0,IgR,0
2025-09-03 20:31:10.885,T,120259,SR,144,SF,0,T1R,23.00,T1A,23.00,T1F,0,T2R,23.25,T2A,23.00,T2F,0,P1,5.340,P1V,2.316,P1F,0,P2,0.000,P2V,1.891,P2F,0,IgR,0
2025-09-03 20:31:11.112,T,120485,SR,144,SF,0,T1R,23.25,T1A,23.00,T1F,0,T2R,23.25,T2A,23.00,T2F,0,P1,5.320,P1V,2.313,P1F,0,P2,0.000,P2V,1.891,P2F,0,IgR,0
2025-09-03 20:31:11.337,T,120711,SR,144,SF,0,T1R,23.25,T1A,23.00,T1F,0,T2R,23.25,T2A,23.00,T2F,0,P1,5.340,P1V,2.316,P1F,0,P2,0.002,P2V,1.891,P2F,0,IgR,0
2025-09-03 20:31:11.563,T,120937,SR,144,SF,0,T1R,23.00,T1A,23.00,T1F,0,T2R,23.25,T2A,23.00,T2F,0,P1,5.340,P1V,2.316,P1F,0,P2,0.002,P2V,1.891,P2F,0,IgR,0
2025-09-03 20:31:11.789,T,121163,SR,144,SF,0,T1R,23.00,T1A,23.00,T1F,0,T2R,23.25,T2A,23.00,T2F,0,P1,5.335,P1V,2.315,P1F,0,P2,0.000,P2V,1.891,P2F,0,IgR,0
2025-09-03 20:31:12.015,T,121389,SR,144,SF,0,T1R,23.00,T1A,23.00,T1F,0,T2R,23.25,T2A,23.00,T2F,0,P1,5.330,P1V,2.314,P1F,0,P2,0.003,P2V,1.892,P2F,0,IgR,0
2025-09-03 20:31:12.241,T,121616,SR,144,SF,0,T1R,23.00,T1A,23.00,T1F,0,T2R,23.25,T2A,23.00,T2F,0,P1,5.345,P1V,2.317,P1F,0,P2,0.002,P2V,1.891,P2F,0,IgR,0
2025-09-03 20:31:12.467,T,121841,SR,144,SF,0,T1R,23.00,T1A,23.00,T1F,0,T2R,23.25,T2A,23.00,T2F,0,P1,5.340,P1V,2.316,P1F,0,P2,-0.001,P2V,1.890,P2F,0,IgR,0
2025-09-03 20:31:12.693,T,122067,SR,144,SF,0,T1R,23.00,T1A,23.00,T1F,0,T2R,23.25,T2A,23.00,T2F,0,P1,5.315,P1V,2.312,P1F,0,P2,0.000,P2V,1.891,P2F,0,IgR,0
2025-09-03 20:31:12.919,T,122293,SR,144,SF,0,T1R,23.00,T1A,23.00,T1F,0,T2R,23.25,T2A,23.00,T2F,0,P1,5.345,P1V,2.317,P1F,0,P2,0.003,P2V,1.892,P2F,0,IgR,0
2025-09-03 20:31:13.145,T,122519,SR,144,SF,0,T1R,23.00,T1A,23.00,T1F,0,T2R,23.25,T2A,23.00,T2F,0,P1,5.340,P1V,2.316,P1F,0,P2,0.003,P2V,1.892,P2F,0,IgR,0
2025-09-03 20:31:13.371,T,122745,SR,144,SF,0,T1R,23.00,T1A,23.00,T1F,0,T2R,23.25,T2A,23.00,T2F,0,P1,5.325,P1V,2.314,P1F,0,P2,0.002,P2V,1.891,P2F,0,IgR,0
2025-09-03 20:31:13.597,T,122971,SR,144,SF,0,T1R,23.00,T1A,23.00,T1F,0,T2R,23.25,T2A,23.00,T2F,0,P1,5.325,P1V,2.314,P1F,0,P2,0.000,P2V,1.891,P2F,0,IgR,0
2025-09-03 20:31:13.823,T,123197,SR,144,SF,0,T1R,23.00,T1A,23.00,T1F,0,T2R,23.25,T2A,23.00,T2F,0,P1,5.335,P1V,2.315,P1F,0,P2,0.000,P2V,1.891,P2F,0,IgR,0
2025-09-03 20:31:14.049,T,123423,SR,144,SF,0,T1R,23.00,T1A,23.00,T1F,0,T2R,23.25,T2A,23.00,T2F,0,P1,5.320,P1V,2.313,P1F,0,P2,0.002,P2V,1.891,P2F,0,IgR,0
2025-09-03 20:31:14.276,T,123649,SR,144,SF,0,T1R,23.00,T1A,23.00,T1F,0,T2R,23.25,T2A,23.00,T2F,0,P1,5.315,P1V,2.312,P1F,0,P2,0.002,P2V,1.891,P2F,0,IgR,0
2025-09-03 20:31:14.500,T,123875,SR,144,SF,0,T1R,23.00,T1A,23.00,T1F,0,T2R,23.00,T2A,23.00,T2F,0,P1,5.340,P1V,2.316,P1F,0,P2,0.002,P2V,1.891,P2F,0,IgR,0
2025-09-03 20:31:14.728,T,124101,SR,144,SF,0,T1R,23.00,T1A,23.00,T1F,0,T2R,23.25,T2A,23.00,T2F,0,P1,5.325,P1V,2.314,P1F,0,P2,0.003,P2V,1.892,P2F,0,IgR,0
2025-09-03 20:31:14.953,T,124327,SR,144,SF,0,T1R,23.00,T1A,23.00,T1F,0,T2R,23.25,T2A,23.00,T2F,0,P1,5.305,P1V,2.310,P1F,0,P2,0.000,P2V,1.891,P2F,0,IgR,0
2025-09-03 20:31:15.179,T,124553,SR,144,SF,0,T1R,23.00,T1A,23.00,T1F,0,T2R,23.25,T2A,23.00,T2F,0,P1,5.330,P1V,2.314,P1F,0,P2,0.000,P2V,1.891,P2F,0,IgR,0
2025-09-03 20:31:15.405,T,124779,SR,144,SF,0,T1R,23.00,T1A,23.00,T1F,0,T2R,23.25,T2A,23.00,T2F,0,P1,5.330,P1V,2.314,P1F,0,P2,0.003,P2V,1.892,P2F,0,IgR,0
2025-09-03 20:31:15.631,T,125006,SR,144,SF,0,T1R,23.00,T1A,23.00,T1F,0,T2R,23.00,T2A,23.00,T2F,0,P1,5.315,P1V,2.312,P1F,0,P2,0.002,P2V,1.891,P2F,0,IgR,0
2025-09-03 20:31:15.857,T,125231,SR,144,SF,0,T1R,23.00,T1A,23.00,T1F,0,T2R,23.00,T2A,23.00,T2F,0,P1,5.315,P1V,2.312,P1F,0,P2,0.003,P2V,1.892,P2F,0,IgR,0
2025-09-03 20:31:16.082,T,125457,SR,144,SF,0,T1R,23.00,T1A,23.00,T1F,0,T2R,23.00,T2A,23.00,T2F,0,P1,5.330,P1V,2.314,P1F,0,P2,0.000,P2V,1.891,P2F,0,IgR,0
2025-09-03 20:31:16.308,T,125683,SR,144,SF,0,T1R,23.00,T1A,23.00,T1F,0,T2R,23.00,T2A,23.00,T2F,0,P1,5.315,P1V,2.312,P1F,0,P2,0.002,P2V,1.891,P2F,0,IgR,0
2025-09-03 20:31:16.534,T,125909,SR,144,SF,0,T1R,23.00,T1A,23.00,T1F,0,T2R,23.00,T2A,23.00,T2F,0,P1,5.305,P1V,2.310,P1F,0,P2,0.003,P2V,1.892,P2F,0,IgR,0
2025-09-03 20:31:16.760,T,126136,SR,144,SF,0,T1R,23.00,T1A,23.00,T1F,0,T2R,23.00,T2A,23.00,T2F,0,P1,5.325,P1V,2.314,P1F,0,P2,0.002,P2V,1.891,P2F,0,IgR,0
2025-09-03 20:31:16.986,T,126361,SR,144,SF,0,T1R,23.00,T1A,23.00,T1F,0,T2R,23.00,T2A,23.00,T2F,0,P1,5.315,P1V,2.312,P1F,0,P2,0.000,P2V,1.891,P2F,0,IgR,0
2025-09-03 20:31:17.213,T,126587,SR,144,SF,0,T1R,23.00,T1A,23.00,T1F,0,T2R,23.00,T2A,23.00,T2F,0,P1,5.305,P1V,2.310,P1F,0,P2,0.002,P2V,1.891,P2F,0,IgR,0
2025-09-03 20:31:17.439,T,126813,SR,144,SF,0,T1R,23.00,T1A,23.00,T1F,0,T2R,23.00,T2A,23.00,T2F,0,P1,5.315,P1V,2.312,P1F,0,P2,0.000,P2V,1.891,P2F,0,IgR,0
2025-09-03 20:31:17.665,T,127039,SR,144,SF,0,T1R,23.00,T1A,23.00,T1F,0,T2R,23.00,T2A,23.00,T2F,0,P1,5.320,P1V,2.313,P1F,0,P2,0.000,P2V,1.891,P2F,0,IgR,0
2025-09-03 20:31:17.891,T,127265,SR,144,SF,0,T1R,23.00,T1A,23.00,T1F,0,T2R,23.00,T2A,23.00,T2F,0,P1,5.315,P1V,2.312,P1F,0,P2,0.000,P2V,1.891,P2F,0,IgR,0
2025-09-03 20:31:18.117,T,127491,SR,144,SF,0,T1R,23.00,T1A,23.00,T1F,0,T2R,23.00,T2A,23.00,T2F,0,P1,5.299,P1V,2.310,P1F,0,P2,0.002,P2V,1.891,P2F,0,IgR,0
2025-09-03 20:31:18.343,T,127717,SR,144,SF,0,T1R,23.00,T1A,23.00,T1F,0,T2R,23.00,T2A,23.00,T2F,0,P1,5.325,P1V,2.314,P1F,0,P2,0.004,P2V,1.893,P2F,0,IgR,0
2025-09-03 20:31:18.568,T,127943,SR,144,SF,0,T1R,23.00,T1A,23.00,T1F,0,T2R,23.00,T2A,23.00,T2F,0,P1,5.305,P1V,2.310,P1F,0,P2,0.002,P2V,1.891,P2F,0,IgR,0
2025-09-03 20:31:18.795,T,128169,SR,144,SF,0,T1R,23.00,T1A,23.00,T1F,0,T2R,23.00,T2A,23.00,T2F,0,P1,5.289,P1V,2.308,P1F,0,P2,0.000,P2V,1.891,P2F,0,IgR,0
2025-09-03 20:31:19.021,T,128396,SR,144,SF,0,T1R,23.00,T1A,23.00,T1F,0,T2R,23.00,T2A,23.00,T2F,0,P1,5.320,P1V,2.313,P1F,0,P2,0.003,P2V,1.892,P2F,0,IgR,0
2025-09-03 20:31:19.247,T,128621,SR,144,SF,0,T1R,23.00,T1A,23.00,T1F,0,T2R,23.00,T2A,23.00,T2F,0,P1,5.320,P1V,2.313,P1F,0,P2,0.002,P2V,1.891,P2F,0,IgR,0
2025-09-03 20:31:19.473,T,128847,SR,144,SF,0,T1R,23.00,T1A,23.00,T1F,0,T2R,23.00,T2A,23.00,T2F,0,P1,5.294,P1V,2.309,P1F,0,P2,0.002,P2V,1.891,P2F,0,IgR,0
2025-09-03 20:31:19.699,T,129073,SR,144,SF,0,T1R,22.75,T1A,23.00,T1F,0,T2R,22.75,T2A,23.00,T2F,0,P1,5.305,P1V,2.310,P1F,0,P2,0.000,P2V,1.891,P2F,0,IgR,0
2025-09-03 20:31:19.925,T,129299,SR,144,SF,0,T1R,22.75,T1A,23.00,T1F,0,T2R,23.00,T2A,23.00,T2F,0,P1,5.315,P1V,2.312,P1F,0,P2,0.000,P2V,1.891,P2F,0,IgR,0
2025-09-03 20:31:20.151,T,129526,SR,144,SF,0,T1R,23.00,T1A,23.00,T1F,0,T2R,22.75,T2A,22.00,T2F,0,P1,5.299,P1V,2.310,P1F,0,P2,0.003,P2V,1.892,P2F,0,IgR,0
2025-09-03 20:31:20.376,T,129751,SR,144,SF,0,T1R,23.00,T1A,23.00,T1F,0,T2R,23.00,T2A,22.00,T2F,0,P1,5.284,P1V,2.307,P1F,0,P2,0.002,P2V,1.891,P2F,0,IgR,0
2025-09-03 20:31:20.603,T,129977,SR,144,SF,0,T1R,22.75,T1A,23.00,T1F,0,T2R,23.00,T2A,22.00,T2F,0,P1,5.320,P1V,2.313,P1F,0,P2,0.000,P2V,1.891,P2F,0,IgR,0
2025-09-03 20:31:20.830,T,130203,SR,144,SF,0,T1R,23.00,T1A,23.00,T1F,0,T2R,23.00,T2A,22.00,T2F,0,P1,5.305,P1V,2.310,P1F,0,P2,0.000,P2V,1.891,P2F,0,IgR,0
2025-09-03 20:31:21.055,T,130429,SR,144,SF,0,T1R,22.75,T1A,23.00,T1F,0,T2R,23.00,T2A,22.00,T2F,0,P1,5.284,P1V,2.307,P1F,0,P2,0.002,P2V,1.891,P2F,0,IgR,0
2025-09-03 20:31:21.281,T,130656,SR,144,SF,0,T1R,23.00,T1A,23.00,T1F,0,T2R,23.00,T2A,23.00,T2F,0,P1,5.310,P1V,2.311,P1F,0,P2,0.003,P2V,1.892,P2F,0,IgR,0
2025-09-03 20:31:21.507,T,130881,SR,144,SF,0,T1R,23.00,T1A,23.00,T1F,0,T2R,23.00,T2A,23.00,T2F,0,P1,5.310,P1V,2.311,P1F,0,P2,0.002,P2V,1.891,P2F,0,IgR,0
2025-09-03 20:31:21.733,T,131107,SR,144,SF,0,T1R,22.75,T1A,23.00,T1F,0,T2R,22.75,T2A,23.00,T2F,0,P1,5.289,P1V,2.308,P1F,0,P2,0.000,P2V,1.891,P2F,0,IgR,0
2025-09-03 20:31:21.959,T,131333,SR,144,SF,0,T1R,22.75,T1A,23.00,T1F,0,T2R,23.00,T2A,23.00,T2F,0,P1,5.289,P1V,2.308,P1F,0,P2,0.003,P2V,1.892,P2F,0,IgR,0
2025-09-03 20:31:22.185,T,131559,SR,144,SF,0,T1R,22.75,T1A,23.00,T1F,0,T2R,23.00,T2A,23.00,T2F,0,P1,5.315,P1V,2.312,P1F,0,P2,0.000,P2V,1.891,P2F,0,IgR,0
2025-09-03 20:31:22.411,T,131786,SR,144,SF,0,T1R,22.75,T1A,22.00,T1F,0,T2R,22.75,T2A,22.00,T2F,0,P1,5.299,P1V,2.310,P1F,0,P2,0.000,P2V,1.891,P2F,0,IgR,0
2025-09-03 20:31:22.638,T,132012,SR,144,SF,0,T1R,22.75,T1A,22.00,T1F,0,T2R,23.00,T2A,22.00,T2F,0,P1,5.284,P1V,2.307,P1F,0,P2,0.000,P2V,1.891,P2F,0,IgR,0
2025-09-03 20:31:22.864,T,132238,SR,144,SF,0,T1R,22.75,T1A,22.00,T1F,0,T2R,23.00,T2A,22.00,T2F,0,P1,5.310,P1V,2.311,P1F,0,P2,0.000,P2V,1.891,P2F,0,IgR,0
2025-09-03 20:31:23.089,T,132464,SR,144,SF,0,T1R,22.75,T1A,22.00,T1F,0,T2R,23.00,T2A,22.00,T2F,0,P1,5.299,P1V,2.310,P1F,0,P2,0.003,P2V,1.892,P2F,0,IgR,0
2025-09-03 20:31:23.316,T,132690,SR,144,SF,0,T1R,22.75,T1A,22.00,T1F,0,T2R,22.75,T2A,22.00,T2F,0,P1,5.284,P1V,2.307,P1F,0,P2,0.000,P2V,1.891,P2F,0,IgR,0
2025-09-03 20:31:23.543,T,132916,SR,144,SF,0,T1R,22.75,T1A,22.00,T1F,0,T2R,22.75,T2A,22.00,T2F,0,P1,5.289,P1V,2.308,P1F,0,P2,0.003,P2V,1.892,P2F,0,IgR,0
2025-09-03 20:31:23.768,T,133142,SR,144,SF,0,T1R,22.75,T1A,22.00,T1F,0,T2R,23.00,T2A,22.00,T2F,0,P1,5.299,P1V,2.310,P1F,0,P2,0.002,P2V,1.891,P2F,0,IgR,0
2025-09-03 20:31:23.994,T,133368,SR,144,SF,0,T1R,22.75,T1A,22.00,T1F,0,T2R,23.00,T2A,22.00,T2F,0,P1,5.289,P1V,2.308,P1F,0,P2,0.002,P2V,1.891,P2F,0,IgR,0
2025-09-03 20:31:24.220,T,133594,SR,144,SF,0,T1R,22.75,T1A,22.00,T1F,0,T2R,22.75,T2A,22.00,T2F,0,P1,5.274,P1V,2.306,P1F,0,P2,0.002,P2V,1.891,P2F,0,IgR,0
2025-09-03 20:31:24.446,T,133820,SR,144,SF,0,T1R,22.75,T1A,22.00,T1F,0,T2R,23.00,T2A,22.00,T2F,0,P1,5.299,P1V,2.310,P1F,0,P2,0.002,P2V,1.891,P2F,0,IgR,0
2025-09-03 20:31:24.672,T,134047,SR,144,SF,0,T1R,22.75,T1A,22.00,T1F,0,T2R,22.75,T2A,22.00,T2F,0,P1,5.294,P1V,2.309,P1F,0,P2,0.000,P2V,1.891,P2F,0,IgR,0
2025-09-03 20:31:24.899,T,134273,SR,144,SF,0,T1R,22.75,T1A,22.00,T1F,0,T2R,22.75,T2A,22.00,T2F,0,P1,5.269,P1V,2.305,P1F,0,P2,0.003,P2V,1.892,P2F,0,IgR,0
2025-09-03 20:31:25.125,T,134499,SR,144,SF,0,T1R,22.75,T1A,22.00,T1F,0,T2R,22.75,T2A,22.00,T2F,0,P1,5.310,P1V,2.311,P1F,0,P2,0.002,P2V,1.891,P2F,0,IgR,0
2025-09-03 20:31:25.351,T,134725,SR,144,SF,0,T1R,22.75,T1A,22.00,T1F,0,T2R,23.00,T2A,22.00,T2F,0,P1,5.289,P1V,2.308,P1F,0,P2,0.003,P2V,1.892,P2F,0,IgR,0
2025-09-03 20:31:25.577,T,134951,SR,144,SF,0,T1R,22.75,T1A,22.00,T1F,0,T2R,23.00,T2A,22.00,T2F,0,P1,5.274,P1V,2.306,P1F,0,P2,0.003,P2V,1.892,P2F,0,IgR,0
2025-09-03 20:31:25.803,T,135177,SR,144,SF,0,T1R,22.75,T1A,22.00,T1F,0,T2R,22.75,T2A,22.00,T2F,0,P1,5.284,P1V,2.307,P1F,0,P2,0.003,P2V,1.892,P2F,0,IgR,0
2025-09-03 20:31:26.029,T,135403,SR,144,SF,0,T1R,22.75,T1A,22.00,T1F,0,T2R,23.00,T2A,22.00,T2F,0,P1,5.289,P1V,2.308,P1F,0,P2,0.002,P2V,1.891,P2F,0,IgR,0
2025-09-03 20:31:26.255,T,135629,SR,144,SF,0,T1R,22.75,T1A,22.00,T1F,0,T2R,23.00,T2A,22.00,T2F,0,P1,5.284,P1V,2.307,P1F,0,P2,0.003,P2V,1.892,P2F,0,IgR,0
2025-09-03 20:31:26.481,T,135855,SR,144,SF,0,T1R,22.75,T1A,22.00,T1F,0,T2R,23.00,T2A,22.00,T2F,0,P1,5.274,P1V,2.306,P1F,0,P2,0.002,P2V,1.891,P2F,0,IgR,0
2025-09-03 20:31:26.707,T,136081,SR,144,SF,0,T1R,22.75,T1A,22.00,T1F,0,T2R,22.75,T2A,22.00,T2F,0,P1,5.299,P1V,2.310,P1F,0,P2,0.003,P2V,1.892,P2F,0,IgR,0
2025-09-03 20:31:26.933,T,136307,SR,144,SF,0,T1R,22.75,T1A,22.00,T1F,0,T2R,23.00,T2A,22.60,T2F,0,P1,5.279,P1V,2.306,P1F,0,P2,0.000,P2V,1.891,P2F,0,IgR,0
2025-09-03 20:31:27.159,T,136533,SR,144,SF,0,T1R,22.75,T1A,22.00,T1F,0,T2R,22.75,T2A,22.60,T2F,0,P1,5.259,P1V,2.303,P1F,0,P2,0.002,P2V,1.891,P2F,0,IgR,0
2025-09-03 20:31:27.386,T,136760,SR,144,SF,0,T1R,22.75,T1A,22.00,T1F,0,T2R,22.75,T2A,22.60,T2F,0,P1,5.294,P1V,2.309,P1F,0,P2,0.002,P2V,1.891,P2F,0,IgR,0
2025-09-03 20:31:27.613,T,136987,SR,144,SF,0,T1R,22.75,T1A,22.00,T1F,0,T2R,22.75,T2A,22.60,T2F,0,P1,5.279,P1V,2.306,P1F,0,P2,0.002,P2V,1.891,P2F,0,IgR,0
2025-09-03 20:31:27.840,T,137214,SR,144,SF,0,T1R,22.75,T1A,22.00,T1F,0,T2R,23.00,T2A,22.60,T2F,0,P1,5.264,P1V,2.304,P1F,0,P2,0.000,P2V,1.891,P2F,0,IgR,0
2025-09-03 20:31:28.067,T,137441,SR,144,SF,0,T1R,22.75,T1A,22.00,T1F,0,T2R,22.75,T2A,22.00,T2F,0,P1,5.289,P1V,2.308,P1F,0,P2,0.000,P2V,1.891,P2F,0,IgR,0
2025-09-03 20:31:28.293,T,137667,SR,144,SF,0,T1R,22.50,T1A,22.00,T1F,0,T2R,23.00,T2A,22.00,T2F,0,P1,5.289,P1V,2.308,P1F,0,P2,0.002,P2V,1.891,P2F,0,IgR,0
2025-09-03 20:31:28.519,T,137893,SR,144,SF,0,T1R,22.75,T1A,22.00,T1F,0,T2R,22.75,T2A,22.00,T2F,0,P1,5.264,P1V,2.304,P1F,0,P2,0.000,P2V,1.891,P2F,0,IgR,0
2025-09-03 20:31:28.745,T,138119,SR,144,SF,0,T1R,22.75,T1A,22.00,T1F,0,T2R,22.75,T2A,22.00,T2F,0,P1,5.279,P1V,2.306,P1F,0,P2,0.002,P2V,1.891,P2F,0,IgR,0
2025-09-03 20:31:28.971,T,138345,SR,144,SF,0,T1R,22.50,T1A,22.00,T1F,0,T2R,22.75,T2A,22.00,T2F,0,P1,5.284,P1V,2.307,P1F,0,P2,0.002,P2V,1.891,P2F,0,IgR,0
2025-09-03 20:31:29.197,T,138571,SR,144,SF,0,T1R,22.75,T1A,22.00,T1F,0,T2R,23.00,T2A,23.00,T2F,0,P1,5.269,P1V,2.305,P1F,0,P2,0.002,P2V,1.891,P2F,0,IgR,0
2025-09-03 20:31:29.422,T,138797,SR,144,SF,0,T1R,22.75,T1A,22.00,T1F,0,T2R,23.00,T2A,23.00,T2F,0,P1,5.264,P1V,2.304,P1F,0,P2,0.000,P2V,1.891,P2F,0,IgR,0
2025-09-03 20:31:29.649,T,139023,SR,144,SF,0,T1R,22.50,T1A,22.00,T1F,0,T2R,22.75,T2A,23.00,T2F,0,P1,5.279,P1V,2.306,P1F,0,P2,0.003,P2V,1.892,P2F,0,IgR,0
2025-09-03 20:31:29.874,T,139249,SR,144,SF,0,T1R,22.50,T1A,22.00,T1F,0,T2R,22.75,T2A,23.00,T2F,0,P1,5.269,P1V,2.305,P1F,0,P2,0.003,P2V,1.892,P2F,0,IgR,0
2025-09-03 20:31:30.100,T,139475,SR,144,SF,0,T1R,22.50,T1A,22.00,T1F,0,T2R,22.75,T2A,23.00,T2F,0,P1,5.259,P1V,2.303,P1F,0,P2,-0.001,P2V,1.890,P2F,0,IgR,0
2025-09-03 20:31:30.326,T,139701,SR,144,SF,0,T1R,22.50,T1A,22.00,T1F,0,T2R,22.75,T2A,22.00,T2F,0,P1,5.289,P1V,2.308,P1F,0,P2,0.003,P2V,1.892,P2F,0,IgR,0
2025-09-03 20:31:30.553,T,139927,SR,144,SF,0,T1R,22.75,T1A,22.00,T1F,0,T2R,22.75,T2A,22.00,T2F,0,P1,5.274,P1V,2.306,P1F,0,P2,0.003,P2V,1.892,P2F,0,IgR,0
2025-09-03 20:31:30.779,T,140153,SR,144,SF,0,T1R,22.50,T1A,22.00,T1F,0,T2R,23.00,T2A,22.00,T2F,0,P1,5.254,P1V,2.302,P1F,0,P2,0.002,P2V,1.891,P2F,0,IgR,0
2025-09-03 20:31:31.005,T,140379,SR,144,SF,0,T1R,22.50,T1A,22.00,T1F,0,T2R,23.00,T2A,22.00,T2F,0,P1,5.274,P1V,2.306,P1F,0,P2,0.003,P2V,1.892,P2F,0,IgR,0
2025-09-03 20:31:31.230,T,140605,SR,144,SF,0,T1R,22.50,T1A,22.00,T1F,0,T2R,23.00,T2A,22.00,T2F,0,P1,5.269,P1V,2.305,P1F,0,P2,0.000,P2V,1.891,P2F,0,IgR,0
2025-09-03 20:31:31.457,T,140832,SR,144,SF,0,T1R,22.50,T1A,22.00,T1F,0,T2R,22.75,T2A,22.00,T2F,0,P1,5.259,P1V,2.303,P1F,0,P2,0.002,P2V,1.891,P2F,0,IgR,0
2025-09-03 20:31:31.683,T,141057,SR,144,SF,0,T1R,22.50,T1A,22.00,T1F,0,T2R,22.75,T2A,22.00,T2F,0,P1,5.259,P1V,2.303,P1F,0,P2,0.000,P2V,1.891,P2F,0,IgR,0
2025-09-03 20:31:31.908,T,141283,SR,144,SF,0,T1R,22.50,T1A,22.00,T1F,0,T2R,22.75,T2A,22.00,T2F,0,P1,5.274,P1V,2.306,P1F,0,P2,0.002,P2V,1.891,P2F,0,IgR,0
2025-09-03 20:31:32.135,T,141509,SR,144,SF,0,T1R,22.50,T1A,22.00,T1F,0,T2R,22.75,T2A,22.00,T2F,0,P1,5.259,P1V,2.303,P1F,0,P2,0.003,P2V,1.892,P2F,0,IgR,0
2025-09-03 20:31:32.361,T,141735,SR,144,SF,0,T1R,22.50,T1A,22.00,T1F,0,T2R,22.75,T2A,22.00,T2F,0,P1,5.249,P1V,2.302,P1F,0,P2,0.000,P2V,1.891,P2F,0,IgR,0
2025-09-03 20:31:32.587,T,141961,SR,144,SF,0,T1R,22.50,T1A,22.00,T1F,0,T2R,22.75,T2A,22.00,T2F,0,P1,5.269,P1V,2.305,P1F,0,P2,0.003,P2V,1.892,P2F,0,IgR,0
2025-09-03 20:31:32.813,T,142187,SR,144,SF,0,T1R,22.50,T1A,22.00,T1F,0,T2R,22.75,T2A,22.00,T2F,0,P1,5.269,P1V,2.305,P1F,0,P2,0.000,P2V,1.891,P2F,0,IgR,0
2025-09-03 20:31:33.039,T,142413,SR,144,SF,0,T1R,22.50,T1A,22.00,T1F,0,T2R,22.75,T2A,22.00,T2F,0,P1,5.254,P1V,2.302,P1F,0,P2,0.002,P2V,1.891,P2F,0,IgR,0
2025-09-03 20:31:33.265,T,142639,SR,144,SF,0,T1R,22.50,T1A,22.00,T1F,0,T2R,22.75,T2A,22.00,T2F,0,P1,5.254,P1V,2.302,P1F,0,P2,0.002,P2V,1.891,P2F,0,IgR,0
2025-09-03 20:31:33.491,T,142865,SR,144,SF,0,T1R,22.50,T1A,22.00,T1F,0,T2R,22.75,T2A,22.00,T2F,0,P1,5.269,P1V,2.305,P1F,0,P2,0.002,P2V,1.891,P2F,0,IgR,0
2025-09-03 20:31:33.717,T,143091,SR,144,SF,0,T1R,22.50,T1A,22.00,T1F,0,T2R,22.75,T2A,22.00,T2F,0,P1,5.259,P1V,2.303,P1F,0,P2,0.002,P2V,1.891,P2F,0,IgR,0
2025-09-03 20:31:33.942,T,143317,SR,144,SF,0,T1R,22.50,T1A,22.00,T1F,0,T2R,22.75,T2A,22.00,T2F,0,P1,5.249,P1V,2.302,P1F,0,P2,0.002,P2V,1.891,P2F,0,IgR,0
2025-09-03 20:31:34.168,T,143543,SR,144,SF,0,T1R,22.50,T1A,22.00,T1F,0,T2R,22.75,T2A,22.00,T2F,0,P1,5.279,P1V,2.306,P1F,0,P2,0.002,P2V,1.891,P2F,0,IgR,0
2025-09-03 20:31:34.394,T,143769,SR,144,SF,0,T1R,22.50,T1A,22.00,T1F,0,T2R,22.75,T2A,22.00,T2F,0,P1,5.259,P1V,2.303,P1F,0,P2,0.000,P2V,1.891,P2F,0,IgR,0
2025-09-03 20:31:34.620,T,143995,SR,144,SF,0,T1R,22.50,T1A,22.00,T1F,0,T2R,22.75,T2A,22.00,T2F,0,P1,5.234,P1V,2.299,P1F,0,P2,-0.001,P2V,1.890,P2F,0,IgR,0
2025-09-03 20:31:34.847,T,144221,SR,144,SF,0,T1R,22.50,T1A,22.00,T1F,0,T2R,22.75,T2A,22.00,T2F,0,P1,5.264,P1V,2.304,P1F,0,P2,0.002,P2V,1.891,P2F,0,IgR,0
2025-09-03 20:31:35.073,T,144447,SR,144,SF,0,T1R,22.50,T1A,22.00,T1F,0,T2R,22.75,T2A,22.00,T2F,0,P1,5.259,P1V,2.303,P1F,0,P2,0.003,P2V,1.892,P2F,0,IgR,0
2025-09-03 20:31:35.299,T,144673,SR,144,SF,0,T1R,22.50,T1A,22.00,T1F,0,T2R,22.75,T2A,22.00,T2F,0,P1,5.259,P1V,2.303,P1F,0,P2,0.000,P2V,1.891,P2F,0,IgR,0
2025-09-03 20:31:35.525,T,144899,SR,144,SF,0,T1R,22.50,T1A,22.00,T1F,0,T2R,22.75,T2A,22.00,T2F,0,P1,5.244,P1V,2.301,P1F,0,P2,0.002,P2V,1.891,P2F,0,IgR,0
2025-09-03 20:31:35.751,T,145125,SR,144,SF,0,T1R,22.50,T1A,22.00,T1F,0,T2R,22.75,T2A,22.00,T2F,0,P1,5.249,P1V,2.302,P1F,0,P2,0.002,P2V,1.891,P2F,0,IgR,0
2025-09-03 20:31:35.977,T,145351,SR,144,SF,0,T1R,22.50,T1A,22.00,T1F,0,T2R,22.75,T2A,22.00,T2F,0,P1,5.244,P1V,2.301,P1F,0,P2,-0.001,P2V,1.890,P2F,0,IgR,0
2025-09-03 20:31:36.202,T,145577,SR,144,SF,0,T1R,22.50,T1A,22.00,T1F,0,T2R,22.75,T2A,22.00,T2F,0,P1,5.234,P1V,2.299,P1F,0,P2,0.000,P2V,1.891,P2F,0,IgR,0
2025-09-03 20:31:36.428,T,145803,SR,144,SF,0,T1R,22.50,T1A,22.00,T1F,0,T2R,22.75,T2A,22.00,T2F,0,P1,5.264,P1V,2.304,P1F,0,P2,0.000,P2V,1.891,P2F,0,IgR,0
2025-09-03 20:31:36.654,T,146029,SR,144,SF,0,T1R,22.50,T1A,22.00,T1F,0,T2R,22.75,T2A,22.00,T2F,0,P1,5.249,P1V,2.302,P1F,0,P2,0.000,P2V,1.891,P2F,0,IgR,0
2025-09-03 20:31:36.881,T,146255,SR,144,SF,0,T1R,22.50,T1A,22.00,T1F,0,T2R,22.75,T2A,22.00,T2F,0,P1,5.229,P1V,2.298,P1F,0,P2,0.000,P2V,1.891,P2F,0,IgR,0
2025-09-03 20:31:37.107,T,146481,SR,144,SF,0,T1R,22.50,T1A,22.00,T1F,0,T2R,22.75,T2A,22.00,T2F,0,P1,5.249,P1V,2.302,P1F,0,P2,0.002,P2V,1.891,P2F,0,IgR,0
2025-09-03 20:31:37.334,T,146707,SR,144,SF,0,T1R,22.50,T1A,22.00,T1F,0,T2R,22.50,T2A,22.00,T2F,0,P1,5.254,P1V,2.302,P1F,0,P2,0.000,P2V,1.891,P2F,0,IgR,0
2025-09-03 20:31:37.560,T,146933,SR,144,SF,0,T1R,22.50,T1A,22.00,T1F,0,T2R,22.50,T2A,22.00,T2F,0,P1,5.239,P1V,2.300,P1F,0,P2,0.002,P2V,1.891,P2F,0,IgR,0
2025-09-03 20:31:37.785,T,147159,SR,144,SF,0,T1R,22.50,T1A,22.00,T1F,0,T2R,22.75,T2A,22.00,T2F,0,P1,5.239,P1V,2.300,P1F,0,P2,0.000,P2V,1.891,P2F,0,IgR,0
2025-09-03 20:31:38.011,T,147385,SR,144,SF,0,T1R,22.50,T1A,22.00,T1F,0,T2R,22.75,T2A,22.00,T2F,0,P1,5.254,P1V,2.302,P1F,0,P2,0.003,P2V,1.892,P2F,0,IgR,0
2025-09-03 20:31:38.236,T,147611,SR,144,SF,0,T1R,22.50,T1A,22.00,T1F,0,T2R,22.75,T2A,22.00,T2F,0,P1,5.244,P1V,2.301,P1F,0,P2,0.002,P2V,1.891,P2F,0,IgR,0
2025-09-03 20:31:38.463,T,147837,SR,144,SF,0,T1R,22.50,T1A,22.00,T1F,0,T2R,22.75,T2A,22.00,T2F,0,P1,5.229,P1V,2.298,P1F,0,P2,0.000,P2V,1.891,P2F,0,IgR,0
2025-09-03 20:31:38.688,T,148063,SR,144,SF,0,T1R,22.50,T1A,22.00,T1F,0,T2R,22.50,T2A,22.00,T2F,0,P1,5.254,P1V,2.302,P1F,0,P2,0.002,P2V,1.891,P2F,0,IgR,0
2025-09-03 20:31:38.915,T,148289,SR,144,SF,0,T1R,22.50,T1A,22.00,T1F,0,T2R,22.50,T2A,22.00,T2F,0,P1,5.244,P1V,2.301,P1F,0,P2,0.002,P2V,1.891,P2F,0,IgR,0
2025-09-03 20:31:39.141,T,148515,SR,144,SF,0,T1R,22.50,T1A,22.00,T1F,0,T2R,22.50,T2A,22.00,T2F,0,P1,5.229,P1V,2.298,P1F,0,P2,0.002,P2V,1.891,P2F,0,IgR,0
2025-09-03 20:31:39.367,T,148741,SR,144,SF,0,T1R,22.50,T1A,22.00,T1F,0,T2R,22.50,T2A,22.00,T2F,0,P1,5.239,P1V,2.300,P1F,0,P2,0.003,P2V,1.892,P2F,0,IgR,0
2025-09-03 20:31:39.593,T,148967,SR,144,SF,0,T1R,22.25,T1A,22.00,T1F,0,T2R,22.50,T2A,22.00,T2F,0,P1,5.249,P1V,2.302,P1F,0,P2,0.000,P2V,1.891,P2F,0,IgR,0
2025-09-03 20:31:39.819,T,149193,SR,144,SF,0,T1R,22.50,T1A,22.00,T1F,0,T2R,22.50,T2A,22.00,T2F,0,P1,5.229,P1V,2.298,P1F,0,P2,0.002,P2V,1.891,P2F,0,IgR,0
2025-09-03 20:31:40.044,T,149419,SR,144,SF,0,T1R,22.50,T1A,22.00,T1F,0,T2R,22.50,T2A,22.00,T2F,0,P1,5.229,P1V,2.298,P1F,0,P2,0.000,P2V,1.891,P2F,0,IgR,0
2025-09-03 20:31:40.270,T,149645,SR,144,SF,0,T1R,22.50,T1A,22.00,T1F,0,T2R,22.50,T2A,22.00,T2F,0,P1,5.254,P1V,2.302,P1F,0,P2,0.003,P2V,1.892,P2F,0,IgR,0
2025-09-03 20:31:40.496,T,149871,SR,144,SF,0,T1R,22.50,T1A,22.00,T1F,0,T2R,22.50,T2A,22.00,T2F,0,P1,5.254,P1V,2.302,P1F,0,P2,0.004,P2V,1.893,P2F,0,IgR,0
2025-09-03 20:31:40.722,T,150097,SR,144,SF,0,T1R,22.50,T1A,22.00,T1F,0,T2R,22.50,T2A,22.00,T2F,0,P1,5.223,P1V,2.298,P1F,0,P2,0.002,P2V,1.891,P2F,0,IgR,0
2025-09-03 20:31:40.948,T,150323,SR,144,SF,0,T1R,22.50,T1A,22.00,T1F,0,T2R,22.50,T2A,22.00,T2F,0,P1,5.244,P1V,2.301,P1F,0,P2,0.002,P2V,1.891,P2F,0,IgR,0
2025-09-03 20:31:41.175,T,150549,SR,144,SF,0,T1R,22.50,T1A,22.00,T1F,0,T2R,22.50,T2A,22.00,T2F,0,P1,5.239,P1V,2.300,P1F,0,P2,0.002,P2V,1.891,P2F,0,IgR,0
2025-09-03 20:31:41.401,T,150775,SR,144,SF,0,T1R,22.50,T1A,22.00,T1F,0,T2R,22.50,T2A,22.00,T2F,0,P1,5.229,P1V,2.298,P1F,0,P2,0.003,P2V,1.892,P2F,0,IgR,0
2025-09-03 20:31:41.627,T,151001,SR,144,SF,0,T1R,22.25,T1A,22.00,T1F,0,T2R,22.50,T2A,22.00,T2F,0,P1,5.229,P1V,2.298,P1F,0,P2,0.000,P2V,1.891,P2F,0,IgR,0
2025-09-03 20:31:41.853,T,151227,SR,144,SF,0,T1R,22.25,T1A,22.00,T1F,0,T2R,22.50,T2A,22.00,T2F,0,P1,5.234,P1V,2.299,P1F,0,P2,0.003,P2V,1.892,P2F,0,IgR,0
2025-09-03 20:31:42.079,T,151453,SR,144,SF,0,T1R,22.50,T1A,22.00,T1F,0,T2R,22.50,T2A,22.00,T2F,0,P1,5.234,P1V,2.299,P1F,0,P2,0.002,P2V,1.891,P2F,0,IgR,0
2025-09-03 20:31:42.304,T,151679,SR,144,SF,0,T1R,22.25,T1A,22.00,T1F,0,T2R,22.50,T2A,22.00,T2F,0,P1,5.213,P1V,2.296,P1F,0,P2,0.000,P2V,1.891,P2F,0,IgR,0
2025-09-03 20:31:42.530,T,151905,SR,144,SF,0,T1R,22.50,T1A,22.00,T1F,0,T2R,22.50,T2A,22.00,T2F,0,P1,5.244,P1V,2.301,P1F,0,P2,0.000,P2V,1.891,P2F,0,IgR,0
2025-09-03 20:31:42.759,T,152131,SR,144,SF,0,T1R,22.25,T1A,22.00,T1F,0,T2R,22.50,T2A,22.00,T2F,0,P1,5.229,P1V,2.298,P1F,0,P2,0.002,P2V,1.891,P2F,0,IgR,0
2025-09-03 20:31:42.982,T,152357,SR,144,SF,0,T1R,22.25,T1A,22.00,T1F,0,T2R,22.50,T2A,22.00,T2F,0,P1,5.218,P1V,2.297,P1F,0,P2,0.002,P2V,1.891,P2F,0,IgR,0
2025-09-03 20:31:43.209,T,152583,SR,144,SF,0,T1R,22.25,T1A,22.00,T1F,0,T2R,22.50,T2A,22.00,T2F,0,P1,5.239,P1V,2.300,P1F,0,P2,0.002,P2V,1.891,P2F,0,IgR,0
2025-09-03 20:31:43.434,T,152809,SR,144,SF,0,T1R,22.25,T1A,22.00,T1F,0,T2R,22.50,T2A,22.00,T2F,0,P1,5.229,P1V,2.298,P1F,0,P2,0.000,P2V,1.891,P2F,0,IgR,0
2025-09-03 20:31:43.661,T,153035,SR,144,SF,0,T1R,22.25,T1A,22.00,T1F,0,T2R,22.50,T2A,22.00,T2F,0,P1,5.223,P1V,2.298,P1F,0,P2,0.002,P2V,1.891,P2F,0,IgR,0
2025-09-03 20:31:43.887,T,153262,SR,144,SF,0,T1R,22.25,T1A,22.00,T1F,0,T2R,22.50,T2A,22.00,T2F,0,P1,5.213,P1V,2.296,P1F,0,P2,0.002,P2V,1.891,P2F,0,IgR,0
2025-09-03 20:31:44.114,T,153487,SR,144,SF,0,T1R,22.25,T1A,22.00,T1F,0,T2R,22.50,T2A,22.00,T2F,0,P1,5.234,P1V,2.299,P1F,0,P2,0.002,P2V,1.891,P2F,0,IgR,0
2025-09-03 20:31:44.339,T,153713,SR,144,SF,0,T1R,22.25,T1A,22.00,T1F,0,T2R,22.50,T2A,22.00,T2F,0,P1,5.229,P1V,2.298,P1F,0,P2,0.003,P2V,1.892,P2F,0,IgR,0
2025-09-03 20:31:44.565,T,153939,SR,144,SF,0,T1R,22.25,T1A,22.00,T1F,0,T2R,22.50,T2A,22.00,T2F,0,P1,5.208,P1V,2.295,P1F,0,P2,0.003,P2V,1.892,P2F,0,IgR,0
2025-09-03 20:31:44.790,T,154165,SR,144,SF,0,T1R,22.25,T1A,22.00,T1F,0,T2R,22.50,T2A,22.00,T2F,0,P1,5.239,P1V,2.300,P1F,0,P2,0.002,P2V,1.891,P2F,0,IgR,0
2025-09-03 20:31:45.016,T,154391,SR,144,SF,0,T1R,22.25,T1A,22.00,T1F,0,T2R,22.25,T2A,22.00,T2F,0,P1,5.223,P1V,2.298,P1F,0,P2,0.002,P2V,1.891,P2F,0,IgR,0
2025-09-03 20:31:45.243,T,154618,SR,144,SF,0,T1R,22.25,T1A,22.00,T1F,0,T2R,22.50,T2A,22.00,T2F,0,P1,5.193,P1V,2.293,P1F,0,P2,0.000,P2V,1.891,P2F,0,IgR,0
2025-09-03 20:31:45.469,T,154844,SR,144,SF,0,T1R,22.25,T1A,22.00,T1F,0,T2R,22.50,T2A,22.00,T2F,0,P1,5.229,P1V,2.298,P1F,0,P2,0.002,P2V,1.891,P2F,0,IgR,0
2025-09-03 20:31:45.696,T,155070,SR,144,SF,0,T1R,22.25,T1A,22.00,T1F,0,T2R,22.25,T2A,22.00,T2F,0,P1,5.229,P1V,2.298,P1F,0,P2,0.000,P2V,1.891,P2F,0,IgR,0
2025-09-03 20:31:45.922,T,155296,SR,144,SF,0,T1R,22.25,T1A,22.00,T1F,0,T2R,22.25,T2A,22.00,T2F,0,P1,5.208,P1V,2.295,P1F,0,P2,0.002,P2V,1.891,P2F,0,IgR,0
2025-09-03 20:31:46.148,T,155522,SR,144,SF,0,T1R,22.25,T1A,22.00,T1F,0,T2R,22.25,T2A,22.00,T2F,0,P1,5.234,P1V,2.299,P1F,0,P2,0.004,P2V,1.893,P2F,0,IgR,0
2025-09-03 20:31:46.375,T,155749,SR,144,SF,0,T1R,22.25,T1A,22.00,T1F,0,T2R,22.25,T2A,22.00,T2F,0,P1,5.229,P1V,2.298,P1F,0,P2,0.002,P2V,1.891,P2F,0,IgR,0
2025-09-03 20:31:46.601,T,155975,SR,144,SF,0,T1R,22.25,T1A,22.00,T1F,0,T2R,22.25,T2A,22.00,T2F,0,P1,5.213,P1V,2.296,P1F,0,P2,0.003,P2V,1.892,P2F,0,IgR,0
2025-09-03 20:31:46.827,T,156201,SR,144,SF,0,T1R,22.25,T1A,22.00,T1F,0,T2R,22.25,T2A,22.00,T2F,0,P1,5.203,P1V,2.294,P1F,0,P2,0.000,P2V,1.891,P2F,0,IgR,0
2025-09-03 20:31:47.052,T,156427,SR,144,SF,0,T1R,22.25,T1A,22.00,T1F,0,T2R,22.25,T2A,22.00,T2F,0,P1,5.218,P1V,2.297,P1F,0,P2,0.002,P2V,1.891,P2F,0,IgR,0
2025-09-03 20:31:47.279,T,156654,SR,144,SF,0,T1R,22.25,T1A,22.00,T1F,0,T2R,22.25,T2A,22.00,T2F,0,P1,5.213,P1V,2.296,P1F,0,P2,0.003,P2V,1.892,P2F,0,IgR,0
2025-09-03 20:31:47.506,T,156880,SR,144,SF,0,T1R,22.25,T1A,22.00,T1F,0,T2R,22.50,T2A,22.00,T2F,0,P1,5.203,P1V,2.294,P1F,0,P2,0.002,P2V,1.891,P2F,0,IgR,0
2025-09-03 20:31:47.732,T,157106,SR,144,SF,0,T1R,22.25,T1A,22.00,T1F,0,T2R,22.25,T2A,22.00,T2F,0,P1,5.229,P1V,2.298,P1F,0,P2,0.002,P2V,1.891,P2F,0,IgR,0
2025-09-03 20:31:47.958,T,157332,SR,144,SF,0,T1R,22.25,T1A,22.00,T1F,0,T2R,22.25,T2A,22.00,T2F,0,P1,5.218,P1V,2.297,P1F,0,P2,0.002,P2V,1.891,P2F,0,IgR,0
2025-09-03 20:31:48.184,T,157558,SR,144,SF,0,T1R,22.25,T1A,22.00,T1F,0,T2R,22.25,T2A,22.00,T2F,0,P1,5.183,P1V,2.291,P1F,0,P2,0.003,P2V,1.892,P2F,0,IgR,0
2025-09-03 20:31:48.410,T,157785,SR,144,SF,0,T1R,22.25,T1A,22.00,T1F,0,T2R,22.25,T2A,22.00,T2F,0,P1,5.223,P1V,2.298,P1F,0,P2,0.002,P2V,1.891,P2F,0,IgR,0
2025-09-03 20:31:48.637,T,158011,SR,144,SF,0,T1R,22.25,T1A,22.00,T1F,0,T2R,22.25,T2A,22.00,T2F,0,P1,5.208,P1V,2.295,P1F,0,P2,0.002,P2V,1.891,P2F,0,IgR,0
2025-09-03 20:31:48.863,T,158237,SR,144,SF,0,T1R,22.25,T1A,22.00,T1F,0,T2R,22.25,T2A,22.00,T2F,0,P1,5.193,P1V,2.293,P1F,0,P2,0.002,P2V,1.891,P2F,0,IgR,0
2025-09-03 20:31:49.088,T,158463,SR,144,SF,0,T1R,22.25,T1A,22.00,T1F,0,T2R,22.25,T2A,22.00,T2F,0,P1,5.218,P1V,2.297,P1F,0,P2,0.002,P2V,1.891,P2F,0,IgR,0
2025-09-03 20:31:49.314,T,158689,SR,144,SF,0,T1R,22.25,T1A,22.00,T1F,0,T2R,22.25,T2A,22.00,T2F,0,P1,5.218,P1V,2.297,P1F,0,P2,0.002,P2V,1.891,P2F,0,IgR,0
2025-09-03 20:31:49.540,T,158916,SR,144,SF,0,T1R,22.00,T1A,22.00,T1F,0,T2R,22.25,T2A,22.00,T2F,0,P1,5.203,P1V,2.294,P1F,0,P2,0.002,P2V,1.891,P2F,0,IgR,0
2025-09-03 20:31:49.766,T,159141,SR,144,SF,0,T1R,22.00,T1A,22.00,T1F,0,T2R,22.25,T2A,22.00,T2F,0,P1,5.198,P1V,2.293,P1F,0,P2,0.002,P2V,1.891,P2F,0,IgR,0
2025-09-03 20:31:49.992,T,159367,SR,144,SF,0,T1R,22.00,T1A,22.00,T1F,0,T2R,22.25,T2A,22.00,T2F,0,P1,5.218,P1V,2.297,P1F,0,P2,0.002,P2V,1.891,P2F,0,IgR,0
2025-09-03 20:31:50.218,T,159593,SR,144,SF,0,T1R,22.00,T1A,22.00,T1F,0,T2R,22.00,T2A,22.00,T2F,0,P1,5.208,P1V,2.295,P1F,0,P2,0.002,P2V,1.891,P2F,0,IgR,0
2025-09-03 20:31:50.445,T,159819,SR,144,SF,0,T1R,22.00,T1A,22.00,T1F,0,T2R,22.25,T2A,22.00,T2F,0,P1,5.193,P1V,2.293,P1F,0,P2,0.002,P2V,1.891,P2F,0,IgR,0
2025-09-03 20:31:50.670,T,160045,SR,144,SF,0,T1R,22.00,T1A,22.00,T1F,0,T2R,22.25,T2A,22.00,T2F,0,P1,5.218,P1V,2.297,P1F,0,P2,0.002,P2V,1.891,P2F,0,IgR,0
2025-09-03 20:31:50.896,T,160271,SR,144,SF,0,T1R,22.00,T1A,22.00,T1F,0,T2R,22.25,T2A,22.00,T2F,0,P1,5.218,P1V,2.297,P1F,0,P2,0.000,P2V,1.891,P2F,0,IgR,0
2025-09-03 20:31:51.122,T,160497,SR,144,SF,0,T1R,22.00,T1A,22.00,T1F,0,T2R,22.25,T2A,22.00,T2F,0,P1,5.188,P1V,2.292,P1F,0,P2,0.003,P2V,1.892,P2F,0,IgR,0
2025-09-03 20:31:51.348,T,160723,SR,144,SF,0,T1R,22.00,T1A,22.00,T1F,0,T2R,22.25,T2A,22.00,T2F,0,P1,5.198,P1V,2.293,P1F,0,P2,-0.001,P2V,1.890,P2F,0,IgR,0
2025-09-03 20:31:51.574,T,160949,SR,144,SF,0,T1R,22.00,T1A,22.00,T1F,0,T2R,22.25,T2A,22.00,T2F,0,P1,5.203,P1V,2.294,P1F,0,P2,0.002,P2V,1.891,P2F,0,IgR,0
2025-09-03 20:31:51.800,T,161175,SR,144,SF,0,T1R,-113.00,T1A,-113.00,T1F,0,T2R,-27.50,T2A,-27.00,T2F,0,P1,5.198,P1V,2.293,P1F,0,P2,0.003,P2V,1.892,P2F,0,IgR,0
2025-09-03 20:31:52.027,T,161402,SR,144,SF,0,T1R,-203.75,T1A,-113.00,T1F,0,T2R,-58.25,T2A,-27.00,T2F,0,P1,5.193,P1V,2.293,P1F,0,P2,0.002,P2V,1.891,P2F,0,IgR,0
2025-09-03 20:31:52.255,T,161629,SR,144,SF,0,T1R,-210.50,T1A,-113.00,T1F,0,T2R,-65.25,T2A,-27.00,T2F,0,P1,5.208,P1V,2.295,P1F,0,P2,0.003,P2V,1.892,P2F,0,IgR,0
2025-09-03 20:31:52.482,T,161856,SR,144,SF,0,T1R,-209.00,T1A,-113.00,T1F,0,T2R,-58.75,T2A,-27.00,T2F,0,P1,5.188,P1V,2.292,P1F,0,P2,-0.001,P2V,1.890,P2F,0,IgR,0
2025-09-03 20:31:52.709,T,162083,SR,144,SF,0,T1R,-242.25,T1A,-113.00,T1F,0,T2R,-65.50,T2A,-27.00,T2F,0,P1,5.198,P1V,2.293,P1F,0,P2,0.002,P2V,1.891,P2F,0,IgR,0
2025-09-03 20:31:52.936,T,162310,SR,144,SF,0,T1R,-269.00,T1A,-269.00,T1F,0,T2R,-73.50,T2A,-73.00,T2F,0,P1,5.198,P1V,2.293,P1F,0,P2,0.002,P2V,1.891,P2F,0,IgR,0
2025-09-03 20:31:53.163,T,162537,SR,144,SF,0,T1R,-227.50,T1A,-269.00,T1F,0,T2R,-74.00,T2A,-73.00,T2F,0,P1,5.183,P1V,2.291,P1F,0,P2,0.002,P2V,1.891,P2F,0,IgR,0
2025-09-03 20:31:53.389,T,162764,SR,144,SF,0,T1R,-31.75,T1A,-269.00,T1F,0,T2R,5.50,T2A,-73.00,T2F,0,P1,5.198,P1V,2.293,P1F,0,P2,0.002,P2V,1.891,P2F,0,IgR,0
2025-09-03 20:31:53.616,T,162991,SR,144,SF,0,T1R,21.25,T1A,-269.00,T1F,0,T2R,22.00,T2A,-73.00,T2F,0,P1,5.198,P1V,2.293,P1F,0,P2,0.002,P2V,1.891,P2F,0,IgR,0
2025-09-03 20:31:53.843,T,163218,SR,144,SF,0,T1R,22.00,T1A,-269.00,T1F,0,T2R,22.25,T2A,-73.00,T2F,0,P1,5.183,P1V,2.291,P1F,0,P2,0.002,P2V,1.891,P2F,0,IgR,0
2025-09-03 20:31:54.070,T,163445,SR,144,SF,0,T1R,22.00,T1A,22.00,T1F,0,T2R,22.00,T2A,22.00,T2F,0,P1,5.203,P1V,2.294,P1F,0,P2,0.003,P2V,1.892,P2F,0,IgR,0
2025-09-03 20:31:54.296,T,163671,SR,144,SF,0,T1R,22.00,T1A,22.00,T1F,0,T2R,22.00,T2A,22.00,T2F,0,P1,5.198,P1V,2.293,P1F,0,P2,0.000,P2V,1.891,P2F,0,IgR,0
2025-09-03 20:31:54.522,T,163897,SR,144,SF,0,T1R,22.00,T1A,22.00,T1F,0,T2R,22.00,T2A,22.00,T2F,0,P1,5.173,P1V,2.289,P1F,0,P2,0.000,P2V,1.891,P2F,0,IgR,0
2025-09-03 20:31:54.749,T,164123,SR,144,SF,0,T1R,22.00,T1A,22.00,T1F,0,T2R,22.25,T2A,22.00,T2F,0,P1,5.188,P1V,2.292,P1F,0,P2,0.003,P2V,1.892,P2F,0,IgR,0
2025-09-03 20:31:54.974,T,164349,SR,144,SF,0,T1R,22.00,T1A,22.00,T1F,0,T2R,22.00,T2A,22.00,T2F,0,P1,5.193,P1V,2.293,P1F,0,P2,0.002,P2V,1.891,P2F,0,IgR,0
2025-09-03 20:31:55.200,T,164575,SR,144,SF,0,T1R,22.00,T1A,22.00,T1F,0,T2R,22.00,T2A,22.00,T2F,0,P1,5.183,P1V,2.291,P1F,0,P2,0.003,P2V,1.892,P2F,0,IgR,0
2025-09-03 20:31:55.426,T,164801,SR,144,SF,0,T1R,22.00,T1A,22.00,T1F,0,T2R,22.00,T2A,22.00,T2F,0,P1,5.178,P1V,2.290,P1F,0,P2,0.003,P2V,1.892,P2F,0,IgR,0
2025-09-03 20:31:55.652,T,165027,SR,144,SF,0,T1R,22.00,T1A,22.00,T1F,0,T2R,22.00,T2A,22.00,T2F,0,P1,5.193,P1V,2.293,P1F,0,P2,0.003,P2V,1.892,P2F,0,IgR,0
2025-09-03 20:31:55.878,T,165253,SR,144,SF,0,T1R,22.00,T1A,22.00,T1F,0,T2R,22.00,T2A,22.00,T2F,0,P1,5.188,P1V,2.292,P1F,0,P2,0.003,P2V,1.892,P2F,0,IgR,0
2025-09-03 20:31:56.105,T,165479,SR,144,SF,0,T1R,22.00,T1A,22.00,T1F,0,T2R,22.00,T2A,22.00,T2F,0,P1,5.168,P1V,2.289,P1F,0,P2,0.003,P2V,1.892,P2F,0,IgR,0
2025-09-03 20:31:56.331,T,165705,SR,144,SF,0,T1R,21.75,T1A,21.00,T1F,0,T2R,22.00,T2A,22.00,T2F,0,P1,5.208,P1V,2.295,P1F,0,P2,0.002,P2V,1.891,P2F,0,IgR,0
2025-09-03 20:31:56.556,T,165931,SR,144,SF,0,T1R,22.00,T1A,21.00,T1F,0,T2R,22.00,T2A,22.00,T2F,0,P1,5.188,P1V,2.292,P1F,0,P2,0.004,P2V,1.893,P2F,0,IgR,0
2025-09-03 20:31:56.782,T,166157,SR,144,SF,0,T1R,22.00,T1A,21.00,T1F,0,T2R,22.00,T2A,22.00,T2F,0,P1,5.168,P1V,2.289,P1F,0,P2,0.000,P2V,1.891,P2F,0,IgR,0
2025-09-03 20:31:57.008,T,166383,SR,144,SF,0,T1R,22.00,T1A,21.00,T1F,0,T2R,22.00,T2A,22.00,T2F,0,P1,5.193,P1V,2.293,P1F,0,P2,0.003,P2V,1.892,P2F,0,IgR,0
2025-09-03 20:31:57.234,T,166609,SR,144,SF,0,T1R,22.00,T1A,21.00,T1F,0,T2R,22.00,T2A,22.00,T2F,0,P1,5.188,P1V,2.292,P1F,0,P2,0.003,P2V,1.892,P2F,0,IgR,0
2025-09-03 20:31:57.460,T,166835,SR,144,SF,0,T1R,22.00,T1A,22.00,T1F,0,T2R,22.00,T2A,22.00,T2F,0,P1,5.178,P1V,2.290,P1F,0,P2,0.002,P2V,1.891,P2F,0,IgR,0
2025-09-03 20:31:57.686,T,167061,SR,144,SF,0,T1R,22.00,T1A,22.00,T1F,0,T2R,22.00,T2A,22.00,T2F,0,P1,5.178,P1V,2.290,P1F,0,P2,0.002,P2V,1.891,P2F,0,IgR,0
2025-09-03 20:31:57.912,T,167287,SR,144,SF,0,T1R,22.00,T1A,22.00,T1F,0,T2R,22.00,T2A,22.00,T2F,0,P1,5.193,P1V,2.293,P1F,0,P2,0.002,P2V,1.891,P2F,0,IgR,0
2025-09-03 20:31:58.138,T,167513,SR,144,SF,0,T1R,22.00,T1A,22.00,T1F,0,T2R,22.00,T2A,22.00,T2F,0,P1,5.178,P1V,2.290,P1F,0,P2,0.002,P2V,1.891,P2F,0,IgR,0
2025-09-03 20:31:58.365,T,167739,SR,144,SF,0,T1R,22.00,T1A,22.00,T1F,0,T2R,22.00,T2A,22.00,T2F,0,P1,5.163,P1V,2.288,P1F,0,P2,0.002,P2V,1.891,P2F,0,IgR,0
2025-09-03 20:31:58.591,T,167965,SR,144,SF,0,T1R,21.75,T1A,21.00,T1F,0,T2R,22.00,T2A,22.00,T2F,0,P1,5.198,P1V,2.293,P1F,0,P2,0.002,P2V,1.891,P2F,0,IgR,0
2025-09-03 20:31:58.816,T,168191,SR,144,SF,0,T1R,22.00,T1A,21.00,T1F,0,T2R,22.00,T2A,22.00,T2F,0,P1,5.183,P1V,2.291,P1F,0,P2,0.003,P2V,1.892,P2F,0,IgR,0
2025-09-03 20:31:59.042,T,168417,SR,144,SF,0,T1R,22.00,T1A,21.00,T1F,0,T2R,22.00,T2A,22.00,T2F,0,P1,5.163,P1V,2.288,P1F,0,P2,0.000,P2V,1.891,P2F,0,IgR,0
2025-09-03 20:31:59.268,T,168643,SR,144,SF,0,T1R,21.75,T1A,21.00,T1F,0,T2R,22.00,T2A,22.00,T2F,0,P1,5.183,P1V,2.291,P1F,0,P2,0.002,P2V,1.891,P2F,0,IgR,0
2025-09-03 20:31:59.494,T,168869,SR,144,SF,0,T1R,21.75,T1A,21.00,T1F,0,T2R,22.00,T2A,22.00,T2F,0,P1,5.178,P1V,2.290,P1F,0,P2,0.002,P2V,1.891,P2F,0,IgR,0
2025-09-03 20:31:59.720,T,169095,SR,144,SF,0,T1R,22.00,T1A,22.00,T1F,0,T2R,22.00,T2A,22.00,T2F,0,P1,5.168,P1V,2.289,P1F,0,P2,0.000,P2V,1.891,P2F,0,IgR,0
2025-09-03 20:31:59.947,T,169321,SR,144,SF,0,T1R,21.75,T1A,22.00,T1F,0,T2R,22.00,T2A,22.00,T2F,0,P1,5.178,P1V,2.290,P1F,0,P2,0.000,P2V,1.891,P2F,0,IgR,0
2025-09-03 20:32:00.173,T,169547,SR,144,SF,0,T1R,21.75,T1A,22.00,T1F,0,T2R,22.00,T2A,22.00,T2F,0,P1,5.183,P1V,2.291,P1F,0,P2,0.002,P2V,1.891,P2F,0,IgR,0
2025-09-03 20:32:00.400,T,169773,SR,144,SF,0,T1R,21.75,T1A,22.00,T1F,0,T2R,22.00,T2A,22.00,T2F,0,P1,5.173,P1V,2.289,P1F,0,P2,0.002,P2V,1.891,P2F,0,IgR,0
2025-09-03 20:32:00.625,T,169999,SR,144,SF,0,T1R,21.75,T1A,22.00,T1F,0,T2R,22.00,T2A,22.00,T2F,0,P1,5.163,P1V,2.288,P1F,0,P2,0.000,P2V,1.891,P2F,0,IgR,0
2025-09-03 20:32:00.850,T,170225,SR,144,SF,0,T1R,21.75,T1A,21.00,T1F,0,T2R,22.00,T2A,22.00,T2F,0,P1,5.188,P1V,2.292,P1F,0,P2,0.002,P2V,1.891,P2F,0,IgR,0
2025-09-03 20:32:01.077,T,170451,SR,144,SF,0,T1R,21.75,T1A,21.00,T1F,0,T2R,22.00,T2A,22.00,T2F,0,P1,5.178,P1V,2.290,P1F,0,P2,0.002,P2V,1.891,P2F,0,IgR,0
2025-09-03 20:32:01.302,T,170677,SR,144,SF,0,T1R,21.75,T1A,21.00,T1F,0,T2R,22.00,T2A,22.00,T2F,0,P1,5.148,P1V,2.285,P1F,0,P2,0.002,P2V,1.891,P2F,0,IgR,0
2025-09-03 20:32:01.528,T,170903,SR,144,SF,0,T1R,21.75,T1A,21.00,T1F,0,T2R,22.00,T2A,22.00,T2F,0,P1,5.188,P1V,2.292,P1F,0,P2,0.002,P2V,1.891,P2F,0,IgR,0
2025-09-03 20:32:01.754,T,171129,SR,144,SF,0,T1R,21.75,T1A,21.00,T1F,0,T2R,22.00,T2A,22.00,T2F,0,P1,5.183,P1V,2.291,P1F,0,P2,0.000,P2V,1.891,P2F,0,IgR,0
2025-09-03 20:32:01.980,T,171355,SR,144,SF,0,T1R,21.75,T1A,21.00,T1F,0,T2R,22.00,T2A,22.00,T2F,0,P1,5.163,P1V,2.288,P1F,0,P2,0.000,P2V,1.891,P2F,0,IgR,0
2025-09-03 20:32:02.206,T,171581,SR,144,SF,0,T1R,21.75,T1A,21.00,T1F,0,T2R,22.00,T2A,22.00,T2F,0,P1,5.163,P1V,2.288,P1F,0,P2,0.000,P2V,1.891,P2F,0,IgR,0
2025-09-03 20:32:02.432,T,171807,SR,144,SF,0,T1R,21.75,T1A,21.00,T1F,0,T2R,22.00,T2A,22.00,T2F,0,P1,5.178,P1V,2.290,P1F,0,P2,0.003,P2V,1.892,P2F,0,IgR,0
2025-09-03 20:32:02.658,T,172033,SR,144,SF,0,T1R,21.75,T1A,21.00,T1F,0,T2R,22.00,T2A,22.00,T2F,0,P1,5.163,P1V,2.288,P1F,0,P2,0.000,P2V,1.891,P2F,0,IgR,0
2025-09-03 20:32:02.884,T,172259,SR,144,SF,0,T1R,21.75,T1A,21.00,T1F,0,T2R,22.00,T2A,22.00,T2F,0,P1,5.153,P1V,2.286,P1F,0,P2,0.000,P2V,1.891,P2F,0,IgR,0
2025-09-03 20:32:03.111,T,172485,SR,144,SF,0,T1R,21.75,T1A,21.00,T1F,0,T2R,22.00,T2A,22.00,T2F,0,P1,5.183,P1V,2.291,P1F,0,P2,0.002,P2V,1.891,P2F,0,IgR,0
2025-09-03 20:32:03.337,T,172711,SR,144,SF,0,T1R,21.75,T1A,21.00,T1F,0,T2R,22.00,T2A,22.00,T2F,0,P1,5.163,P1V,2.288,P1F,0,P2,0.002,P2V,1.891,P2F,0,IgR,0
2025-09-03 20:32:03.563,T,172937,SR,144,SF,0,T1R,21.75,T1A,21.00,T1F,0,T2R,21.75,T2A,22.00,T2F,0,P1,5.148,P1V,2.285,P1F,0,P2,0.000,P2V,1.891,P2F,0,IgR,0
2025-09-03 20:32:03.789,T,173163,SR,144,SF,0,T1R,21.75,T1A,21.00,T1F,0,T2R,21.75,T2A,22.00,T2F,0,P1,5.183,P1V,2.291,P1F,0,P2,0.002,P2V,1.891,P2F,0,IgR,0
2025-09-03 20:32:04.014,T,173389,SR,144,SF,0,T1R,21.75,T1A,21.00,T1F,0,T2R,22.00,T2A,22.00,T2F,0,P1,5.168,P1V,2.289,P1F,0,P2,0.002,P2V,1.891,P2F,0,IgR,0
2025-09-03 20:32:04.240,T,173615,SR,144,SF,0,T1R,21.75,T1A,21.00,T1F,0,T2R,21.75,T2A,21.00,T2F,0,P1,5.142,P1V,2.285,P1F,0,P2,0.002,P2V,1.891,P2F,0,IgR,0
2025-09-03 20:32:04.467,T,173842,SR,144,SF,0,T1R,21.75,T1A,21.00,T1F,0,T2R,22.00,T2A,21.00,T2F,0,P1,5.173,P1V,2.289,P1F,0,P2,0.000,P2V,1.891,P2F,0,IgR,0
2025-09-03 20:32:04.693,T,174068,SR,144,SF,0,T1R,21.75,T1A,21.00,T1F,0,T2R,22.00,T2A,21.00,T2F,0,P1,5.163,P1V,2.288,P1F,0,P2,0.002,P2V,1.891,P2F,0,IgR,0
2025-09-03 20:32:04.920,T,174294,SR,144,SF,0,T1R,21.75,T1A,21.00,T1F,0,T2R,22.00,T2A,21.00,T2F,0,P1,5.153,P1V,2.286,P1F,0,P2,0.000,P2V,1.891,P2F,0,IgR,0
2025-09-03 20:32:05.146,T,174520,SR,144,SF,0,T1R,21.75,T1A,21.00,T1F,0,T2R,21.75,T2A,21.00,T2F,0,P1,5.158,P1V,2.287,P1F,0,P2,0.000,P2V,1.891,P2F,0,IgR,0
2025-09-03 20:32:05.371,T,174747,SR,144,SF,0,T1R,21.75,T1A,21.00,T1F,0,T2R,21.75,T2A,21.00,T2F,0,P1,5.168,P1V,2.289,P1F,0,P2,0.000,P2V,1.891,P2F,0,IgR,0
2025-09-03 20:32:05.599,T,174973,SR,144,SF,0,T1R,21.75,T1A,21.00,T1F,0,T2R,21.75,T2A,21.00,T2F,0,P1,5.153,P1V,2.286,P1F,0,P2,0.000,P2V,1.891,P2F,0,IgR,0
2025-09-03 20:32:05.825,T,175199,SR,144,SF,0,T1R,21.50,T1A,21.00,T1F,0,T2R,21.75,T2A,21.00,T2F,0,P1,5.153,P1V,2.286,P1F,0,P2,0.002,P2V,1.891,P2F,0,IgR,0
2025-09-03 20:32:06.050,T,175425,SR,144,SF,0,T1R,21.75,T1A,21.00,T1F,0,T2R,22.00,T2A,21.00,T2F,0,P1,5.168,P1V,2.289,P1F,0,P2,0.002,P2V,1.891,P2F,0,IgR,0
2025-09-03 20:32:06.276,T,175651,SR,144,SF,0,T1R,21.75,T1A,21.00,T1F,0,T2R,22.00,T2A,21.00,T2F,0,P1,5.148,P1V,2.285,P1F,0,P2,0.003,P2V,1.892,P2F,0,IgR,0
2025-09-03 20:32:06.502,T,175877,SR,144,SF,0,T1R,21.75,T1A,21.00,T1F,0,T2R,22.00,T2A,22.00,T2F,0,P1,5.137,P1V,2.284,P1F,0,P2,0.000,P2V,1.891,P2F,0,IgR,0
2025-09-03 20:32:06.728,T,176103,SR,144,SF,0,T1R,21.50,T1A,21.00,T1F,0,T2R,21.75,T2A,22.00,T2F,0,P1,5.173,P1V,2.289,P1F,0,P2,-0.001,P2V,1.890,P2F,0,IgR,0
2025-09-03 20:32:06.955,T,176329,SR,144,SF,0,T1R,21.50,T1A,21.00,T1F,0,T2R,21.75,T2A,22.00,T2F,0,P1,5.158,P1V,2.287,P1F,0,P2,0.002,P2V,1.891,P2F,0,IgR,0
2025-09-03 20:32:07.181,T,176555,SR,144,SF,0,T1R,21.50,T1A,21.00,T1F,0,T2R,21.75,T2A,22.00,T2F,0,P1,5.132,P1V,2.283,P1F,0,P2,0.000,P2V,1.891,P2F,0,IgR,0
2025-09-03 20:32:07.407,T,176781,SR,144,SF,0,T1R,21.50,T1A,21.00,T1F,0,T2R,21.75,T2A,22.00,T2F,0,P1,5.173,P1V,2.289,P1F,0,P2,0.004,P2V,1.893,P2F,0,IgR,0
2025-09-03 20:32:07.633,T,177007,SR,144,SF,0,T1R,21.50,T1A,21.00,T1F,0,T2R,21.75,T2A,21.00,T2F,0,P1,5.158,P1V,2.287,P1F,0,P2,0.003,P2V,1.892,P2F,0,IgR,0
2025-09-03 20:32:07.859,T,177233,SR,144,SF,0,T1R,21.75,T1A,21.00,T1F,0,T2R,21.75,T2A,21.00,T2F,0,P1,5.127,P1V,2.282,P1F,0,P2,0.000,P2V,1.891,P2F,0,IgR,0
2025-09-03 20:32:08.084,T,177459,SR,144,SF,0,T1R,21.50,T1A,21.00,T1F,0,T2R,21.75,T2A,21.00,T2F,0,P1,5.158,P1V,2.287,P1F,0,P2,0.003,P2V,1.892,P2F,0,IgR,0
2025-09-03 20:32:08.310,T,177685,SR,144,SF,0,T1R,21.50,T1A,21.00,T1F,0,T2R,21.75,T2A,21.00,T2F,0,P1,5.153,P1V,2.286,P1F,0,P2,0.002,P2V,1.891,P2F,0,IgR,0
2025-09-03 20:32:08.536,T,177911,SR,144,SF,0,T1R,21.50,T1A,21.00,T1F,0,T2R,21.75,T2A,21.00,T2F,0,P1,5.148,P1V,2.285,P1F,0,P2,0.000,P2V,1.891,P2F,0,IgR,0
2025-09-03 20:32:08.762,T,178138,SR,144,SF,0,T1R,21.75,T1A,21.00,T1F,0,T2R,21.75,T2A,21.00,T2F,0,P1,5.137,P1V,2.284,P1F,0,P2,0.003,P2V,1.892,P2F,0,IgR,0
2025-09-03 20:32:08.989,T,178364,SR,144,SF,0,T1R,21.50,T1A,21.00,T1F,0,T2R,21.75,T2A,21.00,T2F,0,P1,5.163,P1V,2.288,P1F,0,P2,0.002,P2V,1.891,P2F,0,IgR,0
2025-09-03 20:32:09.215,T,178590,SR,144,SF,0,T1R,21.50,T1A,21.00,T1F,0,T2R,21.75,T2A,21.00,T2F,0,P1,5.148,P1V,2.285,P1F,0,P2,0.002,P2V,1.891,P2F,0,IgR,0
2025-09-03 20:32:09.441,T,178816,SR,144,SF,0,T1R,21.50,T1A,21.00,T1F,0,T2R,21.75,T2A,21.00,T2F,0,P1,5.137,P1V,2.284,P1F,0,P2,0.000,P2V,1.891,P2F,0,IgR,0
2025-09-03 20:32:09.667,T,179042,SR,144,SF,0,T1R,21.50,T1A,21.00,T1F,0,T2R,21.75,T2A,21.00,T2F,0,P1,5.163,P1V,2.288,P1F,0,P2,0.002,P2V,1.891,P2F,0,IgR,0
2025-09-03 20:32:09.893,T,179268,SR,144,SF,0,T1R,21.50,T1A,21.00,T1F,0,T2R,21.75,T2A,21.00,T2F,0,P1,5.148,P1V,2.285,P1F,0,P2,0.002,P2V,1.891,P2F,0,IgR,0
2025-09-03 20:32:10.120,T,179494,SR,144,SF,0,T1R,21.50,T1A,21.00,T1F,0,T2R,21.75,T2A,21.00,T2F,0,P1,5.117,P1V,2.281,P1F,0,P2,0.002,P2V,1.891,P2F,0,IgR,0
2025-09-03 20:32:10.345,T,179720,SR,144,SF,0,T1R,21.50,T1A,21.00,T1F,0,T2R,21.75,T2A,21.00,T2F,0,P1,5.163,P1V,2.288,P1F,0,P2,0.002,P2V,1.891,P2F,0,IgR,0
2025-09-03 20:32:10.571,T,179946,SR,144,SF,0,T1R,21.50,T1A,21.00,T1F,0,T2R,21.75,T2A,21.00,T2F,0,P1,5.153,P1V,2.286,P1F,0,P2,0.000,P2V,1.891,P2F,0,IgR,0
2025-09-03 20:32:10.797,T,180172,SR,144,SF,0,T1R,21.50,T1A,21.00,T1F,0,T2R,21.75,T2A,21.00,T2F,0,P1,5.127,P1V,2.282,P1F,0,P2,0.000,P2V,1.891,P2F,0,IgR,0
2025-09-03 20:32:11.023,T,180398,SR,144,SF,0,T1R,21.75,T1A,21.00,T1F,0,T2R,21.75,T2A,21.00,T2F,0,P1,5.142,P1V,2.285,P1F,0,P2,0.002,P2V,1.891,P2F,0,IgR,0
2025-09-03 20:32:11.250,T,180625,SR,144,SF,0,T1R,21.50,T1A,21.00,T1F,0,T2R,21.75,T2A,21.00,T2F,0,P1,5.148,P1V,2.285,P1F,0,P2,0.002,P2V,1.891,P2F,0,IgR,0
2025-09-03 20:32:11.476,T,180851,SR,144,SF,0,T1R,21.50,T1A,21.00,T1F,0,T2R,21.75,T2A,21.00,T2F,0,P1,5.137,P1V,2.284,P1F,0,P2,0.002,P2V,1.891,P2F,0,IgR,0
2025-09-03 20:32:11.702,T,181077,SR,144,SF,0,T1R,21.50,T1A,21.00,T1F,0,T2R,21.75,T2A,21.00,T2F,0,P1,5.137,P1V,2.284,P1F,0,P2,0.004,P2V,1.893,P2F,0,IgR,0
2025-09-03 20:32:11.928,T,181303,SR,144,SF,0,T1R,21.50,T1A,21.00,T1F,0,T2R,21.75,T2A,21.00,T2F,0,P1,5.153,P1V,2.286,P1F,0,P2,0.002,P2V,1.891,P2F,0,IgR,0
2025-09-03 20:32:12.154,T,181529,SR,144,SF,0,T1R,21.50,T1A,21.00,T1F,0,T2R,21.75,T2A,21.00,T2F,0,P1,5.137,P1V,2.284,P1F,0,P2,0.000,P2V,1.891,P2F,0,IgR,0
2025-09-03 20:32:12.380,T,181755,SR,144,SF,0,T1R,21.50,T1A,21.00,T1F,0,T2R,21.75,T2A,21.00,T2F,0,P1,5.117,P1V,2.281,P1F,0,P2,0.003,P2V,1.892,P2F,0,IgR,0
2025-09-03 20:32:12.606,T,181981,SR,144,SF,0,T1R,21.50,T1A,21.00,T1F,0,T2R,21.75,T2A,21.00,T2F,0,P1,5.153,P1V,2.286,P1F,0,P2,0.002,P2V,1.891,P2F,0,IgR,0
2025-09-03 20:32:12.832,T,182207,SR,144,SF,0,T1R,21.50,T1A,21.00,T1F,0,T2R,21.75,T2A,21.00,T2F,0,P1,5.137,P1V,2.284,P1F,0,P2,0.003,P2V,1.892,P2F,0,IgR,0
2025-09-03 20:32:13.058,T,182433,SR,144,SF,0,T1R,21.50,T1A,21.00,T1F,0,T2R,21.75,T2A,21.00,T2F,0,P1,5.117,P1V,2.281,P1F,0,P2,-0.001,P2V,1.890,P2F,0,IgR,0
2025-09-03 20:32:13.284,T,182659,SR,144,SF,0,T1R,21.50,T1A,21.00,T1F,0,T2R,21.75,T2A,21.00,T2F,0,P1,5.153,P1V,2.286,P1F,0,P2,0.002,P2V,1.891,P2F,0,IgR,0
2025-09-03 20:32:13.511,T,182885,SR,144,SF,0,T1R,21.50,T1A,21.00,T1F,0,T2R,21.75,T2A,21.00,T2F,0,P1,5.142,P1V,2.285,P1F,0,P2,0.000,P2V,1.891,P2F,0,IgR,0
2025-09-03 20:32:13.737,T,183111,SR,144,SF,0,T1R,21.50,T1A,21.00,T1F,0,T2R,21.75,T2A,21.00,T2F,0,P1,5.112,P1V,2.280,P1F,0,P2,0.000,P2V,1.891,P2F,0,IgR,0
2025-09-03 20:32:13.963,T,183337,SR,144,SF,0,T1R,21.50,T1A,21.00,T1F,0,T2R,21.75,T2A,21.00,T2F,0,P1,5.137,P1V,2.284,P1F,0,P2,0.002,P2V,1.891,P2F,0,IgR,0
2025-09-03 20:32:14.188,T,183563,SR,144,SF,0,T1R,21.50,T1A,21.00,T1F,0,T2R,21.75,T2A,21.00,T2F,0,P1,5.142,P1V,2.285,P1F,0,P2,0.003,P2V,1.892,P2F,0,IgR,0
2025-09-03 20:32:14.413,T,183789,SR,144,SF,0,T1R,21.50,T1A,21.00,T1F,0,T2R,21.75,T2A,21.00,T2F,0,P1,5.127,P1V,2.282,P1F,0,P2,0.000,P2V,1.891,P2F,0,IgR,0
2025-09-03 20:32:14.640,T,184015,SR,144,SF,0,T1R,21.50,T1A,21.00,T1F,0,T2R,21.75,T2A,21.00,T2F,0,P1,5.132,P1V,2.283,P1F,0,P2,0.002,P2V,1.891,P2F,0,IgR,0
2025-09-03 20:32:14.866,T,184241,SR,144,SF,0,T1R,21.50,T1A,21.00,T1F,0,T2R,21.75,T2A,21.00,T2F,0,P1,5.148,P1V,2.285,P1F,0,P2,0.000,P2V,1.891,P2F,0,IgR,0
2025-09-03 20:32:15.092,T,184467,SR,144,SF,0,T1R,21.50,T1A,21.00,T1F,0,T2R,21.75,T2A,21.00,T2F,0,P1,5.127,P1V,2.282,P1F,0,P2,0.002,P2V,1.891,P2F,0,IgR,0
2025-09-03 20:32:15.318,T,184693,SR,144,SF,0,T1R,21.50,T1A,21.00,T1F,0,T2R,21.75,T2A,21.00,T2F,0,P1,5.117,P1V,2.281,P1F,0,P2,0.002,P2V,1.891,P2F,0,IgR,0
2025-09-03 20:32:15.544,T,184920,SR,144,SF,0,T1R,21.50,T1A,21.00,T1F,0,T2R,21.75,T2A,21.00,T2F,0,P1,5.153,P1V,2.286,P1F,0,P2,0.003,P2V,1.892,P2F,0,IgR,0
2025-09-03 20:32:15.770,T,185145,SR,144,SF,0,T1R,21.50,T1A,21.00,T1F,0,T2R,21.75,T2A,21.00,T2F,0,P1,5.127,P1V,2.282,P1F,0,P2,0.002,P2V,1.891,P2F,0,IgR,0
2025-09-03 20:32:15.996,T,185371,SR,144,SF,0,T1R,21.50,T1A,21.00,T1F,0,T2R,21.75,T2A,21.00,T2F,0,P1,5.097,P1V,2.277,P1F,0,P2,0.002,P2V,1.891,P2F,0,IgR,0
2025-09-03 20:32:16.223,T,185597,SR,144,SF,0,T1R,21.50,T1A,21.00,T1F,0,T2R,21.75,T2A,21.00,T2F,0,P1,5.142,P1V,2.285,P1F,0,P2,0.002,P2V,1.891,P2F,0,IgR,0
2025-09-03 20:32:16.449,T,185823,SR,144,SF,0,T1R,21.50,T1A,21.00,T1F,0,T2R,21.75,T2A,21.00,T2F,0,P1,5.127,P1V,2.282,P1F,0,P2,0.002,P2V,1.891,P2F,0,IgR,0
2025-09-03 20:32:16.674,T,186050,SR,144,SF,0,T1R,21.50,T1A,21.00,T1F,0,T2R,21.50,T2A,21.00,T2F,0,P1,5.107,P1V,2.279,P1F,0,P2,0.003,P2V,1.892,P2F,0,IgR,0
2025-09-03 20:32:16.900,T,186275,SR,144,SF,0,T1R,21.50,T1A,21.00,T1F,0,T2R,21.75,T2A,21.00,T2F,0,P1,5.127,P1V,2.282,P1F,0,P2,0.002,P2V,1.891,P2F,0,IgR,0
2025-09-03 20:32:17.126,T,186501,SR,144,SF,0,T1R,21.50,T1A,21.00,T1F,0,T2R,21.75,T2A,21.00,T2F,0,P1,5.132,P1V,2.283,P1F,0,P2,0.002,P2V,1.891,P2F,0,IgR,0
2025-09-03 20:32:17.352,T,186727,SR,144,SF,0,T1R,21.50,T1A,21.00,T1F,0,T2R,21.75,T2A,21.00,T2F,0,P1,5.117,P1V,2.281,P1F,0,P2,0.003,P2V,1.892,P2F,0,IgR,0
2025-09-03 20:32:17.578,T,186953,SR,144,SF,0,T1R,21.50,T1A,21.00,T1F,0,T2R,21.75,T2A,21.00,T2F,0,P1,5.112,P1V,2.280,P1F,0,P2,0.002,P2V,1.891,P2F,0,IgR,0
2025-09-03 20:32:17.804,T,187180,SR,144,SF,0,T1R,21.25,T1A,21.00,T1F,0,T2R,21.75,T2A,21.00,T2F,0,P1,5.142,P1V,2.285,P1F,0,P2,0.003,P2V,1.892,P2F,0,IgR,0
2025-09-03 20:32:18.031,T,187406,SR,144,SF,0,T1R,21.50,T1A,21.00,T1F,0,T2R,21.75,T2A,21.00,T2F,0,P1,5.132,P1V,2.283,P1F,0,P2,0.006,P2V,1.894,P2F,0,IgR,0
2025-09-03 20:32:18.257,T,187632,SR,144,SF,0,T1R,21.50,T1A,21.00,T1F,0,T2R,21.75,T2A,21.00,T2F,0,P1,5.102,P1V,2.278,P1F,0,P2,0.002,P2V,1.891,P2F,0,IgR,0
2025-09-03 20:32:18.483,T,187858,SR,144,SF,0,T1R,21.50,T1A,21.00,T1F,0,T2R,21.75,T2A,21.00,T2F,0,P1,5.137,P1V,2.284,P1F,0,P2,0.002,P2V,1.891,P2F,0,IgR,0
2025-09-03 20:32:18.708,T,188084,SR,144,SF,0,T1R,21.50,T1A,21.00,T1F,0,T2R,21.75,T2A,21.00,T2F,0,P1,5.122,P1V,2.281,P1F,0,P2,0.002,P2V,1.891,P2F,0,IgR,0
2025-09-03 20:32:18.936,T,188311,SR,144,SF,0,T1R,21.50,T1A,21.00,T1F,0,T2R,21.75,T2A,21.00,T2F,0,P1,5.097,P1V,2.277,P1F,0,P2,0.002,P2V,1.891,P2F,0,IgR,0
2025-09-03 20:32:19.161,T,188536,SR,144,SF,0,T1R,21.50,T1A,21.00,T1F,0,T2R,21.50,T2A,21.00,T2F,0,P1,5.137,P1V,2.284,P1F,0,P2,0.003,P2V,1.892,P2F,0,IgR,0
2025-09-03 20:32:19.387,T,188762,SR,144,SF,0,T1R,21.50,T1A,21.00,T1F,0,T2R,21.75,T2A,21.00,T2F,0,P1,5.122,P1V,2.281,P1F,0,P2,0.002,P2V,1.891,P2F,0,IgR,0
2025-09-03 20:32:19.613,T,188988,SR,144,SF,0,T1R,21.25,T1A,21.00,T1F,0,T2R,21.75,T2A,21.00,T2F,0,P1,5.092,P1V,2.277,P1F,0,P2,0.000,P2V,1.891,P2F,0,IgR,0
2025-09-03 20:32:19.839,T,189214,SR,144,SF,0,T1R,21.25,T1A,21.00,T1F,0,T2R,21.50,T2A,21.00,T2F,0,P1,5.132,P1V,2.283,P1F,0,P2,0.002,P2V,1.891,P2F,0,IgR,0
2025-09-03 20:32:20.065,T,189441,SR,144,SF,0,T1R,21.25,T1A,21.00,T1F,0,T2R,21.75,T2A,21.00,T2F,0,P1,5.117,P1V,2.281,P1F,0,P2,0.003,P2V,1.892,P2F,0,IgR,0
2025-09-03 20:32:20.292,T,189667,SR,144,SF,0,T1R,21.50,T1A,21.00,T1F,0,T2R,21.75,T2A,21.00,T2F,0,P1,5.097,P1V,2.277,P1F,0,P2,0.000,P2V,1.891,P2F,0,IgR,0
2025-09-03 20:32:20.517,T,189893,SR,144,SF,0,T1R,21.50,T1A,21.00,T1F,0,T2R,21.50,T2A,21.00,T2F,0,P1,5.117,P1V,2.281,P1F,0,P2,0.003,P2V,1.892,P2F,0,IgR,0
2025-09-03 20:32:20.745,T,190119,SR,144,SF,0,T1R,21.25,T1A,21.00,T1F,0,T2R,21.75,T2A,21.00,T2F,0,P1,5.117,P1V,2.281,P1F,0,P2,0.003,P2V,1.892,P2F,0,IgR,0
2025-09-03 20:32:20.970,T,190345,SR,144,SF,0,T1R,21.25,T1A,21.00,T1F,0,T2R,21.50,T2A,21.00,T2F,0,P1,5.107,P1V,2.279,P1F,0,P2,0.002,P2V,1.891,P2F,0,IgR,0
2025-09-03 20:32:21.196,T,190572,SR,144,SF,0,T1R,21.25,T1A,21.00,T1F,0,T2R,21.50,T2A,21.00,T2F,0,P1,5.112,P1V,2.280,P1F,0,P2,0.002,P2V,1.891,P2F,0,IgR,0
2025-09-03 20:32:21.422,T,190797,SR,144,SF,0,T1R,21.25,T1A,21.00,T1F,0,T2R,21.50,T2A,21.00,T2F,0,P1,5.127,P1V,2.282,P1F,0,P2,0.002,P2V,1.891,P2F,0,IgR,0
2025-09-03 20:32:21.648,T,191023,SR,144,SF,0,T1R,21.25,T1A,21.00,T1F,0,T2R,21.50,T2A,21.00,T2F,0,P1,5.112,P1V,2.280,P1F,0,P2,0.003,P2V,1.892,P2F,0,IgR,0
2025-09-03 20:32:21.874,T,191249,SR,144,SF,0,T1R,21.25,T1A,21.00,T1F,0,T2R,21.50,T2A,21.00,T2F,0,P1,5.087,P1V,2.276,P1F,0,P2,0.000,P2V,1.891,P2F,0,IgR,0
2025-09-03 20:32:22.100,T,191475,SR,144,SF,0,T1R,21.25,T1A,21.00,T1F,0,T2R,21.50,T2A,21.00,T2F,0,P1,5.132,P1V,2.283,P1F,0,P2,0.003,P2V,1.892,P2F,0,IgR,0
2025-09-03 20:32:22.326,T,191702,SR,144,SF,0,T1R,21.25,T1A,21.00,T1F,0,T2R,21.50,T2A,21.00,T2F,0,P1,5.107,P1V,2.279,P1F,0,P2,0.002,P2V,1.891,P2F,0,IgR,0
2025-09-03 20:32:22.552,T,191927,SR,144,SF,0,T1R,21.25,T1A,21.00,T1F,0,T2R,21.50,T2A,21.00,T2F,0,P1,5.087,P1V,2.276,P1F,0,P2,-0.001,P2V,1.890,P2F,0,IgR,0
2025-09-03 20:32:22.778,T,192153,SR,144,SF,0,T1R,21.25,T1A,21.00,T1F,0,T2R,21.50,T2A,21.00,T2F,0,P1,5.127,P1V,2.282,P1F,0,P2,0.002,P2V,1.891,P2F,0,IgR,0
2025-09-03 20:32:23.017,T,192379,SR,144,SF,0,T1R,21.25,T1A,21.00,T1F,0,T2R,21.50,T2A,21.00,T2F,0,P1,5.117,P1V,2.281,P1F,0,P2,0.002,P2V,1.891,P2F,0,IgR,0
2025-09-03 20:32:23.232,T,192605,SR,144,SF,0,T1R,21.25,T1A,21.00,T1F,0,T2R,21.50,T2A,21.00,T2F,0,P1,5.077,P1V,2.274,P1F,0,P2,-0.001,P2V,1.890,P2F,0,IgR,0
2025-09-03 20:32:23.457,T,192831,SR,144,SF,0,T1R,21.25,T1A,21.00,T1F,0,T2R,21.50,T2A,21.00,T2F,0,P1,5.117,P1V,2.281,P1F,0,P2,0.003,P2V,1.892,P2F,0,IgR,0
2025-09-03 20:32:23.682,T,193057,SR,144,SF,0,T1R,21.25,T1A,21.00,T1F,0,T2R,21.50,T2A,21.00,T2F,0,P1,5.127,P1V,2.282,P1F,0,P2,0.004,P2V,1.893,P2F,0,IgR,0
2025-09-03 20:32:23.908,T,193283,SR,144,SF,0,T1R,21.25,T1A,21.00,T1F,0,T2R,21.50,T2A,21.00,T2F,0,P1,5.097,P1V,2.277,P1F,0,P2,0.002,P2V,1.891,P2F,0,IgR,0
2025-09-03 20:32:24.134,T,193509,SR,144,SF,0,T1R,21.25,T1A,21.00,T1F,0,T2R,21.50,T2A,21.00,T2F,0,P1,5.102,P1V,2.278,P1F,0,P2,0.002,P2V,1.891,P2F,0,IgR,0
2025-09-03 20:32:24.360,T,193735,SR,144,SF,0,T1R,21.25,T1A,21.00,T1F,0,T2R,21.50,T2A,21.00,T2F,0,P1,5.117,P1V,2.281,P1F,0,P2,0.002,P2V,1.891,P2F,0,IgR,0
2025-09-03 20:32:24.586,T,193962,SR,144,SF,0,T1R,21.25,T1A,21.00,T1F,0,T2R,21.50,T2A,21.00,T2F,0,P1,5.102,P1V,2.278,P1F,0,P2,0.000,P2V,1.891,P2F,0,IgR,0
2025-09-03 20:32:24.812,T,194187,SR,144,SF,0,T1R,21.25,T1A,21.00,T1F,0,T2R,21.50,T2A,21.00,T2F,0,P1,5.087,P1V,2.276,P1F,0,P2,0.002,P2V,1.891,P2F,0,IgR,0
2025-09-03 20:32:25.037,T,194413,SR,144,SF,0,T1R,21.25,T1A,21.00,T1F,0,T2R,21.50,T2A,21.00,T2F,0,P1,5.122,P1V,2.281,P1F,0,P2,0.002,P2V,1.891,P2F,0,IgR,0
2025-09-03 20:32:25.263,T,194639,SR,144,SF,0,T1R,21.25,T1A,21.00,T1F,0,T2R,21.50,T2A,21.00,T2F,0,P1,5.097,P1V,2.277,P1F,0,P2,0.004,P2V,1.893,P2F,0,IgR,0
2025-09-03 20:32:25.489,T,194865,SR,144,SF,0,T1R,21.25,T1A,21.00,T1F,0,T2R,21.50,T2A,21.00,T2F,0,P1,5.077,P1V,2.274,P1F,0,P2,0.000,P2V,1.891,P2F,0,IgR,0
2025-09-03 20:32:25.716,T,195091,SR,144,SF,0,T1R,21.25,T1A,21.00,T1F,0,T2R,21.50,T2A,21.00,T2F,0,P1,5.117,P1V,2.281,P1F,0,P2,0.003,P2V,1.892,P2F,0,IgR,0
2025-09-03 20:32:25.942,T,195317,SR,144,SF,0,T1R,21.25,T1A,21.00,T1F,0,T2R,21.50,T2A,21.00,T2F,0,P1,5.107,P1V,2.279,P1F,0,P2,0.003,P2V,1.892,P2F,0,IgR,0
2025-09-03 20:32:26.168,T,195543,SR,144,SF,0,T1R,21.25,T1A,21.00,T1F,0,T2R,21.25,T2A,21.00,T2F,0,P1,5.087,P1V,2.276,P1F,0,P2,0.002,P2V,1.891,P2F,0,IgR,0
2025-09-03 20:32:26.394,T,195769,SR,144,SF,0,T1R,21.25,T1A,21.00,T1F,0,T2R,21.50,T2A,21.00,T2F,0,P1,5.107,P1V,2.279,P1F,0,P2,0.000,P2V,1.891,P2F,0,IgR,0
2025-09-03 20:32:26.620,T,195995,SR,144,SF,0,T1R,21.25,T1A,21.00,T1F,0,T2R,21.50,T2A,21.00,T2F,0,P1,5.112,P1V,2.280,P1F,0,P2,0.004,P2V,1.893,P2F,0,IgR,0
2025-09-03 20:32:26.846,T,196222,SR,144,SF,0,T1R,21.25,T1A,21.00,T1F,0,T2R,21.50,T2A,21.00,T2F,0,P1,5.097,P1V,2.277,P1F,0,P2,0.002,P2V,1.891,P2F,0,IgR,0
2025-09-03 20:32:27.072,T,196447,SR,144,SF,0,T1R,21.25,T1A,21.00,T1F,0,T2R,21.50,T2A,21.00,T2F,0,P1,5.087,P1V,2.276,P1F,0,P2,0.002,P2V,1.891,P2F,0,IgR,0
2025-09-03 20:32:27.298,T,196673,SR,144,SF,0,T1R,21.25,T1A,21.00,T1F,0,T2R,21.50,T2A,21.00,T2F,0,P1,5.112,P1V,2.280,P1F,0,P2,0.003,P2V,1.892,P2F,0,IgR,0
2025-09-03 20:32:27.524,T,196899,SR,144,SF,0,T1R,21.25,T1A,21.00,T1F,0,T2R,21.50,T2A,21.00,T2F,0,P1,5.097,P1V,2.277,P1F,0,P2,0.002,P2V,1.891,P2F,0,IgR,0
2025-09-03 20:32:27.750,T,197125,SR,144,SF,0,T1R,21.25,T1A,21.00,T1F,0,T2R,21.50,T2A,21.00,T2F,0,P1,5.077,P1V,2.274,P1F,0,P2,0.002,P2V,1.891,P2F,0,IgR,0
2025-09-03 20:32:27.976,T,197352,SR,144,SF,0,T1R,21.25,T1A,21.00,T1F,0,T2R,21.25,T2A,21.00,T2F,0,P1,5.122,P1V,2.281,P1F,0,P2,0.002,P2V,1.891,P2F,0,IgR,0
2025-09-03 20:32:28.203,T,197578,SR,144,SF,0,T1R,21.25,T1A,21.00,T1F,0,T2R,21.50,T2A,21.00,T2F,0,P1,5.092,P1V,2.277,P1F,0,P2,0.002,P2V,1.891,P2F,0,IgR,0
2025-09-03 20:32:28.429,T,197804,SR,144,SF,0,T1R,21.25,T1A,21.00,T1F,0,T2R,21.50,T2A,21.00,T2F,0,P1,5.072,P1V,2.273,P1F,0,P2,-0.001,P2V,1.890,P2F,0,IgR,0
2025-09-03 20:32:28.655,T,198030,SR,144,SF,0,T1R,21.25,T1A,21.00,T1F,0,T2R,21.50,T2A,21.00,T2F,0,P1,5.107,P1V,2.279,P1F,0,P2,0.002,P2V,1.891,P2F,0,IgR,0
2025-09-03 20:32:28.881,T,198256,SR,144,SF,0,T1R,21.25,T1A,21.00,T1F,0,T2R,21.50,T2A,21.00,T2F,0,P1,5.097,P1V,2.277,P1F,0,P2,0.002,P2V,1.891,P2F,0,IgR,0
2025-09-03 20:32:29.107,T,198483,SR,144,SF,0,T1R,21.25,T1A,21.00,T1F,0,T2R,21.50,T2A,21.00,T2F,0,P1,5.066,P1V,2.273,P1F,0,P2,0.002,P2V,1.891,P2F,0,IgR,0
2025-09-03 20:32:29.332,T,198708,SR,144,SF,0,T1R,21.25,T1A,21.00,T1F,0,T2R,21.50,T2A,21.00,T2F,0,P1,5.102,P1V,2.278,P1F,0,P2,0.003,P2V,1.892,P2F,0,IgR,0
2025-09-03 20:32:29.559,T,198934,SR,144,SF,0,T1R,21.25,T1A,21.00,T1F,0,T2R,21.50,T2A,21.00,T2F,0,P1,5.092,P1V,2.277,P1F,0,P2,0.003,P2V,1.892,P2F,0,IgR,0
2025-09-03 20:32:29.784,T,199160,SR,144,SF,0,T1R,21.25,T1A,21.00,T1F,0,T2R,21.50,T2A,21.00,T2F,0,P1,5.082,P1V,2.275,P1F,0,P2,0.000,P2V,1.891,P2F,0,IgR,0
2025-09-03 20:32:30.011,T,199386,SR,144,SF,0,T1R,21.25,T1A,21.00,T1F,0,T2R,21.50,T2A,21.00,T2F,0,P1,5.087,P1V,2.276,P1F,0,P2,0.002,P2V,1.891,P2F,0,IgR,0
2025-09-03 20:32:30.237,T,199613,SR,144,SF,0,T1R,21.25,T1A,21.00,T1F,0,T2R,21.50,T2A,21.00,T2F,0,P1,5.092,P1V,2.277,P1F,0,P2,0.000,P2V,1.891,P2F,0,IgR,0
2025-09-03 20:32:30.463,T,199838,SR,144,SF,0,T1R,21.25,T1A,21.00,T1F,0,T2R,21.25,T2A,21.00,T2F,0,P1,5.077,P1V,2.274,P1F,0,P2,0.003,P2V,1.892,P2F,0,IgR,0
2025-09-03 20:32:30.689,T,200064,SR,144,SF,0,T1R,21.25,T1A,21.00,T1F,0,T2R,21.25,T2A,21.00,T2F,0,P1,5.077,P1V,2.274,P1F,0,P2,0.002,P2V,1.891,P2F,0,IgR,0
2025-09-03 20:32:30.915,T,200290,SR,144,SF,0,T1R,21.00,T1A,21.00,T1F,0,T2R,21.25,T2A,21.00,T2F,0,P1,5.097,P1V,2.277,P1F,0,P2,0.002,P2V,1.891,P2F,0,IgR,0
2025-09-03 20:32:31.144,T,200516,SR,144,SF,0,T1R,21.00,T1A,21.00,T1F,0,T2R,21.25,T2A,21.00,T2F,0,P1,5.082,P1V,2.275,P1F,0,P2,0.000,P2V,1.891,P2F,0,IgR,0
2025-09-03 20:32:31.368,T,200743,SR,144,SF,0,T1R,21.25,T1A,21.00,T1F,0,T2R,21.25,T2A,21.00,T2F,0,P1,5.066,P1V,2.273,P1F,0,P2,0.002,P2V,1.891,P2F,0,IgR,0
2025-09-03 20:32:31.593,T,200969,SR,144,SF,0,T1R,21.25,T1A,21.00,T1F,0,T2R,21.50,T2A,21.00,T2F,0,P1,5.102,P1V,2.278,P1F,0,P2,0.003,P2V,1.892,P2F,0,IgR,0
2025-09-03 20:32:31.820,T,201195,SR,144,SF,0,T1R,21.25,T1A,21.00,T1F,0,T2R,21.25,T2A,21.00,T2F,0,P1,5.087,P1V,2.276,P1F,0,P2,0.002,P2V,1.891,P2F,0,IgR,0
2025-09-03 20:32:32.045,T,201421,SR,144,SF,0,T1R,21.25,T1A,21.00,T1F,0,T2R,21.25,T2A,21.00,T2F,0,P1,5.061,P1V,2.272,P1F,0,P2,-0.001,P2V,1.890,P2F,0,IgR,0
2025-09-03 20:32:32.272,T,201647,SR,144,SF,0,T1R,21.25,T1A,21.00,T1F,0,T2R,21.25,T2A,21.00,T2F,0,P1,5.087,P1V,2.276,P1F,0,P2,0.002,P2V,1.891,P2F,0,IgR,0
2025-09-03 20:32:32.498,T,201874,SR,144,SF,0,T1R,21.00,T1A,21.00,T1F,0,T2R,21.25,T2A,21.00,T2F,0,P1,5.087,P1V,2.276,P1F,0,P2,0.003,P2V,1.892,P2F,0,IgR,0
2025-09-03 20:32:32.725,T,202099,SR,144,SF,0,T1R,21.25,T1A,21.00,T1F,0,T2R,21.25,T2A,21.00,T2F,0,P1,5.061,P1V,2.272,P1F,0,P2,0.002,P2V,1.891,P2F,0,IgR,0
2025-09-03 20:32:32.957,T,202325,SR,144,SF,0,T1R,21.25,T1A,21.00,T1F,0,T2R,21.25,T2A,21.00,T2F,0,P1,5.077,P1V,2.274,P1F,0,P2,0.002,P2V,1.891,P2F,0,IgR,0
2025-09-03 20:32:33.180,T,202551,SR,144,SF,0,T1R,21.00,T1A,21.00,T1F,0,T2R,21.25,T2A,21.00,T2F,0,P1,5.082,P1V,2.275,P1F,0,P2,0.002,P2V,1.891,P2F,0,IgR,0
2025-09-03 20:32:33.401,T,202777,SR,144,SF,0,T1R,21.00,T1A,21.00,T1F,0,T2R,21.25,T2A,21.00,T2F,0,P1,5.077,P1V,2.274,P1F,0,P2,0.002,P2V,1.891,P2F,0,IgR,0
2025-09-03 20:32:33.627,T,203003,SR,144,SF,0,T1R,21.00,T1A,21.00,T1F,0,T2R,21.25,T2A,21.00,T2F,0,P1,5.066,P1V,2.273,P1F,0,P2,0.002,P2V,1.891,P2F,0,IgR,0
2025-09-03 20:32:33.854,T,203229,SR,144,SF,0,T1R,21.00,T1A,21.00,T1F,0,T2R,21.25,T2A,21.00,T2F,0,P1,5.092,P1V,2.277,P1F,0,P2,0.003,P2V,1.892,P2F,0,IgR,0
2025-09-03 20:32:34.079,T,203455,SR,144,SF,0,T1R,21.25,T1A,21.00,T1F,0,T2R,21.25,T2A,21.00,T2F,0,P1,5.077,P1V,2.274,P1F,0,P2,0.002,P2V,1.891,P2F,0,IgR,0
2025-09-03 20:32:34.306,T,203681,SR,144,SF,0,T1R,21.00,T1A,21.00,T1F,0,T2R,21.25,T2A,21.00,T2F,0,P1,5.051,P1V,2.270,P1F,0,P2,0.000,P2V,1.891,P2F,0,IgR,0
2025-09-03 20:32:34.532,T,203907,SR,144,SF,0,T1R,21.25,T1A,21.00,T1F,0,T2R,21.25,T2A,21.00,T2F,0,P1,5.087,P1V,2.276,P1F,0,P2,0.000,P2V,1.891,P2F,0,IgR,0
2025-09-03 20:32:34.758,T,204133,SR,144,SF,0,T1R,21.25,T1A,21.00,T1F,0,T2R,21.25,T2A,21.00,T2F,0,P1,5.072,P1V,2.273,P1F,0,P2,0.002,P2V,1.891,P2F,0,IgR,0
2025-09-03 20:32:34.985,T,204360,SR,144,SF,0,T1R,21.00,T1A,21.00,T1F,0,T2R,21.25,T2A,21.00,T2F,0,P1,5.061,P1V,2.272,P1F,0,P2,0.003,P2V,1.892,P2F,0,IgR,0
2025-09-03 20:32:35.211,T,204586,SR,144,SF,0,T1R,21.00,T1A,21.00,T1F,0,T2R,21.25,T2A,21.00,T2F,0,P1,5.087,P1V,2.276,P1F,0,P2,0.002,P2V,1.891,P2F,0,IgR,0
2025-09-03 20:32:35.438,T,204812,SR,144,SF,0,T1R,21.25,T1A,21.00,T1F,0,T2R,21.25,T2A,21.00,T2F,0,P1,5.082,P1V,2.275,P1F,0,P2,0.002,P2V,1.891,P2F,0,IgR,0
2025-09-03 20:32:35.665,T,205038,SR,144,SF,0,T1R,21.00,T1A,21.00,T1F,0,T2R,21.25,T2A,21.00,T2F,0,P1,5.056,P1V,2.271,P1F,0,P2,0.000,P2V,1.891,P2F,0,IgR,0
2025-09-03 20:32:35.888,T,205264,SR,144,SF,0,T1R,21.00,T1A,21.00,T1F,0,T2R,21.25,T2A,21.00,T2F,0,P1,5.072,P1V,2.273,P1F,0,P2,0.002,P2V,1.891,P2F,0,IgR,0
2025-09-03 20:32:36.114,T,205490,SR,144,SF,0,T1R,21.00,T1A,21.00,T1F,0,T2R,21.25,T2A,21.00,T2F,0,P1,5.072,P1V,2.273,P1F,0,P2,0.000,P2V,1.891,P2F,0,IgR,0
2025-09-03 20:32:36.341,T,205716,SR,144,SF,0,T1R,21.00,T1A,21.00,T1F,0,T2R,21.25,T2A,21.00,T2F,0,P1,5.061,P1V,2.272,P1F,0,P2,0.002,P2V,1.891,P2F,0,IgR,0
2025-09-03 20:32:36.566,T,205942,SR,144,SF,0,T1R,21.00,T1A,21.00,T1F,0,T2R,21.00,T2A,21.00,T2F,0,P1,5.066,P1V,2.273,P1F,0,P2,0.002,P2V,1.891,P2F,0,IgR,0
2025-09-03 20:32:36.793,T,206168,SR,144,SF,0,T1R,21.00,T1A,21.00,T1F,0,T2R,21.25,T2A,21.00,T2F,0,P1,5.072,P1V,2.273,P1F,0,P2,0.003,P2V,1.892,P2F,0,IgR,0
2025-09-03 20:32:37.019,T,206395,SR,144,SF,0,T1R,21.00,T1A,21.00,T1F,0,T2R,21.25,T2A,21.00,T2F,0,P1,5.066,P1V,2.273,P1F,0,P2,0.004,P2V,1.893,P2F,0,IgR,0
2025-09-03 20:32:37.244,T,206620,SR,144,SF,0,T1R,21.00,T1A,21.00,T1F,0,T2R,21.25,T2A,21.00,T2F,0,P1,5.051,P1V,2.270,P1F,0,P2,0.002,P2V,1.891,P2F,0,IgR,0
2025-09-03 20:32:37.470,T,206846,SR,144,SF,0,T1R,21.00,T1A,21.00,T1F,0,T2R,21.25,T2A,21.00,T2F,0,P1,5.082,P1V,2.275,P1F,0,P2,0.003,P2V,1.892,P2F,0,IgR,0
2025-09-03 20:32:37.704,T,207072,SR,144,SF,0,T1R,21.00,T1A,21.00,T1F,0,T2R,21.00,T2A,21.00,T2F,0,P1,5.066,P1V,2.273,P1F,0,P2,0.000,P2V,1.891,P2F,0,IgR,0
2025-09-03 20:32:37.922,T,207298,SR,144,SF,0,T1R,21.00,T1A,21.00,T1F,0,T2R,21.25,T2A,21.00,T2F,0,P1,5.046,P1V,2.269,P1F,0,P2,0.002,P2V,1.891,P2F,0,IgR,0
2025-09-03 20:32:38.149,T,207525,SR,144,SF,0,T1R,21.00,T1A,21.00,T1F,0,T2R,21.25,T2A,21.00,T2F,0,P1,5.077,P1V,2.274,P1F,0,P2,0.002,P2V,1.891,P2F,0,IgR,0
2025-09-03 20:32:38.374,T,207750,SR,144,SF,0,T1R,21.00,T1A,21.00,T1F,0,T2R,21.00,T2A,21.00,T2F,0,P1,5.066,P1V,2.273,P1F,0,P2,0.000,P2V,1.891,P2F,0,IgR,0
2025-09-03 20:32:38.600,T,207976,SR,144,SF,0,T1R,21.00,T1A,21.00,T1F,0,T2R,21.00,T2A,21.00,T2F,0,P1,5.046,P1V,2.269,P1F,0,P2,0.002,P2V,1.891,P2F,0,IgR,0
2025-09-03 20:32:38.827,T,208202,SR,144,SF,0,T1R,21.00,T1A,21.00,T1F,0,T2R,21.00,T2A,21.00,T2F,0,P1,5.056,P1V,2.271,P1F,0,P2,0.003,P2V,1.892,P2F,0,IgR,0
2025-09-03 20:32:39.052,T,208428,SR,144,SF,0,T1R,21.00,T1A,21.00,T1F,0,T2R,21.00,T2A,21.00,T2F,0,P1,5.066,P1V,2.273,P1F,0,P2,0.002,P2V,1.891,P2F,0,IgR,0
2025-09-03 20:32:39.278,T,208654,SR,144,SF,0,T1R,21.00,T1A,21.00,T1F,0,T2R,21.00,T2A,21.00,T2F,0,P1,5.051,P1V,2.270,P1F,0,P2,0.000,P2V,1.891,P2F,0,IgR,0
2025-09-03 20:32:39.504,T,208880,SR,144,SF,0,T1R,21.00,T1A,21.00,T1F,0,T2R,21.00,T2A,21.00,T2F,0,P1,5.051,P1V,2.270,P1F,0,P2,0.003,P2V,1.892,P2F,0,IgR,0
2025-09-03 20:32:39.730,T,209106,SR,144,SF,0,T1R,21.00,T1A,21.00,T1F,0,T2R,21.00,T2A,21.00,T2F,0,P1,5.072,P1V,2.273,P1F,0,P2,0.000,P2V,1.891,P2F,0,IgR,0
2025-09-03 20:32:39.956,T,209332,SR,144,SF,0,T1R,21.00,T1A,21.00,T1F,0,T2R,21.00,T2A,21.00,T2F,0,P1,5.066,P1V,2.273,P1F,0,P2,0.003,P2V,1.892,P2F,0,IgR,0
2025-09-03 20:32:40.182,T,209558,SR,144,SF,0,T1R,21.00,T1A,21.00,T1F,0,T2R,21.00,T2A,21.00,T2F,0,P1,5.036,P1V,2.268,P1F,0,P2,0.002,P2V,1.891,P2F,0,IgR,0
2025-09-03 20:32:40.408,T,209784,SR,144,SF,0,T1R,21.00,T1A,21.00,T1F,0,T2R,21.00,T2A,21.00,T2F,0,P1,5.066,P1V,2.273,P1F,0,P2,0.003,P2V,1.892,P2F,0,IgR,0
2025-09-03 20:32:40.634,T,210010,SR,144,SF,0,T1R,21.00,T1A,21.00,T1F,0,T2R,21.00,T2A,21.00,T2F,0,P1,5.061,P1V,2.272,P1F,0,P2,0.003,P2V,1.892,P2F,0,IgR,0
2025-09-03 20:32:40.861,T,210236,SR,144,SF,0,T1R,20.75,T1A,21.00,T1F,0,T2R,21.00,T2A,21.00,T2F,0,P1,5.036,P1V,2.268,P1F,0,P2,0.002,P2V,1.891,P2F,0,IgR,0
2025-09-03 20:32:41.085,T,210462,SR,144,SF,0,T1R,21.00,T1A,21.00,T1F,0,T2R,21.00,T2A,21.00,T2F,0,P1,5.056,P1V,2.271,P1F,0,P2,0.002,P2V,1.891,P2F,0,IgR,0
2025-09-03 20:32:41.311,T,210688,SR,144,SF,0,T1R,21.00,T1A,21.00,T1F,0,T2R,21.00,T2A,21.00,T2F,0,P1,5.056,P1V,2.271,P1F,0,P2,0.000,P2V,1.891,P2F,0,IgR,0
2025-09-03 20:32:41.539,T,210914,SR,144,SF,0,T1R,21.00,T1A,21.00,T1F,0,T2R,21.00,T2A,21.00,T2F,0,P1,5.046,P1V,2.269,P1F,0,P2,0.002,P2V,1.891,P2F,0,IgR,0
2025-09-03 20:32:41.765,T,211140,SR,144,SF,0,T1R,20.75,T1A,21.00,T1F,0,T2R,21.00,T2A,21.00,T2F,0,P1,5.046,P1V,2.269,P1F,0,P2,0.002,P2V,1.891,P2F,0,IgR,0
2025-09-03 20:32:41.991,T,211366,SR,144,SF,0,T1R,21.00,T1A,21.00,T1F,0,T2R,21.00,T2A,21.00,T2F,0,P1,5.061,P1V,2.272,P1F,0,P2,0.000,P2V,1.891,P2F,0,IgR,0
2025-09-03 20:32:42.216,T,211592,SR,144,SF,0,T1R,20.75,T1A,21.00,T1F,0,T2R,21.00,T2A,21.00,T2F,0,P1,5.051,P1V,2.270,P1F,0,P2,0.003,P2V,1.892,P2F,0,IgR,0
2025-09-03 20:32:42.442,T,211818,SR,144,SF,0,T1R,20.75,T1A,21.00,T1F,0,T2R,21.00,T2A,21.00,T2F,0,P1,5.026,P1V,2.266,P1F,0,P2,0.002,P2V,1.891,P2F,0,IgR,0
2025-09-03 20:32:42.668,T,212045,SR,144,SF,0,T1R,20.75,T1A,20.00,T1F,0,T2R,21.00,T2A,21.00,T2F,0,P1,5.066,P1V,2.273,P1F,0,P2,0.003,P2V,1.892,P2F,0,IgR,0
2025-09-03 20:32:42.894,T,212270,SR,144,SF,0,T1R,20.75,T1A,20.00,T1F,0,T2R,21.00,T2A,21.00,T2F,0,P1,5.046,P1V,2.269,P1F,0,P2,0.002,P2V,1.891,P2F,0,IgR,0
2025-09-03 20:32:43.121,T,212496,SR,144,SF,0,T1R,20.75,T1A,20.00,T1F,0,T2R,21.00,T2A,21.00,T2F,0,P1,5.031,P1V,2.267,P1F,0,P2,0.002,P2V,1.891,P2F,0,IgR,0
2025-09-03 20:32:43.346,T,212722,SR,144,SF,0,T1R,21.00,T1A,20.00,T1F,0,T2R,21.00,T2A,21.00,T2F,0,P1,5.056,P1V,2.271,P1F,0,P2,0.003,P2V,1.892,P2F,0,IgR,0
2025-09-03 20:32:43.572,T,212948,SR,144,SF,0,T1R,20.75,T1A,20.00,T1F,0,T2R,21.00,T2A,21.00,T2F,0,P1,5.046,P1V,2.269,P1F,0,P2,0.004,P2V,1.893,P2F,0,IgR,0
2025-09-03 20:32:43.798,T,213174,SR,144,SF,0,T1R,20.75,T1A,20.00,T1F,0,T2R,21.00,T2A,21.00,T2F,0,P1,5.031,P1V,2.267,P1F,0,P2,0.002,P2V,1.891,P2F,0,IgR,0
2025-09-03 20:32:44.025,T,213400,SR,144,SF,0,T1R,21.00,T1A,20.00,T1F,0,T2R,21.00,T2A,21.00,T2F,0,P1,5.041,P1V,2.268,P1F,0,P2,0.003,P2V,1.892,P2F,0,IgR,0
2025-09-03 20:32:44.250,T,213626,SR,144,SF,0,T1R,20.75,T1A,20.00,T1F,0,T2R,21.00,T2A,21.00,T2F,0,P1,5.046,P1V,2.269,P1F,0,P2,0.002,P2V,1.891,P2F,0,IgR,0
2025-09-03 20:32:44.476,T,213852,SR,144,SF,0,T1R,20.75,T1A,20.00,T1F,0,T2R,21.00,T2A,21.00,T2F,0,P1,5.036,P1V,2.268,P1F,0,P2,-0.001,P2V,1.890,P2F,0,IgR,0
2025-09-03 20:32:44.703,T,214078,SR,144,SF,0,T1R,20.75,T1A,20.00,T1F,0,T2R,21.00,T2A,21.00,T2F,0,P1,5.026,P1V,2.266,P1F,0,P2,0.000,P2V,1.891,P2F,0,IgR,0
2025-09-03 20:32:44.929,T,214304,SR,144,SF,0,T1R,20.75,T1A,20.00,T1F,0,T2R,21.00,T2A,21.00,T2F,0,P1,5.046,P1V,2.269,P1F,0,P2,0.003,P2V,1.892,P2F,0,IgR,0
2025-09-03 20:32:45.154,T,214530,SR,144,SF,0,T1R,20.75,T1A,20.00,T1F,0,T2R,21.00,T2A,21.00,T2F,0,P1,5.036,P1V,2.268,P1F,0,P2,0.000,P2V,1.891,P2F,0,IgR,0
2025-09-03 20:32:45.381,T,214756,SR,144,SF,0,T1R,20.75,T1A,20.00,T1F,0,T2R,21.00,T2A,21.00,T2F,0,P1,5.021,P1V,2.265,P1F,0,P2,0.003,P2V,1.892,P2F,0,IgR,0
2025-09-03 20:32:45.606,T,214982,SR,144,SF,0,T1R,20.75,T1A,20.00,T1F,0,T2R,21.00,T2A,21.00,T2F,0,P1,5.046,P1V,2.269,P1F,0,P2,0.000,P2V,1.891,P2F,0,IgR,0
2025-09-03 20:32:45.834,T,215208,SR,144,SF,0,T1R,20.75,T1A,20.00,T1F,0,T2R,21.00,T2A,21.00,T2F,0,P1,5.046,P1V,2.269,P1F,0,P2,0.000,P2V,1.891,P2F,0,IgR,0
2025-09-03 20:32:46.059,T,215434,SR,144,SF,0,T1R,20.75,T1A,20.00,T1F,0,T2R,21.00,T2A,21.00,T2F,0,P1,5.021,P1V,2.265,P1F,0,P2,0.002,P2V,1.891,P2F,0,IgR,0
2025-09-03 20:32:46.284,T,215660,SR,144,SF,0,T1R,20.75,T1A,20.00,T1F,0,T2R,21.00,T2A,21.00,T2F,0,P1,5.046,P1V,2.269,P1F,0,P2,0.003,P2V,1.892,P2F,0,IgR,0
2025-09-03 20:32:46.511,T,215886,SR,144,SF,0,T1R,20.75,T1A,20.00,T1F,0,T2R,21.00,T2A,21.00,T2F,0,P1,5.036,P1V,2.268,P1F,0,P2,0.003,P2V,1.892,P2F,0,IgR,0
2025-09-03 20:32:46.739,T,216112,SR,144,SF,0,T1R,20.75,T1A,20.00,T1F,0,T2R,21.00,T2A,21.00,T2F,0,P1,5.026,P1V,2.266,P1F,0,P2,0.002,P2V,1.891,P2F,0,IgR,0
2025-09-03 20:32:46.962,T,216338,SR,144,SF,0,T1R,20.75,T1A,20.00,T1F,0,T2R,21.00,T2A,21.00,T2F,0,P1,5.026,P1V,2.266,P1F,0,P2,0.003,P2V,1.892,P2F,0,IgR,0
2025-09-03 20:32:47.188,T,216564,SR,144,SF,0,T1R,20.75,T1A,20.00,T1F,0,T2R,21.00,T2A,21.00,T2F,0,P1,5.036,P1V,2.268,P1F,0,P2,0.002,P2V,1.891,P2F,0,IgR,0
2025-09-03 20:32:47.416,T,216790,SR,144,SF,0,T1R,20.75,T1A,20.00,T1F,0,T2R,21.00,T2A,21.00,T2F,0,P1,5.026,P1V,2.266,P1F,0,P2,0.003,P2V,1.892,P2F,0,IgR,0
2025-09-03 20:32:47.640,T,217016,SR,144,SF,0,T1R,20.75,T1A,20.00,T1F,0,T2R,21.00,T2A,21.00,T2F,0,P1,5.021,P1V,2.265,P1F,0,P2,0.003,P2V,1.892,P2F,0,IgR,0
2025-09-03 20:32:47.866,T,217242,SR,144,SF,0,T1R,20.75,T1A,20.00,T1F,0,T2R,21.00,T2A,21.00,T2F,0,P1,5.041,P1V,2.268,P1F,0,P2,0.000,P2V,1.891,P2F,0,IgR,0
2025-09-03 20:32:48.093,T,217468,SR,144,SF,0,T1R,20.75,T1A,20.00,T1F,0,T2R,21.00,T2A,21.00,T2F,0,P1,5.026,P1V,2.266,P1F,0,P2,0.002,P2V,1.891,P2F,0,IgR,0
2025-09-03 20:32:48.318,T,217694,SR,144,SF,0,T1R,20.75,T1A,20.00,T1F,0,T2R,21.00,T2A,21.00,T2F,0,P1,5.011,P1V,2.264,P1F,0,P2,0.002,P2V,1.891,P2F,0,IgR,0
2025-09-03 20:32:48.544,T,217920,SR,144,SF,0,T1R,20.75,T1A,20.00,T1F,0,T2R,21.00,T2A,21.00,T2F,0,P1,5.046,P1V,2.269,P1F,0,P2,0.000,P2V,1.891,P2F,0,IgR,0
2025-09-03 20:32:48.770,T,218146,SR,144,SF,0,T1R,20.75,T1A,20.00,T1F,0,T2R,21.00,T2A,21.00,T2F,0,P1,5.031,P1V,2.267,P1F,0,P2,0.000,P2V,1.891,P2F,0,IgR,0
2025-09-03 20:32:48.996,T,218372,SR,144,SF,0,T1R,20.75,T1A,20.00,T1F,0,T2R,21.00,T2A,21.00,T2F,0,P1,5.011,P1V,2.264,P1F,0,P2,0.002,P2V,1.891,P2F,0,IgR,0
2025-09-03 20:32:49.222,T,218598,SR,144,SF,0,T1R,20.75,T1A,20.00,T1F,0,T2R,21.00,T2A,21.00,T2F,0,P1,5.026,P1V,2.266,P1F,0,P2,0.002,P2V,1.891,P2F,0,IgR,0
2025-09-03 20:32:49.451,T,218824,SR,144,SF,0,T1R,20.75,T1A,20.00,T1F,0,T2R,21.00,T2A,21.00,T2F,0,P1,5.031,P1V,2.267,P1F,0,P2,0.002,P2V,1.891,P2F,0,IgR,0
2025-09-03 20:32:49.674,T,219050,SR,144,SF,0,T1R,20.75,T1A,20.00,T1F,0,T2R,21.00,T2A,21.00,T2F,0,P1,5.021,P1V,2.265,P1F,0,P2,0.002,P2V,1.891,P2F,0,IgR,0
2025-09-03 20:32:49.901,T,219276,SR,144,SF,0,T1R,20.75,T1A,20.00,T1F,0,T2R,21.00,T2A,21.00,T2F,0,P1,5.021,P1V,2.265,P1F,0,P2,0.002,P2V,1.891,P2F,0,IgR,0
2025-09-03 20:32:50.126,T,219502,SR,144,SF,0,T1R,20.75,T1A,20.00,T1F,0,T2R,21.00,T2A,21.00,T2F,0,P1,5.031,P1V,2.267,P1F,0,P2,0.003,P2V,1.892,P2F,0,IgR,0
2025-09-03 20:32:50.353,T,219728,SR,144,SF,0,T1R,20.75,T1A,20.00,T1F,0,T2R,21.00,T2A,21.00,T2F,0,P1,5.021,P1V,2.265,P1F,0,P2,0.002,P2V,1.891,P2F,0,IgR,0
2025-09-03 20:32:50.578,T,219955,SR,144,SF,0,T1R,20.75,T1A,20.00,T1F,0,T2R,21.00,T2A,21.00,T2F,0,P1,5.006,P1V,2.263,P1F,0,P2,0.002,P2V,1.891,P2F,0,IgR,0
2025-09-03 20:32:50.806,T,220180,SR,144,SF,0,T1R,20.75,T1A,20.00,T1F,0,T2R,21.00,T2A,21.00,T2F,0,P1,5.036,P1V,2.268,P1F,0,P2,0.003,P2V,1.892,P2F,0,IgR,0
2025-09-03 20:32:51.030,T,220406,SR,144,SF,0,T1R,20.75,T1A,20.00,T1F,0,T2R,21.00,T2A,21.00,T2F,0,P1,5.016,P1V,2.264,P1F,0,P2,0.000,P2V,1.891,P2F,0,IgR,0
2025-09-03 20:32:51.257,T,220632,SR,144,SF,0,T1R,20.75,T1A,20.00,T1F,0,T2R,21.00,T2A,21.00,T2F,0,P1,5.006,P1V,2.263,P1F,0,P2,-0.001,P2V,1.890,P2F,0,IgR,0
2025-09-03 20:32:51.482,T,220858,SR,144,SF,0,T1R,20.75,T1A,20.00,T1F,0,T2R,21.00,T2A,21.00,T2F,0,P1,5.026,P1V,2.266,P1F,0,P2,0.003,P2V,1.892,P2F,0,IgR,0
2025-09-03 20:32:51.707,T,221084,SR,144,SF,0,T1R,20.75,T1A,20.00,T1F,0,T2R,21.00,T2A,21.00,T2F,0,P1,5.011,P1V,2.264,P1F,0,P2,-0.002,P2V,1.889,P2F,0,IgR,0
2025-09-03 20:32:51.934,T,221310,SR,144,SF,0,T1R,20.75,T1A,20.00,T1F,0,T2R,21.00,T2A,21.00,T2F,0,P1,5.006,P1V,2.263,P1F,0,P2,0.002,P2V,1.891,P2F,0,IgR,0
2025-09-03 20:32:52.161,T,221536,SR,144,SF,0,T1R,20.75,T1A,20.00,T1F,0,T2R,21.00,T2A,21.00,T2F,0,P1,5.011,P1V,2.264,P1F,0,P2,0.002,P2V,1.891,P2F,0,IgR,0
2025-09-03 20:32:52.386,T,221762,SR,144,SF,0,T1R,20.75,T1A,20.00,T1F,0,T2R,21.00,T2A,21.00,T2F,0,P1,5.026,P1V,2.266,P1F,0,P2,0.002,P2V,1.891,P2F,0,IgR,0
2025-09-03 20:32:52.612,T,221988,SR,144,SF,0,T1R,20.75,T1A,20.00,T1F,0,T2R,21.00,T2A,21.00,T2F,0,P1,5.011,P1V,2.264,P1F,0,P2,0.002,P2V,1.891,P2F,0,IgR,0
2025-09-03 20:32:52.838,T,222215,SR,144,SF,0,T1R,20.75,T1A,20.00,T1F,0,T2R,21.00,T2A,21.00,T2F,0,P1,5.006,P1V,2.263,P1F,0,P2,0.003,P2V,1.892,P2F,0,IgR,0
2025-09-03 20:32:53.064,T,222440,SR,144,SF,0,T1R,20.75,T1A,20.00,T1F,0,T2R,21.00,T2A,21.00,T2F,0,P1,5.021,P1V,2.265,P1F,0,P2,0.003,P2V,1.892,P2F,0,IgR,0
2025-09-03 20:32:53.290,T,222666,SR,144,SF,0,T1R,20.75,T1A,20.00,T1F,0,T2R,21.00,T2A,21.00,T2F,0,P1,5.011,P1V,2.264,P1F,0,P2,0.000,P2V,1.891,P2F,0,IgR,0
2025-09-03 20:32:53.517,T,222892,SR,144,SF,0,T1R,20.75,T1A,20.00,T1F,0,T2R,21.00,T2A,21.00,T2F,0,P1,4.996,P1V,2.261,P1F,0,P2,0.002,P2V,1.891,P2F,0,IgR,0
2025-09-03 20:32:53.742,T,223118,SR,144,SF,0,T1R,20.75,T1A,20.00,T1F,0,T2R,20.75,T2A,21.00,T2F,0,P1,5.026,P1V,2.266,P1F,0,P2,0.002,P2V,1.891,P2F,0,IgR,0
2025-09-03 20:32:53.967,T,223344,SR,144,SF,0,T1R,20.75,T1A,20.00,T1F,0,T2R,21.00,T2A,21.00,T2F,0,P1,5.016,P1V,2.264,P1F,0,P2,0.000,P2V,1.891,P2F,0,IgR,0
2025-09-03 20:32:54.194,T,223570,SR,144,SF,0,T1R,20.75,T1A,20.00,T1F,0,T2R,21.00,T2A,21.00,T2F,0,P1,5.001,P1V,2.262,P1F,0,P2,0.003,P2V,1.892,P2F,0,IgR,0
2025-09-03 20:32:54.420,T,223796,SR,144,SF,0,T1R,20.50,T1A,20.00,T1F,0,T2R,21.00,T2A,21.00,T2F,0,P1,5.016,P1V,2.264,P1F,0,P2,0.002,P2V,1.891,P2F,0,IgR,0
2025-09-03 20:32:54.646,T,224022,SR,144,SF,0,T1R,20.75,T1A,20.00,T1F,0,T2R,20.75,T2A,21.00,T2F,0,P1,5.021,P1V,2.265,P1F,0,P2,0.000,P2V,1.891,P2F,0,IgR,0
2025-09-03 20:32:54.874,T,224248,SR,144,SF,0,T1R,20.75,T1A,20.00,T1F,0,T2R,21.00,T2A,21.00,T2F,0,P1,5.006,P1V,2.263,P1F,0,P2,0.002,P2V,1.891,P2F,0,IgR,0
2025-09-03 20:32:55.098,T,224475,SR,144,SF,0,T1R,20.75,T1A,20.00,T1F,0,T2R,20.75,T2A,20.00,T2F,0,P1,5.001,P1V,2.262,P1F,0,P2,0.003,P2V,1.892,P2F,0,IgR,0
2025-09-03 20:32:55.324,T,224700,SR,144,SF,0,T1R,20.75,T1A,20.00,T1F,0,T2R,20.75,T2A,20.00,T2F,0,P1,5.016,P1V,2.264,P1F,0,P2,0.002,P2V,1.891,P2F,0,IgR,0
2025-09-03 20:32:55.551,T,224926,SR,144,SF,0,T1R,20.50,T1A,20.00,T1F,0,T2R,20.75,T2A,20.00,T2F,0,P1,5.001,P1V,2.262,P1F,0,P2,0.002,P2V,1.891,P2F,0,IgR,0
2025-09-03 20:32:55.775,T,225152,SR,144,SF,0,T1R,20.75,T1A,20.00,T1F,0,T2R,21.00,T2A,20.00,T2F,0,P1,4.990,P1V,2.260,P1F,0,P2,0.003,P2V,1.892,P2F,0,IgR,0
2025-09-03 20:32:56.002,T,225378,SR,144,SF,0,T1R,20.50,T1A,20.00,T1F,0,T2R,20.75,T2A,20.00,T2F,0,P1,5.016,P1V,2.264,P1F,0,P2,0.002,P2V,1.891,P2F,0,IgR,0
2025-09-03 20:32:56.230,T,225604,SR,144,SF,0,T1R,20.50,T1A,20.00,T1F,0,T2R,21.00,T2A,21.00,T2F,0,P1,5.006,P1V,2.263,P1F,0,P2,0.000,P2V,1.891,P2F,0,IgR,0
2025-09-03 20:32:56.454,T,225830,SR,144,SF,0,T1R,20.75,T1A,20.00,T1F,0,T2R,20.75,T2A,21.00,T2F,0,P1,4.990,P1V,2.260,P1F,0,P2,0.003,P2V,1.892,P2F,0,IgR,0
2025-09-03 20:32:56.680,T,226056,SR,144,SF,0,T1R,20.75,T1A,20.00,T1F,0,T2R,20.75,T2A,21.00,T2F,0,P1,5.011,P1V,2.264,P1F,0,P2,0.000,P2V,1.891,P2F,0,IgR,0
2025-09-03 20:32:56.906,T,226282,SR,144,SF,0,T1R,20.50,T1A,20.00,T1F,0,T2R,21.00,T2A,21.00,T2F,0,P1,5.006,P1V,2.263,P1F,0,P2,0.002,P2V,1.891,P2F,0,IgR,0
2025-09-03 20:32:57.132,T,226508,SR,144,SF,0,T1R,20.50,T1A,20.00,T1F,0,T2R,20.75,T2A,21.00,T2F,0,P1,4.996,P1V,2.261,P1F,0,P2,0.002,P2V,1.891,P2F,0,IgR,0
2025-09-03 20:32:57.358,T,226735,SR,144,SF,0,T1R,20.50,T1A,20.00,T1F,0,T2R,21.00,T2A,21.00,T2F,0,P1,5.001,P1V,2.262,P1F,0,P2,0.003,P2V,1.892,P2F,0,IgR,0
2025-09-03 20:32:57.584,T,226960,SR,144,SF,0,T1R,20.50,T1A,20.00,T1F,0,T2R,20.75,T2A,21.00,T2F,0,P1,5.006,P1V,2.263,P1F,0,P2,0.002,P2V,1.891,P2F,0,IgR,0
2025-09-03 20:32:57.810,T,227186,SR,144,SF,0,T1R,20.50,T1A,20.00,T1F,0,T2R,20.75,T2A,21.00,T2F,0,P1,5.001,P1V,2.262,P1F,0,P2,0.002,P2V,1.891,P2F,0,IgR,0
2025-09-03 20:32:58.036,T,227412,SR,144,SF,0,T1R,20.75,T1A,20.00,T1F,0,T2R,20.75,T2A,21.00,T2F,0,P1,4.985,P1V,2.260,P1F,0,P2,0.002,P2V,1.891,P2F,0,IgR,0
2025-09-03 20:32:58.261,T,227638,SR,144,SF,0,T1R,20.50,T1A,20.00,T1F,0,T2R,20.75,T2A,21.00,T2F,0,P1,5.011,P1V,2.264,P1F,0,P2,0.002,P2V,1.891,P2F,0,IgR,0
2025-09-03 20:32:58.487,T,227864,SR,144,SF,0,T1R,20.50,T1A,20.00,T1F,0,T2R,20.75,T2A,20.00,T2F,0,P1,4.996,P1V,2.261,P1F,0,P2,0.002,P2V,1.891,P2F,0,IgR,0
2025-09-03 20:32:58.714,T,228090,SR,144,SF,0,T1R,20.50,T1A,20.00,T1F,0,T2R,20.75,T2A,20.00,T2F,0,P1,4.975,P1V,2.258,P1F,0,P2,0.000,P2V,1.891,P2F,0,IgR,0
2025-09-03 20:32:58.940,T,228316,SR,144,SF,0,T1R,20.75,T1A,20.00,T1F,0,T2R,20.75,T2A,20.00,T2F,0,P1,5.006,P1V,2.263,P1F,0,P2,0.002,P2V,1.891,P2F,0,IgR,0
2025-09-03 20:32:59.166,T,228542,SR,144,SF,0,T1R,20.50,T1A,20.00,T1F,0,T2R,20.75,T2A,20.00,T2F,0,P1,5.001,P1V,2.262,P1F,0,P2,0.002,P2V,1.891,P2F,0,IgR,0
2025-09-03 20:32:59.392,T,228768,SR,144,SF,0,T1R,20.50,T1A,20.00,T1F,0,T2R,20.75,T2A,20.00,T2F,0,P1,4.980,P1V,2.259,P1F,0,P2,0.003,P2V,1.892,P2F,0,IgR,0
2025-09-03 20:32:59.618,T,228994,SR,144,SF,0,T1R,20.50,T1A,20.00,T1F,0,T2R,20.75,T2A,20.00,T2F,0,P1,4.996,P1V,2.261,P1F,0,P2,0.002,P2V,1.891,P2F,0,IgR,0
2025-09-03 20:32:59.844,T,229220,SR,144,SF,0,T1R,20.50,T1A,20.00,T1F,0,T2R,20.75,T2A,20.00,T2F,0,P1,5.006,P1V,2.263,P1F,0,P2,0.002,P2V,1.891,P2F,0,IgR,0
2025-09-03 20:33:00.069,T,229446,SR,144,SF,0,T1R,20.50,T1A,20.00,T1F,0,T2R,20.75,T2A,20.00,T2F,0,P1,4.990,P1V,2.260,P1F,0,P2,0.000,P2V,1.891,P2F,0,IgR,0
2025-09-03 20:33:00.295,T,229672,SR,144,SF,0,T1R,20.50,T1A,20.00,T1F,0,T2R,20.75,T2A,20.00,T2F,0,P1,4.980,P1V,2.259,P1F,0,P2,0.002,P2V,1.891,P2F,0,IgR,0
2025-09-03 20:33:00.522,T,229898,SR,144,SF,0,T1R,20.50,T1A,20.00,T1F,0,T2R,21.00,T2A,20.00,T2F,0,P1,5.001,P1V,2.262,P1F,0,P2,0.003,P2V,1.892,P2F,0,IgR,0
2025-09-03 20:33:00.747,T,230124,SR,144,SF,0,T1R,20.50,T1A,20.00,T1F,0,T2R,20.75,T2A,20.00,T2F,0,P1,4.996,P1V,2.261,P1F,0,P2,0.003,P2V,1.892,P2F,0,IgR,0
2025-09-03 20:33:00.974,T,230350,SR,144,SF,0,T1R,20.50,T1A,20.00,T1F,0,T2R,20.75,T2A,20.00,T2F,0,P1,4.970,P1V,2.257,P1F,0,P2,0.000,P2V,1.891,P2F,0,IgR,0
2025-09-03 20:33:01.200,T,230576,SR,144,SF,0,T1R,20.50,T1A,20.00,T1F,0,T2R,20.75,T2A,20.00,T2F,0,P1,5.006,P1V,2.263,P1F,0,P2,0.002,P2V,1.891,P2F,0,IgR,0
2025-09-03 20:33:01.436,T,230802,SR,144,SF,0,T1R,20.50,T1A,20.00,T1F,0,T2R,20.75,T2A,20.00,T2F,0,P1,4.985,P1V,2.260,P1F,0,P2,0.002,P2V,1.891,P2F,0,IgR,0
2025-09-03 20:33:01.652,T,231028,SR,144,SF,0,T1R,20.50,T1A,20.00,T1F,0,T2R,20.75,T2A,20.00,T2F,0,P1,4.965,P1V,2.256,P1F,0,P2,0.002,P2V,1.891,P2F,0,IgR,0
2025-09-03 20:33:01.878,T,231254,SR,144,SF,0,T1R,20.50,T1A,20.00,T1F,0,T2R,20.75,T2A,20.00,T2F,0,P1,4.996,P1V,2.261,P1F,0,P2,0.002,P2V,1.891,P2F,0,IgR,0
2025-09-03 20:33:02.103,T,231480,SR,144,SF,0,T1R,20.25,T1A,20.00,T1F,0,T2R,21.00,T2A,20.00,T2F,0,P1,4.996,P1V,2.261,P1F,0,P2,0.002,P2V,1.891,P2F,0,IgR,0
2025-09-03 20:33:02.330,T,231706,SR,144,SF,0,T1R,20.50,T1A,20.00,T1F,0,T2R,20.75,T2A,20.00,T2F,0,P1,4.975,P1V,2.258,P1F,0,P2,0.000,P2V,1.891,P2F,0,IgR,0
2025-09-03 20:33:02.555,T,231932,SR,144,SF,0,T1R,20.50,T1A,20.00,T1F,0,T2R,20.75,T2A,20.00,T2F,0,P1,4.980,P1V,2.259,P1F,0,P2,0.003,P2V,1.892,P2F,0,IgR,0
2025-09-03 20:33:02.781,T,232158,SR,144,SF,0,T1R,20.25,T1A,20.00,T1F,0,T2R,20.75,T2A,20.00,T2F,0,P1,4.996,P1V,2.261,P1F,0,P2,0.000,P2V,1.891,P2F,0,IgR,0
2025-09-03 20:33:03.008,T,232384,SR,144,SF,0,T1R,20.50,T1A,20.00,T1F,0,T2R,20.75,T2A,20.00,T2F,0,P1,4.980,P1V,2.259,P1F,0,P2,0.003,P2V,1.892,P2F,0,IgR,0
2025-09-03 20:33:03.233,T,232610,SR,144,SF,0,T1R,20.25,T1A,20.00,T1F,0,T2R,20.75,T2A,20.00,T2F,0,P1,4.950,P1V,2.254,P1F,0,P2,-0.001,P2V,1.890,P2F,0,IgR,0
2025-09-03 20:33:03.460,T,232836,SR,144,SF,0,T1R,20.25,T1A,20.00,T1F,0,T2R,20.75,T2A,20.00,T2F,0,P1,5.001,P1V,2.262,P1F,0,P2,0.002,P2V,1.891,P2F,0,IgR,0
2025-09-03 20:33:03.686,T,233062,SR,144,SF,0,T1R,20.25,T1A,20.00,T1F,0,T2R,20.75,T2A,20.00,T2F,0,P1,4.985,P1V,2.260,P1F,0,P2,0.003,P2V,1.892,P2F,0,IgR,0
2025-09-03 20:33:03.912,T,233288,SR,144,SF,0,T1R,20.50,T1A,20.00,T1F,0,T2R,20.75,T2A,20.00,T2F,0,P1,4.960,P1V,2.256,P1F,0,P2,0.002,P2V,1.891,P2F,0,IgR,0
2025-09-03 20:33:04.138,T,233514,SR,144,SF,0,T1R,20.50,T1A,20.00,T1F,0,T2R,20.75,T2A,20.00,T2F,0,P1,4.985,P1V,2.260,P1F,0,P2,0.003,P2V,1.892,P2F,0,IgR,0
2025-09-03 20:33:04.363,T,233740,SR,144,SF,0,T1R,20.50,T1A,20.00,T1F,0,T2R,20.25,T2A,20.00,T2F,0,P1,4.985,P1V,2.260,P1F,0,P2,0.002,P2V,1.891,P2F,0,IgR,0
2025-09-03 20:33:04.589,T,233966,SR,144,SF,0,T1R,18.00,T1A,20.00,T1F,0,T2R,20.00,T2A,20.00,T2F,0,P1,4.965,P1V,2.256,P1F,0,P2,0.002,P2V,1.891,P2F,0,IgR,0
2025-09-03 20:33:04.815,T,234192,SR,144,SF,0,T1R,18.25,T1A,20.00,T1F,0,T2R,20.00,T2A,20.00,T2F,0,P1,4.970,P1V,2.257,P1F,0,P2,0.002,P2V,1.891,P2F,0,IgR,0
2025-09-03 20:33:05.041,T,234418,SR,144,SF,0,T1R,18.50,T1A,20.00,T1F,0,T2R,20.25,T2A,20.00,T2F,0,P1,4.980,P1V,2.259,P1F,0,P2,0.002,P2V,1.891,P2F,0,IgR,0
2025-09-03 20:33:05.268,T,234645,SR,144,SF,0,T1R,19.25,T1A,19.00,T1F,0,T2R,20.50,T2A,20.00,T2F,0,P1,4.975,P1V,2.258,P1F,0,P2,0.002,P2V,1.891,P2F,0,IgR,0
2025-09-03 20:33:05.495,T,234870,SR,144,SF,0,T1R,18.50,T1A,19.00,T1F,0,T2R,19.50,T2A,20.00,T2F,0,P1,4.965,P1V,2.256,P1F,0,P2,0.000,P2V,1.891,P2F,0,IgR,0
2025-09-03 20:33:05.720,T,235096,SR,144,SF,0,T1R,20.25,T1A,19.00,T1F,0,T2R,20.75,T2A,20.00,T2F,0,P1,4.996,P1V,2.261,P1F,0,P2,0.002,P2V,1.891,P2F,0,IgR,0
2025-09-03 20:33:05.946,T,235322,SR,144,SF,0,T1R,20.25,T1A,19.00,T1F,0,T2R,20.75,T2A,20.00,T2F,0,P1,4.970,P1V,2.257,P1F,0,P2,0.002,P2V,1.891,P2F,0,IgR,0
2025-09-03 20:33:06.172,T,235548,SR,144,SF,0,T1R,20.50,T1A,19.00,T1F,0,T2R,20.50,T2A,20.00,T2F,0,P1,4.955,P1V,2.255,P1F,0,P2,-0.001,P2V,1.890,P2F,0,IgR,0
2025-09-03 20:33:06.398,T,235774,SR,144,SF,0,T1R,20.50,T1A,20.00,T1F,0,T2R,20.75,T2A,20.00,T2F,0,P1,4.980,P1V,2.259,P1F,0,P2,0.002,P2V,1.891,P2F,0,IgR,0
2025-09-03 20:33:06.624,T,236000,SR,144,SF,0,T1R,20.25,T1A,20.00,T1F,0,T2R,20.75,T2A,20.00,T2F,0,P1,4.975,P1V,2.258,P1F,0,P2,0.000,P2V,1.891,P2F,0,IgR,0
2025-09-03 20:33:06.849,T,236226,SR,144,SF,0,T1R,20.25,T1A,20.00,T1F,0,T2R,20.75,T2A,20.00,T2F,0,P1,4.970,P1V,2.257,P1F,0,P2,0.002,P2V,1.891,P2F,0,IgR,0
2025-09-03 20:33:07.075,T,236452,SR,144,SF,0,T1R,20.50,T1A,20.00,T1F,0,T2R,20.75,T2A,20.00,T2F,0,P1,4.965,P1V,2.256,P1F,0,P2,0.002,P2V,1.891,P2F,0,IgR,0
2025-09-03 20:33:07.302,T,236678,SR,144,SF,0,T1R,20.25,T1A,20.00,T1F,0,T2R,20.75,T2A,20.00,T2F,0,P1,4.980,P1V,2.259,P1F,0,P2,0.003,P2V,1.892,P2F,0,IgR,0
2025-09-03 20:33:07.539,T,236904,SR,144,SF,0,T1R,20.25,T1A,20.00,T1F,0,T2R,20.50,T2A,20.00,T2F,0,P1,4.965,P1V,2.256,P1F,0,P2,0.000,P2V,1.891,P2F,0,IgR,0
2025-09-03 20:33:07.765,T,237130,SR,144,SF,0,T1R,20.50,T1A,20.00,T1F,0,T2R,20.75,T2A,20.00,T2F,0,P1,4.955,P1V,2.255,P1F,0,P2,0.002,P2V,1.891,P2F,0,IgR,0
2025-09-03 20:33:07.991,T,237356,SR,144,SF,0,T1R,20.50,T1A,20.00,T1F,0,T2R,20.75,T2A,20.00,T2F,0,P1,4.980,P1V,2.259,P1F,0,P2,0.000,P2V,1.891,P2F,0,IgR,0
2025-09-03 20:33:08.205,T,237582,SR,144,SF,0,T1R,20.50,T1A,20.00,T1F,0,T2R,20.50,T2A,20.00,T2F,0,P1,4.975,P1V,2.258,P1F,0,P2,0.000,P2V,1.891,P2F,0,IgR,0
2025-09-03 20:33:08.432,T,237808,SR,144,SF,0,T1R,20.25,T1A,20.00,T1F,0,T2R,20.75,T2A,20.00,T2F,0,P1,4.945,P1V,2.253,P1F,0,P2,0.003,P2V,1.892,P2F,0,IgR,0
2025-09-03 20:33:08.657,T,238035,SR,144,SF,0,T1R,20.50,T1A,20.00,T1F,0,T2R,20.50,T2A,20.00,T2F,0,P1,4.985,P1V,2.260,P1F,0,P2,0.002,P2V,1.891,P2F,0,IgR,0
2025-09-03 20:33:08.883,T,238260,SR,144,SF,0,T1R,20.25,T1A,20.00,T1F,0,T2R,20.50,T2A,20.00,T2F,0,P1,4.970,P1V,2.257,P1F,0,P2,0.002,P2V,1.891,P2F,0,IgR,0
2025-09-03 20:33:09.109,T,238486,SR,144,SF,0,T1R,20.25,T1A,20.00,T1F,0,T2R,20.50,T2A,20.00,T2F,0,P1,4.965,P1V,2.256,P1F,0,P2,0.002,P2V,1.891,P2F,0,IgR,0
2025-09-03 20:33:09.335,T,238712,SR,144,SF,0,T1R,20.50,T1A,20.00,T1F,0,T2R,20.50,T2A,20.00,T2F,0,P1,4.960,P1V,2.256,P1F,0,P2,0.002,P2V,1.891,P2F,0,IgR,0
2025-09-03 20:33:09.561,T,238938,SR,144,SF,0,T1R,20.25,T1A,20.00,T1F,0,T2R,20.50,T2A,20.00,T2F,0,P1,4.970,P1V,2.257,P1F,0,P2,0.002,P2V,1.891,P2F,0,IgR,0
2025-09-03 20:33:09.787,T,239164,SR,144,SF,0,T1R,20.50,T1A,20.00,T1F,0,T2R,20.75,T2A,20.00,T2F,0,P1,4.965,P1V,2.256,P1F,0,P2,0.003,P2V,1.892,P2F,0,IgR,0
2025-09-03 20:33:10.014,T,239390,SR,144,SF,0,T1R,20.25,T1A,20.00,T1F,0,T2R,20.75,T2A,20.00,T2F,0,P1,4.950,P1V,2.254,P1F,0,P2,0.003,P2V,1.892,P2F,0,IgR,0
2025-09-03 20:33:10.240,T,239616,SR,144,SF,0,T1R,20.50,T1A,20.00,T1F,0,T2R,20.50,T2A,20.00,T2F,0,P1,4.980,P1V,2.259,P1F,0,P2,0.002,P2V,1.891,P2F,0,IgR,0
2025-09-03 20:33:10.466,T,239842,SR,144,SF,0,T1R,20.50,T1A,20.00,T1F,0,T2R,20.50,T2A,20.00,T2F,0,P1,4.965,P1V,2.256,P1F,0,P2,0.002,P2V,1.891,P2F,0,IgR,0
2025-09-03 20:33:10.691,T,240068,SR,144,SF,0,T1R,20.25,T1A,20.00,T1F,0,T2R,20.50,T2A,20.00,T2F,0,P1,4.950,P1V,2.254,P1F,0,P2,0.002,P2V,1.891,P2F,0,IgR,0
2025-09-03 20:33:10.918,T,240294,SR,144,SF,0,T1R,20.50,T1A,20.00,T1F,0,T2R,20.75,T2A,20.00,T2F,0,P1,4.965,P1V,2.256,P1F,0,P2,0.002,P2V,1.891,P2F,0,IgR,0
2025-09-03 20:33:11.143,T,240520,SR,144,SF,0,T1R,20.25,T1A,20.00,T1F,0,T2R,20.50,T2A,20.00,T2F,0,P1,4.965,P1V,2.256,P1F,0,P2,0.002,P2V,1.891,P2F,0,IgR,0
2025-09-03 20:33:11.370,T,240746,SR,144,SF,0,T1R,20.25,T1A,20.00,T1F,0,T2R,20.50,T2A,20.00,T2F,0,P1,4.955,P1V,2.255,P1F,0,P2,0.002,P2V,1.891,P2F,0,IgR,0
2025-09-03 20:33:11.595,T,240972,SR,144,SF,0,T1R,20.50,T1A,20.00,T1F,0,T2R,20.50,T2A,20.00,T2F,0,P1,4.955,P1V,2.255,P1F,0,P2,0.003,P2V,1.892,P2F,0,IgR,0
2025-09-03 20:33:11.821,T,241198,SR,144,SF,0,T1R,20.25,T1A,20.00,T1F,0,T2R,20.75,T2A,20.00,T2F,0,P1,4.960,P1V,2.256,P1F,0,P2,0.002,P2V,1.891,P2F,0,IgR,0
2025-09-03 20:33:12.047,T,241424,SR,144,SF,0,T1R,20.50,T1A,20.00,T1F,0,T2R,20.50,T2A,20.00,T2F,0,P1,4.955,P1V,2.255,P1F,0,P2,0.003,P2V,1.892,P2F,0,IgR,0
2025-09-03 20:33:12.274,T,241650,SR,144,SF,0,T1R,20.50,T1A,20.00,T1F,0,T2R,20.50,T2A,20.00,T2F,0,P1,4.955,P1V,2.255,P1F,0,P2,0.002,P2V,1.891,P2F,0,IgR,0
2025-09-03 20:33:12.499,T,241876,SR,144,SF,0,T1R,20.50,T1A,20.00,T1F,0,T2R,20.50,T2A,20.00,T2F,0,P1,4.970,P1V,2.257,P1F,0,P2,0.004,P2V,1.893,P2F,0,IgR,0
2025-09-03 20:33:12.726,T,242102,SR,144,SF,0,T1R,20.25,T1A,20.00,T1F,0,T2R,20.50,T2A,20.00,T2F,0,P1,4.960,P1V,2.256,P1F,0,P2,0.002,P2V,1.891,P2F,0,IgR,0
2025-09-03 20:33:12.951,T,242328,SR,144,SF,0,T1R,20.25,T1A,20.00,T1F,0,T2R,20.50,T2A,20.00,T2F,0,P1,4.935,P1V,2.252,P1F,0,P2,0.002,P2V,1.891,P2F,0,IgR,0
2025-09-03 20:33:13.177,T,242555,SR,144,SF,0,T1R,20.50,T1A,20.00,T1F,0,T2R,20.50,T2A,20.00,T2F,0,P1,4.970,P1V,2.257,P1F,0,P2,0.002,P2V,1.891,P2F,0,IgR,0
2025-09-03 20:33:13.403,T,242780,SR,144,SF,0,T1R,20.50,T1A,20.00,T1F,0,T2R,20.75,T2A,20.00,T2F,0,P1,4.965,P1V,2.256,P1F,0,P2,0.003,P2V,1.892,P2F,0,IgR,0
2025-09-03 20:33:13.629,T,243006,SR,144,SF,0,T1R,20.25,T1A,20.00,T1F,0,T2R,20.50,T2A,20.00,T2F,0,P1,4.945,P1V,2.253,P1F,0,P2,0.000,P2V,1.891,P2F,0,IgR,0
2025-09-03 20:33:13.855,T,243232,SR,144,SF,0,T1R,20.50,T1A,20.00,T1F,0,T2R,20.50,T2A,20.00,T2F,0,P1,4.950,P1V,2.254,P1F,0,P2,0.002,P2V,1.891,P2F,0,IgR,0
2025-09-03 20:33:14.081,T,243458,SR,144,SF,0,T1R,20.25,T1A,20.00,T1F,0,T2R,20.50,T2A,20.00,T2F,0,P1,4.960,P1V,2.256,P1F,0,P2,0.002,P2V,1.891,P2F,0,IgR,0
2025-09-03 20:33:14.308,T,243684,SR,144,SF,0,T1R,20.25,T1A,20.00,T1F,0,T2R,20.50,T2A,20.00,T2F,0,P1,4.940,P1V,2.252,P1F,0,P2,0.003,P2V,1.892,P2F,0,IgR,0
2025-09-03 20:33:14.534,T,243910,SR,144,SF,0,T1R,20.25,T1A,20.00,T1F,0,T2R,20.50,T2A,20.00,T2F,0,P1,4.920,P1V,2.249,P1F,0,P2,-0.001,P2V,1.890,P2F,0,IgR,0
2025-09-03 20:33:14.759,T,244136,SR,144,SF,0,T1R,20.25,T1A,20.00,T1F,0,T2R,20.50,T2A,20.00,T2F,0,P1,4.970,P1V,2.257,P1F,0,P2,0.000,P2V,1.891,P2F,0,IgR,0
2025-09-03 20:33:14.985,T,244362,SR,144,SF,0,T1R,20.25,T1A,20.00,T1F,0,T2R,20.50,T2A,20.00,T2F,0,P1,4.960,P1V,2.256,P1F,0,P2,0.004,P2V,1.893,P2F,0,IgR,0
2025-09-03 20:33:15.211,T,244588,SR,144,SF,0,T1R,20.25,T1A,20.00,T1F,0,T2R,20.50,T2A,20.00,T2F,0,P1,4.925,P1V,2.250,P1F,0,P2,0.002,P2V,1.891,P2F,0,IgR,0
2025-09-03 20:33:15.438,T,244814,SR,144,SF,0,T1R,20.25,T1A,20.00,T1F,0,T2R,20.50,T2A,20.00,T2F,0,P1,4.960,P1V,2.256,P1F,0,P2,0.003,P2V,1.892,P2F,0,IgR,0
2025-09-03 20:33:15.663,T,245040,SR,144,SF,0,T1R,20.50,T1A,20.00,T1F,0,T2R,20.50,T2A,20.00,T2F,0,P1,4.950,P1V,2.254,P1F,0,P2,0.003,P2V,1.892,P2F,0,IgR,0
2025-09-03 20:33:15.889,T,245266,SR,144,SF,0,T1R,20.25,T1A,20.00,T1F,0,T2R,20.50,T2A,20.00,T2F,0,P1,4.930,P1V,2.251,P1F,0,P2,0.002,P2V,1.891,P2F,0,IgR,0
2025-09-03 20:33:16.115,T,245492,SR,144,SF,0,T1R,20.25,T1A,20.00,T1F,0,T2R,20.50,T2A,20.00,T2F,0,P1,4.945,P1V,2.253,P1F,0,P2,0.002,P2V,1.891,P2F,0,IgR,0
2025-09-03 20:33:16.342,T,245718,SR,144,SF,0,T1R,20.25,T1A,20.00,T1F,0,T2R,20.50,T2A,20.00,T2F,0,P1,4.955,P1V,2.255,P1F,0,P2,0.003,P2V,1.892,P2F,0,IgR,0
2025-09-03 20:33:16.568,T,245945,SR,144,SF,0,T1R,20.25,T1A,20.00,T1F,0,T2R,20.50,T2A,20.00,T2F,0,P1,4.935,P1V,2.252,P1F,0,P2,0.000,P2V,1.891,P2F,0,IgR,0
2025-09-03 20:33:16.794,T,246170,SR,144,SF,0,T1R,20.25,T1A,20.00,T1F,0,T2R,20.50,T2A,20.00,T2F,0,P1,4.935,P1V,2.252,P1F,0,P2,0.002,P2V,1.891,P2F,0,IgR,0
2025-09-03 20:33:17.019,T,246396,SR,144,SF,0,T1R,20.25,T1A,20.00,T1F,0,T2R,20.50,T2A,20.00,T2F,0,P1,4.960,P1V,2.256,P1F,0,P2,0.000,P2V,1.891,P2F,0,IgR,0
2025-09-03 20:33:17.245,T,246622,SR,144,SF,0,T1R,20.25,T1A,20.00,T1F,0,T2R,20.50,T2A,20.00,T2F,0,P1,4.940,P1V,2.252,P1F,0,P2,0.002,P2V,1.891,P2F,0,IgR,0
2025-09-03 20:33:17.471,T,246848,SR,144,SF,0,T1R,20.25,T1A,20.00,T1F,0,T2R,20.50,T2A,20.00,T2F,0,P1,4.925,P1V,2.250,P1F,0,P2,0.002,P2V,1.891,P2F,0,IgR,0
2025-09-03 20:33:17.697,T,247074,SR,144,SF,0,T1R,20.25,T1A,20.00,T1F,0,T2R,20.50,T2A,20.00,T2F,0,P1,4.955,P1V,2.255,P1F,0,P2,0.002,P2V,1.891,P2F,0,IgR,0
2025-09-03 20:33:17.923,T,247300,SR,144,SF,0,T1R,20.25,T1A,20.00,T1F,0,T2R,20.50,T2A,20.00,T2F,0,P1,4.940,P1V,2.252,P1F,0,P2,0.000,P2V,1.891,P2F,0,IgR,0
2025-09-03 20:33:18.149,T,247526,SR,144,SF,0,T1R,20.25,T1A,20.00,T1F,0,T2R,20.50,T2A,20.00,T2F,0,P1,4.930,P1V,2.251,P1F,0,P2,0.002,P2V,1.891,P2F,0,IgR,0
2025-09-03 20:33:18.376,T,247752,SR,144,SF,0,T1R,20.25,T1A,20.00,T1F,0,T2R,20.50,T2A,20.00,T2F,0,P1,4.935,P1V,2.252,P1F,0,P2,0.002,P2V,1.891,P2F,0,IgR,0
2025-09-03 20:33:18.603,T,247978,SR,144,SF,0,T1R,20.25,T1A,20.00,T1F,0,T2R,20.50,T2A,20.00,T2F,0,P1,4.945,P1V,2.253,P1F,0,P2,0.002,P2V,1.891,P2F,0,IgR,0
2025-09-03 20:33:18.827,T,248205,SR,144,SF,0,T1R,20.25,T1A,20.00,T1F,0,T2R,20.50,T2A,20.00,T2F,0,P1,4.935,P1V,2.252,P1F,0,P2,0.002,P2V,1.891,P2F,0,IgR,0
2025-09-03 20:33:19.053,T,248430,SR,144,SF,0,T1R,20.00,T1A,20.00,T1F,0,T2R,20.50,T2A,20.00,T2F,0,P1,4.935,P1V,2.252,P1F,0,P2,0.002,P2V,1.891,P2F,0,IgR,0
2025-09-03 20:33:19.279,T,248656,SR,144,SF,0,T1R,20.00,T1A,20.00,T1F,0,T2R,20.50,T2A,20.00,T2F,0,P1,4.945,P1V,2.253,P1F,0,P2,0.002,P2V,1.891,P2F,0,IgR,0
2025-09-03 20:33:19.505,T,248882,SR,144,SF,0,T1R,20.25,T1A,20.00,T1F,0,T2R,20.50,T2A,20.00,T2F,0,P1,4.935,P1V,2.252,P1F,0,P2,0.002,P2V,1.891,P2F,0,IgR,0
2025-09-03 20:33:19.731,T,249108,SR,144,SF,0,T1R,20.25,T1A,20.00,T1F,0,T2R,20.50,T2A,20.00,T2F,0,P1,4.915,P1V,2.248,P1F,0,P2,0.000,P2V,1.891,P2F,0,IgR,0
2025-09-03 20:33:19.957,T,249334,SR,144,SF,0,T1R,20.25,T1A,20.00,T1F,0,T2R,20.50,T2A,20.00,T2F,0,P1,4.940,P1V,2.252,P1F,0,P2,0.002,P2V,1.891,P2F,0,IgR,0
2025-09-03 20:33:20.186,T,249560,SR,144,SF,0,T1R,20.00,T1A,20.00,T1F,0,T2R,20.50,T2A,20.00,T2F,0,P1,4.930,P1V,2.251,P1F,0,P2,0.003,P2V,1.892,P2F,0,IgR,0
2025-09-03 20:33:20.412,T,249786,SR,144,SF,0,T1R,20.00,T1A,20.00,T1F,0,T2R,20.25,T2A,20.00,T2F,0,P1,4.935,P1V,2.252,P1F,0,P2,0.002,P2V,1.891,P2F,0,IgR,0
2025-09-03 20:33:20.636,T,250012,SR,144,SF,0,T1R,20.00,T1A,20.00,T1F,0,T2R,20.50,T2A,20.00,T2F,0,P1,4.925,P1V,2.250,P1F,0,P2,0.002,P2V,1.891,P2F,0,IgR,0
2025-09-03 20:33:20.862,T,250238,SR,144,SF,0,T1R,20.25,T1A,20.00,T1F,0,T2R,20.50,T2A,20.00,T2F,0,P1,4.940,P1V,2.252,P1F,0,P2,0.003,P2V,1.892,P2F,0,IgR,0
2025-09-03 20:33:21.088,T,250464,SR,144,SF,0,T1R,20.00,T1A,20.00,T1F,0,T2R,20.50,T2A,20.00,T2F,0,P1,4.935,P1V,2.252,P1F,0,P2,0.002,P2V,1.891,P2F,0,IgR,0
2025-09-03 20:33:21.313,T,250690,SR,144,SF,0,T1R,20.00,T1A,20.00,T1F,0,T2R,20.50,T2A,20.00,T2F,0,P1,4.920,P1V,2.249,P1F,0,P2,0.002,P2V,1.891,P2F,0,IgR,0
2025-09-03 20:33:21.539,T,250916,SR,144,SF,0,T1R,20.00,T1A,20.00,T1F,0,T2R,20.50,T2A,20.00,T2F,0,P1,4.945,P1V,2.253,P1F,0,P2,0.002,P2V,1.891,P2F,0,IgR,0
2025-09-03 20:33:21.766,T,251142,SR,144,SF,0,T1R,20.00,T1A,20.00,T1F,0,T2R,20.25,T2A,20.00,T2F,0,P1,4.930,P1V,2.251,P1F,0,P2,0.002,P2V,1.891,P2F,0,IgR,0
2025-09-03 20:33:21.993,T,251368,SR,144,SF,0,T1R,20.00,T1A,20.00,T1F,0,T2R,20.50,T2A,20.00,T2F,0,P1,4.915,P1V,2.248,P1F,0,P2,0.002,P2V,1.891,P2F,0,IgR,0
2025-09-03 20:33:22.217,T,251594,SR,144,SF,0,T1R,20.00,T1A,20.00,T1F,0,T2R,20.50,T2A,20.00,T2F,0,P1,4.940,P1V,2.252,P1F,0,P2,0.002,P2V,1.891,P2F,0,IgR,0
2025-09-03 20:33:22.445,T,251820,SR,144,SF,0,T1R,20.00,T1A,20.00,T1F,0,T2R,20.50,T2A,20.00,T2F,0,P1,4.930,P1V,2.251,P1F,0,P2,0.002,P2V,1.891,P2F,0,IgR,0
2025-09-03 20:33:22.669,T,252046,SR,144,SF,0,T1R,20.00,T1A,20.00,T1F,0,T2R,20.25,T2A,20.00,T2F,0,P1,4.930,P1V,2.251,P1F,0,P2,0.002,P2V,1.891,P2F,0,IgR,0
2025-09-03 20:33:22.895,T,252272,SR,144,SF,0,T1R,20.00,T1A,20.00,T1F,0,T2R,20.50,T2A,20.00,T2F,0,P1,4.925,P1V,2.250,P1F,0,P2,0.002,P2V,1.891,P2F,0,IgR,0
2025-09-03 20:33:23.121,T,252498,SR,144,SF,0,T1R,20.00,T1A,20.00,T1F,0,T2R,20.25,T2A,20.00,T2F,0,P1,4.935,P1V,2.252,P1F,0,P2,0.003,P2V,1.892,P2F,0,IgR,0
2025-09-03 20:33:23.347,T,252724,SR,144,SF,0,T1R,20.00,T1A,20.00,T1F,0,T2R,20.25,T2A,20.00,T2F,0,P1,4.920,P1V,2.249,P1F,0,P2,0.002,P2V,1.891,P2F,0,IgR,0
2025-09-03 20:33:23.573,T,252950,SR,144,SF,0,T1R,20.00,T1A,20.00,T1F,0,T2R,20.50,T2A,20.00,T2F,0,P1,4.920,P1V,2.249,P1F,0,P2,0.003,P2V,1.892,P2F,0,IgR,0
2025-09-03 20:33:23.799,T,253176,SR,144,SF,0,T1R,20.00,T1A,20.00,T1F,0,T2R,20.25,T2A,20.00,T2F,0,P1,4.940,P1V,2.252,P1F,0,P2,0.002,P2V,1.891,P2F,0,IgR,0
2025-09-03 20:33:24.025,T,253402,SR,144,SF,0,T1R,20.00,T1A,20.00,T1F,0,T2R,20.50,T2A,20.00,T2F,0,P1,4.925,P1V,2.250,P1F,0,P2,0.002,P2V,1.891,P2F,0,IgR,0
2025-09-03 20:33:24.252,T,253628,SR,144,SF,0,T1R,20.00,T1A,20.00,T1F,0,T2R,20.25,T2A,20.00,T2F,0,P1,4.904,P1V,2.247,P1F,0,P2,0.002,P2V,1.891,P2F,0,IgR,0
2025-09-03 20:33:24.477,T,253854,SR,144,SF,0,T1R,20.00,T1A,20.00,T1F,0,T2R,20.25,T2A,20.00,T2F,0,P1,4.935,P1V,2.252,P1F,0,P2,0.004,P2V,1.893,P2F,0,IgR,0
2025-09-03 20:33:24.703,T,254080,SR,144,SF,0,T1R,20.00,T1A,20.00,T1F,0,T2R,20.25,T2A,20.00,T2F,0,P1,4.925,P1V,2.250,P1F,0,P2,0.000,P2V,1.891,P2F,0,IgR,0
2025-09-03 20:33:24.929,T,254306,SR,144,SF,0,T1R,19.75,T1A,20.00,T1F,0,T2R,20.50,T2A,20.00,T2F,0,P1,4.915,P1V,2.248,P1F,0,P2,0.000,P2V,1.891,P2F,0,IgR,0
2025-09-03 20:33:25.155,T,254532,SR,144,SF,0,T1R,19.75,T1A,20.00,T1F,0,T2R,20.25,T2A,20.00,T2F,0,P1,4.915,P1V,2.248,P1F,0,P2,0.003,P2V,1.892,P2F,0,IgR,0
2025-09-03 20:33:25.381,T,254758,SR,144,SF,0,T1R,20.00,T1A,20.00,T1F,0,T2R,20.25,T2A,20.00,T2F,0,P1,4.930,P1V,2.251,P1F,0,P2,0.003,P2V,1.892,P2F,0,IgR,0
2025-09-03 20:33:25.608,T,254984,SR,144,SF,0,T1R,19.75,T1A,19.00,T1F,0,T2R,20.25,T2A,20.00,T2F,0,P1,4.920,P1V,2.249,P1F,0,P2,0.003,P2V,1.892,P2F,0,IgR,0
2025-09-03 20:33:25.835,T,255210,SR,144,SF,0,T1R,19.75,T1A,19.00,T1F,0,T2R,20.25,T2A,20.00,T2F,0,P1,4.904,P1V,2.247,P1F,0,P2,0.002,P2V,1.891,P2F,0,IgR,0
2025-09-03 20:33:26.059,T,255436,SR,144,SF,0,T1R,20.00,T1A,19.00,T1F,0,T2R,20.25,T2A,20.00,T2F,0,P1,4.930,P1V,2.251,P1F,0,P2,0.003,P2V,1.892,P2F,0,IgR,0
2025-09-03 20:33:26.285,T,255662,SR,144,SF,0,T1R,20.00,T1A,19.00,T1F,0,T2R,20.25,T2A,20.00,T2F,0,P1,4.920,P1V,2.249,P1F,0,P2,0.002,P2V,1.891,P2F,0,IgR,0
2025-09-03 20:33:26.511,T,255888,SR,144,SF,0,T1R,19.75,T1A,19.00,T1F,0,T2R,20.25,T2A,20.00,T2F,0,P1,4.899,P1V,2.246,P1F,0,P2,0.003,P2V,1.892,P2F,0,IgR,0
2025-09-03 20:33:26.737,T,256114,SR,144,SF,0,T1R,20.00,T1A,20.00,T1F,0,T2R,20.25,T2A,20.00,T2F,0,P1,4.925,P1V,2.250,P1F,0,P2,0.002,P2V,1.891,P2F,0,IgR,0
2025-09-03 20:33:26.963,T,256340,SR,144,SF,0,T1R,19.75,T1A,20.00,T1F,0,T2R,20.25,T2A,20.00,T2F,0,P1,4.915,P1V,2.248,P1F,0,P2,0.002,P2V,1.891,P2F,0,IgR,0
2025-09-03 20:33:27.189,T,256566,SR,144,SF,0,T1R,19.75,T1A,20.00,T1F,0,T2R,20.25,T2A,20.00,T2F,0,P1,4.909,P1V,2.248,P1F,0,P2,0.002,P2V,1.891,P2F,0,IgR,0
2025-09-03 20:33:27.415,T,256792,SR,144,SF,0,T1R,19.75,T1A,20.00,T1F,0,T2R,20.25,T2A,20.00,T2F,0,P1,4.909,P1V,2.248,P1F,0,P2,0.000,P2V,1.891,P2F,0,IgR,0
2025-09-03 20:33:27.641,T,257018,SR,144,SF,0,T1R,20.00,T1A,20.00,T1F,0,T2R,20.25,T2A,20.00,T2F,0,P1,4.915,P1V,2.248,P1F,0,P2,0.003,P2V,1.892,P2F,0,IgR,0
2025-09-03 20:33:27.868,T,257244,SR,144,SF,0,T1R,19.75,T1A,19.00,T1F,0,T2R,20.25,T2A,20.00,T2F,0,P1,4.909,P1V,2.248,P1F,0,P2,0.002,P2V,1.891,P2F,0,IgR,0
2025-09-03 20:33:28.094,T,257470,SR,144,SF,0,T1R,19.75,T1A,19.00,T1F,0,T2R,20.25,T2A,20.00,T2F,0,P1,4.899,P1V,2.246,P1F,0,P2,0.002,P2V,1.891,P2F,0,IgR,0
2025-09-03 20:33:28.319,T,257696,SR,144,SF,0,T1R,19.75,T1A,19.00,T1F,0,T2R,20.25,T2A,20.00,T2F,0,P1,4.930,P1V,2.251,P1F,0,P2,0.003,P2V,1.892,P2F,0,IgR,0
2025-09-03 20:33:28.545,T,257922,SR,144,SF,0,T1R,20.00,T1A,19.00,T1F,0,T2R,20.25,T2A,20.00,T2F,0,P1,4.915,P1V,2.248,P1F,0,P2,0.000,P2V,1.891,P2F,0,IgR,0
2025-09-03 20:33:28.771,T,258148,SR,144,SF,0,T1R,20.00,T1A,19.00,T1F,0,T2R,20.25,T2A,20.00,T2F,0,P1,4.899,P1V,2.246,P1F,0,P2,0.002,P2V,1.891,P2F,0,IgR,0
2025-09-03 20:33:28.998,T,258374,SR,144,SF,0,T1R,19.75,T1A,19.00,T1F,0,T2R,20.25,T2A,20.00,T2F,0,P1,4.920,P1V,2.249,P1F,0,P2,0.002,P2V,1.891,P2F,0,IgR,0
2025-09-03 20:33:29.224,T,258600,SR,144,SF,0,T1R,20.00,T1A,19.00,T1F,0,T2R,20.25,T2A,20.00,T2F,0,P1,4.915,P1V,2.248,P1F,0,P2,0.002,P2V,1.891,P2F,0,IgR,0
2025-09-03 20:33:29.449,T,258826,SR,144,SF,0,T1R,20.00,T1A,19.00,T1F,0,T2R,20.25,T2A,20.00,T2F,0,P1,4.904,P1V,2.247,P1F,0,P2,0.003,P2V,1.892,P2F,0,IgR,0
2025-09-03 20:33:29.674,T,259052,SR,144,SF,0,T1R,20.00,T1A,19.00,T1F,0,T2R,20.25,T2A,20.00,T2F,0,P1,4.904,P1V,2.247,P1F,0,P2,0.002,P2V,1.891,P2F,0,IgR,0
2025-09-03 20:33:29.902,T,259278,SR,144,SF,0,T1R,19.75,T1A,19.00,T1F,0,T2R,20.25,T2A,20.00,T2F,0,P1,4.915,P1V,2.248,P1F,0,P2,0.003,P2V,1.892,P2F,0,IgR,0
2025-09-03 20:33:30.128,T,259505,SR,144,SF,0,T1R,19.75,T1A,19.00,T1F,0,T2R,20.25,T2A,20.00,T2F,0,P1,4.909,P1V,2.248,P1F,0,P2,0.002,P2V,1.891,P2F,0,IgR,0
2025-09-03 20:33:30.353,T,259730,SR,144,SF,0,T1R,19.75,T1A,19.00,T1F,0,T2R,20.25,T2A,20.00,T2F,0,P1,4.884,P1V,2.244,P1F,0,P2,0.000,P2V,1.891,P2F,0,IgR,0
2025-09-03 20:33:30.579,T,259956,SR,144,SF,0,T1R,19.75,T1A,19.00,T1F,0,T2R,20.25,T2A,20.00,T2F,0,P1,4.925,P1V,2.250,P1F,0,P2,0.002,P2V,1.891,P2F,0,IgR,0
2025-09-03 20:33:30.805,T,260182,SR,144,SF,0,T1R,19.75,T1A,19.00,T1F,0,T2R,20.25,T2A,20.00,T2F,0,P1,4.909,P1V,2.248,P1F,0,P2,0.003,P2V,1.892,P2F,0,IgR,0
2025-09-03 20:33:31.031,T,260408,SR,144,SF,0,T1R,19.75,T1A,19.00,T1F,0,T2R,20.25,T2A,20.00,T2F,0,P1,4.884,P1V,2.244,P1F,0,P2,0.002,P2V,1.891,P2F,0,IgR,0
2025-09-03 20:33:31.257,T,260635,SR,144,SF,0,T1R,19.75,T1A,19.00,T1F,0,T2R,20.25,T2A,20.00,T2F,0,P1,4.909,P1V,2.248,P1F,0,P2,0.003,P2V,1.892,P2F,0,IgR,0
2025-09-03 20:33:31.483,T,260860,SR,144,SF,0,T1R,19.75,T1A,19.00,T1F,0,T2R,20.25,T2A,20.00,T2F,0,P1,4.909,P1V,2.248,P1F,0,P2,0.002,P2V,1.891,P2F,0,IgR,0
2025-09-03 20:33:31.710,T,261086,SR,144,SF,0,T1R,19.75,T1A,19.00,T1F,0,T2R,20.00,T2A,20.00,T2F,0,P1,4.899,P1V,2.246,P1F,0,P2,0.002,P2V,1.891,P2F,0,IgR,0
2025-09-03 20:33:31.936,T,261312,SR,144,SF,0,T1R,19.75,T1A,19.00,T1F,0,T2R,20.25,T2A,20.00,T2F,0,P1,4.894,P1V,2.245,P1F,0,P2,0.003,P2V,1.892,P2F,0,IgR,0
2025-09-03 20:33:32.162,T,261538,SR,144,SF,0,T1R,19.75,T1A,19.00,T1F,0,T2R,20.25,T2A,20.00,T2F,0,P1,4.915,P1V,2.248,P1F,0,P2,0.003,P2V,1.892,P2F,0,IgR,0
2025-09-03 20:33:32.387,T,261765,SR,144,SF,0,T1R,19.75,T1A,19.00,T1F,0,T2R,20.00,T2A,20.00,T2F,0,P1,4.894,P1V,2.245,P1F,0,P2,0.000,P2V,1.891,P2F,0,IgR,0
2025-09-03 20:33:32.613,T,261990,SR,144,SF,0,T1R,19.75,T1A,19.00,T1F,0,T2R,20.25,T2A,20.00,T2F,0,P1,4.884,P1V,2.244,P1F,0,P2,-0.001,P2V,1.890,P2F,0,IgR,0
2025-09-03 20:33:32.839,T,262216,SR,144,SF,0,T1R,20.00,T1A,19.00,T1F,0,T2R,20.25,T2A,20.00,T2F,0,P1,4.915,P1V,2.248,P1F,0,P2,0.003,P2V,1.892,P2F,0,IgR,0
2025-09-03 20:33:33.065,T,262442,SR,144,SF,0,T1R,19.75,T1A,19.00,T1F,0,T2R,20.00,T2A,20.00,T2F,0,P1,4.899,P1V,2.246,P1F,0,P2,0.002,P2V,1.891,P2F,0,IgR,0
2025-09-03 20:33:33.291,T,262668,SR,144,SF,0,T1R,19.75,T1A,19.00,T1F,0,T2R,20.25,T2A,20.00,T2F,0,P1,4.889,P1V,2.244,P1F,0,P2,0.002,P2V,1.891,P2F,0,IgR,0
2025-09-03 20:33:33.529,T,262895,SR,144,SF,0,T1R,19.75,T1A,19.00,T1F,0,T2R,20.25,T2A,20.00,T2F,0,P1,4.904,P1V,2.247,P1F,0,P2,0.003,P2V,1.892,P2F,0,IgR,0
2025-09-03 20:33:33.759,T,263120,SR,144,SF,0,T1R,19.75,T1A,19.00,T1F,0,T2R,20.25,T2A,20.00,T2F,0,P1,4.899,P1V,2.246,P1F,0,P2,0.002,P2V,1.891,P2F,0,IgR,0
2025-09-03 20:33:33.970,T,263346,SR,144,SF,0,T1R,19.75,T1A,19.00,T1F,0,T2R,20.00,T2A,20.00,T2F,0,P1,4.894,P1V,2.245,P1F,0,P2,0.003,P2V,1.892,P2F,0,IgR,0
2025-09-03 20:33:34.196,T,263572,SR,144,SF,0,T1R,19.75,T1A,19.00,T1F,0,T2R,20.25,T2A,20.00,T2F,0,P1,4.894,P1V,2.245,P1F,0,P2,0.002,P2V,1.891,P2F,0,IgR,0
2025-09-03 20:33:34.422,T,263798,SR,144,SF,0,T1R,19.75,T1A,19.00,T1F,0,T2R,20.25,T2A,20.00,T2F,0,P1,4.915,P1V,2.248,P1F,0,P2,0.004,P2V,1.893,P2F,0,IgR,0
2025-09-03 20:33:34.648,T,264025,SR,144,SF,0,T1R,19.75,T1A,19.00,T1F,0,T2R,20.25,T2A,20.00,T2F,0,P1,4.894,P1V,2.245,P1F,0,P2,0.003,P2V,1.892,P2F,0,IgR,0
2025-09-03 20:33:34.873,T,264250,SR,144,SF,0,T1R,19.75,T1A,19.00,T1F,0,T2R,20.25,T2A,20.00,T2F,0,P1,4.884,P1V,2.244,P1F,0,P2,0.000,P2V,1.891,P2F,0,IgR,0
2025-09-03 20:33:35.099,T,264476,SR,144,SF,0,T1R,19.75,T1A,19.00,T1F,0,T2R,20.25,T2A,20.00,T2F,0,P1,4.909,P1V,2.248,P1F,0,P2,0.003,P2V,1.892,P2F,0,IgR,0
2025-09-03 20:33:35.325,T,264702,SR,144,SF,0,T1R,19.75,T1A,19.00,T1F,0,T2R,20.25,T2A,20.00,T2F,0,P1,4.899,P1V,2.246,P1F,0,P2,0.000,P2V,1.891,P2F,0,IgR,0
2025-09-03 20:33:35.551,T,264928,SR,144,SF,0,T1R,19.75,T1A,19.00,T1F,0,T2R,20.25,T2A,20.00,T2F,0,P1,4.884,P1V,2.244,P1F,0,P2,0.000,P2V,1.891,P2F,0,IgR,0
2025-09-03 20:33:35.777,T,265154,SR,144,SF,0,T1R,19.75,T1A,19.00,T1F,0,T2R,20.25,T2A,20.00,T2F,0,P1,4.889,P1V,2.244,P1F,0,P2,0.002,P2V,1.891,P2F,0,IgR,0
2025-09-03 20:33:36.003,T,265380,SR,144,SF,0,T1R,19.75,T1A,19.00,T1F,0,T2R,20.25,T2A,20.00,T2F,0,P1,4.899,P1V,2.246,P1F,0,P2,0.004,P2V,1.893,P2F,0,IgR,0
2025-09-03 20:33:36.229,T,265606,SR,144,SF,0,T1R,19.75,T1A,19.00,T1F,0,T2R,20.25,T2A,20.00,T2F,0,P1,4.889,P1V,2.244,P1F,0,P2,0.004,P2V,1.893,P2F,0,IgR,0
2025-09-03 20:33:36.454,T,265832,SR,144,SF,0,T1R,19.75,T1A,19.00,T1F,0,T2R,20.00,T2A,20.00,T2F,0,P1,4.869,P1V,2.241,P1F,0,P2,0.002,P2V,1.891,P2F,0,IgR,0
2025-09-03 20:33:36.681,T,266058,SR,144,SF,0,T1R,19.75,T1A,19.00,T1F,0,T2R,20.00,T2A,20.00,T2F,0,P1,4.915,P1V,2.248,P1F,0,P2,0.002,P2V,1.891,P2F,0,IgR,0
2025-09-03 20:33:36.908,T,266285,SR,144,SF,0,T1R,19.75,T1A,19.00,T1F,0,T2R,20.25,T2A,20.00,T2F,0,P1,4.889,P1V,2.244,P1F,0,P2,0.000,P2V,1.891,P2F,0,IgR,0
2025-09-03 20:33:37.133,T,266510,SR,144,SF,0,T1R,19.75,T1A,19.00,T1F,0,T2R,20.00,T2A,20.00,T2F,0,P1,4.869,P1V,2.241,P1F,0,P2,0.003,P2V,1.892,P2F,0,IgR,0
2025-09-03 20:33:37.359,T,266736,SR,144,SF,0,T1R,19.75,T1A,19.00,T1F,0,T2R,20.00,T2A,20.00,T2F,0,P1,4.899,P1V,2.246,P1F,0,P2,0.003,P2V,1.892,P2F,0,IgR,0
2025-09-03 20:33:37.585,T,266962,SR,144,SF,0,T1R,19.75,T1A,19.00,T1F,0,T2R,20.25,T2A,20.00,T2F,0,P1,4.894,P1V,2.245,P1F,0,P2,0.000,P2V,1.891,P2F,0,IgR,0
2025-09-03 20:33:37.811,T,267188,SR,144,SF,0,T1R,19.75,T1A,19.00,T1F,0,T2R,20.25,T2A,20.00,T2F,0,P1,4.884,P1V,2.244,P1F,0,P2,0.000,P2V,1.891,P2F,0,IgR,0
2025-09-03 20:33:38.037,T,267414,SR,144,SF,0,T1R,19.75,T1A,19.00,T1F,0,T2R,20.25,T2A,20.00,T2F,0,P1,4.879,P1V,2.243,P1F,0,P2,0.000,P2V,1.891,P2F,0,IgR,0
2025-09-03 20:33:38.262,T,267640,SR,144,SF,0,T1R,19.75,T1A,19.00,T1F,0,T2R,20.00,T2A,20.00,T2F,0,P1,4.899,P1V,2.246,P1F,0,P2,0.004,P2V,1.893,P2F,0,IgR,0
2025-09-03 20:33:38.488,T,267866,SR,144,SF,0,T1R,19.75,T1A,19.00,T1F,0,T2R,20.00,T2A,20.00,T2F,0,P1,4.884,P1V,2.244,P1F,0,P2,0.003,P2V,1.892,P2F,0,IgR,0
2025-09-03 20:33:38.715,T,268092,SR,144,SF,0,T1R,19.75,T1A,19.00,T1F,0,T2R,20.00,T2A,20.00,T2F,0,P1,4.869,P1V,2.241,P1F,0,P2,0.000,P2V,1.891,P2F,0,IgR,0
2025-09-03 20:33:38.941,T,268318,SR,144,SF,0,T1R,19.75,T1A,19.00,T1F,0,T2R,20.00,T2A,20.00,T2F,0,P1,4.894,P1V,2.245,P1F,0,P2,0.000,P2V,1.891,P2F,0,IgR,0
2025-09-03 20:33:39.167,T,268544,SR,144,SF,0,T1R,19.75,T1A,19.00,T1F,0,T2R,20.00,T2A,20.00,T2F,0,P1,4.889,P1V,2.244,P1F,0,P2,0.003,P2V,1.892,P2F,0,IgR,0
2025-09-03 20:33:39.393,T,268770,SR,144,SF,0,T1R,19.75,T1A,19.00,T1F,0,T2R,20.00,T2A,20.00,T2F,0,P1,4.869,P1V,2.241,P1F,0,P2,0.000,P2V,1.891,P2F,0,IgR,0
2025-09-03 20:33:39.619,T,268996,SR,144,SF,0,T1R,19.75,T1A,19.00,T1F,0,T2R,20.25,T2A,20.00,T2F,0,P1,4.889,P1V,2.244,P1F,0,P2,0.002,P2V,1.891,P2F,0,IgR,0
2025-09-03 20:33:39.846,T,269222,SR,144,SF,0,T1R,19.75,T1A,19.00,T1F,0,T2R,20.00,T2A,20.00,T2F,0,P1,4.894,P1V,2.245,P1F,0,P2,0.004,P2V,1.893,P2F,0,IgR,0
2025-09-03 20:33:40.071,T,269448,SR,144,SF,0,T1R,19.75,T1A,19.00,T1F,0,T2R,20.25,T2A,20.00,T2F,0,P1,4.879,P1V,2.243,P1F,0,P2,0.002,P2V,1.891,P2F,0,IgR,0
2025-09-03 20:33:40.297,T,269675,SR,144,SF,0,T1R,19.75,T1A,19.00,T1F,0,T2R,20.25,T2A,20.00,T2F,0,P1,4.884,P1V,2.244,P1F,0,P2,0.002,P2V,1.891,P2F,0,IgR,0
2025-09-03 20:33:40.524,T,269900,SR,144,SF,0,T1R,19.75,T1A,19.00,T1F,0,T2R,20.25,T2A,20.00,T2F,0,P1,4.904,P1V,2.247,P1F,0,P2,0.003,P2V,1.892,P2F,0,IgR,0
2025-09-03 20:33:40.750,T,270126,SR,144,SF,0,T1R,19.75,T1A,19.00,T1F,0,T2R,20.25,T2A,20.00,T2F,0,P1,4.904,P1V,2.247,P1F,0,P2,0.002,P2V,1.891,P2F,0,IgR,0
2025-09-03 20:33:40.976,T,270352,SR,144,SF,0,T1R,19.75,T1A,19.00,T1F,0,T2R,20.25,T2A,20.00,T2F,0,P1,4.879,P1V,2.243,P1F,0,P2,0.002,P2V,1.891,P2F,0,IgR,0
2025-09-03 20:33:41.201,T,270578,SR,144,SF,0,T1R,19.75,T1A,19.00,T1F,0,T2R,20.25,T2A,20.00,T2F,0,P1,4.920,P1V,2.249,P1F,0,P2,0.002,P2V,1.891,P2F,0,IgR,0
2025-09-03 20:33:41.427,T,270805,SR,144,SF,0,T1R,19.75,T1A,19.00,T1F,0,T2R,20.25,T2A,20.00,T2F,0,P1,4.904,P1V,2.247,P1F,0,P2,0.003,P2V,1.892,P2F,0,IgR,0
2025-09-03 20:33:41.653,T,271030,SR,144,SF,0,T1R,19.75,T1A,19.00,T1F,0,T2R,20.25,T2A,20.00,T2F,0,P1,4.884,P1V,2.244,P1F,0,P2,0.000,P2V,1.891,P2F,0,IgR,0
2025-09-03 20:33:41.879,T,271256,SR,144,SF,0,T1R,19.75,T1A,19.00,T1F,0,T2R,20.25,T2A,20.00,T2F,0,P1,4.899,P1V,2.246,P1F,0,P2,0.002,P2V,1.891,P2F,0,IgR,0
2025-09-03 20:33:42.105,T,271482,SR,144,SF,0,T1R,19.75,T1A,19.00,T1F,0,T2R,20.25,T2A,20.00,T2F,0,P1,4.904,P1V,2.247,P1F,0,P2,0.004,P2V,1.893,P2F,0,IgR,0
2025-09-03 20:33:42.331,T,271708,SR,144,SF,0,T1R,19.75,T1A,19.00,T1F,0,T2R,20.25,T2A,20.00,T2F,0,P1,4.894,P1V,2.245,P1F,0,P2,0.003,P2V,1.892,P2F,0,IgR,0
2025-09-03 20:33:42.557,T,271935,SR,144,SF,0,T1R,19.75,T1A,19.00,T1F,0,T2R,20.25,T2A,20.00,T2F,0,P1,4.884,P1V,2.244,P1F,0,P2,0.003,P2V,1.892,P2F,0,IgR,0
2025-09-03 20:33:42.783,T,272160,SR,144,SF,0,T1R,19.75,T1A,19.00,T1F,0,T2R,20.25,T2A,20.00,T2F,0,P1,4.915,P1V,2.248,P1F,0,P2,0.004,P2V,1.893,P2F,0,IgR,0
2025-09-03 20:33:43.009,T,272386,SR,144,SF,0,T1R,19.75,T1A,19.00,T1F,0,T2R,20.25,T2A,20.00,T2F,0,P1,4.889,P1V,2.244,P1F,0,P2,0.002,P2V,1.891,P2F,0,IgR,0
2025-09-03 20:33:43.235,T,272612,SR,144,SF,0,T1R,19.75,T1A,19.00,T1F,0,T2R,20.25,T2A,20.00,T2F,0,P1,4.869,P1V,2.241,P1F,0,P2,0.000,P2V,1.891,P2F,0,IgR,0
2025-09-03 20:33:43.461,T,272838,SR,144,SF,0,T1R,19.75,T1A,19.00,T1F,0,T2R,20.25,T2A,20.00,T2F,0,P1,4.894,P1V,2.245,P1F,0,P2,0.003,P2V,1.892,P2F,0,IgR,0
2025-09-03 20:33:43.687,T,273065,SR,144,SF,0,T1R,19.75,T1A,19.00,T1F,0,T2R,20.25,T2A,20.00,T2F,0,P1,4.894,P1V,2.245,P1F,0,P2,0.000,P2V,1.891,P2F,0,IgR,0
2025-09-03 20:33:43.913,T,273290,SR,144,SF,0,T1R,19.75,T1A,19.00,T1F,0,T2R,20.25,T2A,20.00,T2F,0,P1,4.884,P1V,2.244,P1F,0,P2,0.003,P2V,1.892,P2F,0,IgR,0
2025-09-03 20:33:44.139,T,273516,SR,144,SF,0,T1R,19.75,T1A,19.00,T1F,0,T2R,20.25,T2A,20.00,T2F,0,P1,4.879,P1V,2.243,P1F,0,P2,0.002,P2V,1.891,P2F,0,IgR,0
2025-09-03 20:33:44.371,T,273742,SR,144,SF,0,T1R,19.75,T1A,19.00,T1F,0,T2R,20.00,T2A,20.00,T2F,0,P1,4.894,P1V,2.245,P1F,0,P2,0.003,P2V,1.892,P2F,0,IgR,0
2025-09-03 20:33:44.591,T,273968,SR,144,SF,0,T1R,19.75,T1A,19.00,T1F,0,T2R,20.25,T2A,20.00,T2F,0,P1,4.884,P1V,2.244,P1F,0,P2,0.000,P2V,1.891,P2F,0,IgR,0
2025-09-03 20:33:44.816,T,274194,SR,144,SF,0,T1R,19.75,T1A,19.00,T1F,0,T2R,20.00,T2A,20.00,T2F,0,P1,4.874,P1V,2.242,P1F,0,P2,0.002,P2V,1.891,P2F,0,IgR,0
2025-09-03 20:33:45.043,T,274420,SR,144,SF,0,T1R,19.75,T1A,19.00,T1F,0,T2R,20.25,T2A,20.00,T2F,0,P1,4.904,P1V,2.247,P1F,0,P2,0.002,P2V,1.891,P2F,0,IgR,0
2025-09-03 20:33:45.269,T,274646,SR,144,SF,0,T1R,19.75,T1A,19.00,T1F,0,T2R,20.00,T2A,20.00,T2F,0,P1,4.894,P1V,2.245,P1F,0,P2,0.002,P2V,1.891,P2F,0,IgR,0
2025-09-03 20:33:45.497,T,274872,SR,144,SF,0,T1R,19.75,T1A,19.00,T1F,0,T2R,20.25,T2A,20.00,T2F,0,P1,4.864,P1V,2.240,P1F,0,P2,0.003,P2V,1.892,P2F,0,IgR,0
2025-09-03 20:33:45.721,T,275098,SR,144,SF,0,T1R,19.75,T1A,19.00,T1F,0,T2R,20.25,T2A,20.00,T2F,0,P1,4.889,P1V,2.244,P1F,0,P2,0.004,P2V,1.893,P2F,0,IgR,0
2025-09-03 20:33:45.948,T,275325,SR,144,SF,0,T1R,19.75,T1A,19.00,T1F,0,T2R,20.00,T2A,20.00,T2F,0,P1,4.894,P1V,2.245,P1F,0,P2,0.004,P2V,1.893,P2F,0,IgR,0
2025-09-03 20:33:46.173,T,275550,SR,144,SF,0,T1R,19.75,T1A,19.00,T1F,0,T2R,20.00,T2A,20.00,T2F,0,P1,4.879,P1V,2.243,P1F,0,P2,0.003,P2V,1.892,P2F,0,IgR,0
2025-09-03 20:33:46.399,T,275776,SR,144,SF,0,T1R,19.75,T1A,19.00,T1F,0,T2R,20.00,T2A,20.00,T2F,0,P1,4.879,P1V,2.243,P1F,0,P2,0.002,P2V,1.891,P2F,0,IgR,0
2025-09-03 20:33:46.625,T,276002,SR,144,SF,0,T1R,19.75,T1A,19.00,T1F,0,T2R,20.00,T2A,20.00,T2F,0,P1,4.894,P1V,2.245,P1F,0,P2,0.002,P2V,1.891,P2F,0,IgR,0
2025-09-03 20:33:46.852,T,276228,SR,144,SF,0,T1R,19.75,T1A,19.00,T1F,0,T2R,20.25,T2A,20.00,T2F,0,P1,4.889,P1V,2.244,P1F,0,P2,0.002,P2V,1.891,P2F,0,IgR,0
2025-09-03 20:33:47.077,T,276455,SR,144,SF,0,T1R,19.75,T1A,19.00,T1F,0,T2R,20.25,T2A,20.00,T2F,0,P1,4.864,P1V,2.240,P1F,0,P2,0.000,P2V,1.891,P2F,0,IgR,0
2025-09-03 20:33:47.304,T,276680,SR,144,SF,0,T1R,19.75,T1A,19.00,T1F,0,T2R,20.25,T2A,20.00,T2F,0,P1,4.894,P1V,2.245,P1F,0,P2,0.003,P2V,1.892,P2F,0,IgR,0
2025-09-03 20:33:47.529,T,276906,SR,144,SF,0,T1R,19.75,T1A,19.00,T1F,0,T2R,20.00,T2A,20.00,T2F,0,P1,4.884,P1V,2.244,P1F,0,P2,0.002,P2V,1.891,P2F,0,IgR,0
2025-09-03 20:33:47.755,T,277132,SR,144,SF,0,T1R,19.75,T1A,19.00,T1F,0,T2R,20.00,T2A,20.00,T2F,0,P1,4.874,P1V,2.242,P1F,0,P2,0.002,P2V,1.891,P2F,0,IgR,0
2025-09-03 20:33:47.981,T,277358,SR,144,SF,0,T1R,19.75,T1A,19.00,T1F,0,T2R,20.00,T2A,20.00,T2F,0,P1,4.879,P1V,2.243,P1F,0,P2,0.000,P2V,1.891,P2F,0,IgR,0
2025-09-03 20:33:48.207,T,277584,SR,144,SF,0,T1R,19.75,T1A,19.00,T1F,0,T2R,20.00,T2A,20.00,T2F,0,P1,4.899,P1V,2.246,P1F,0,P2,0.003,P2V,1.892,P2F,0,IgR,0
2025-09-03 20:33:48.433,T,277810,SR,144,SF,0,T1R,19.75,T1A,19.00,T1F,0,T2R,20.00,T2A,20.00,T2F,0,P1,4.874,P1V,2.242,P1F,0,P2,0.002,P2V,1.891,P2F,0,IgR,0
2025-09-03 20:33:48.659,T,278036,SR,144,SF,0,T1R,19.75,T1A,19.00,T1F,0,T2R,20.00,T2A,20.00,T2F,0,P1,4.869,P1V,2.241,P1F,0,P2,0.003,P2V,1.892,P2F,0,IgR,0
2025-09-03 20:33:48.884,T,278262,SR,144,SF,0,T1R,19.75,T1A,19.00,T1F,0,T2R,20.00,T2A,20.00,T2F,0,P1,4.899,P1V,2.246,P1F,0,P2,0.002,P2V,1.891,P2F,0,IgR,0
2025-09-03 20:33:49.111,T,278488,SR,144,SF,0,T1R,19.75,T1A,19.00,T1F,0,T2R,20.00,T2A,20.00,T2F,0,P1,4.874,P1V,2.242,P1F,0,P2,0.002,P2V,1.891,P2F,0,IgR,0
2025-09-03 20:33:49.337,T,278715,SR,144,SF,0,T1R,19.75,T1A,19.00,T1F,0,T2R,20.00,T2A,20.00,T2F,0,P1,4.854,P1V,2.239,P1F,0,P2,0.002,P2V,1.891,P2F,0,IgR,0
2025-09-03 20:33:49.563,T,278940,SR,144,SF,0,T1R,19.75,T1A,19.00,T1F,0,T2R,20.00,T2A,20.00,T2F,0,P1,4.894,P1V,2.245,P1F,0,P2,0.003,P2V,1.892,P2F,0,IgR,0
2025-09-03 20:33:49.789,T,279166,SR,144,SF,0,T1R,19.75,T1A,19.00,T1F,0,T2R,20.00,T2A,20.00,T2F,0,P1,4.884,P1V,2.244,P1F,0,P2,0.003,P2V,1.892,P2F,0,IgR,0
2025-09-03 20:33:50.015,T,279392,SR,144,SF,0,T1R,19.75,T1A,19.00,T1F,0,T2R,20.00,T2A,20.00,T2F,0,P1,4.869,P1V,2.241,P1F,0,P2,0.002,P2V,1.891,P2F,0,IgR,0
2025-09-03 20:33:50.241,T,279618,SR,144,SF,0,T1R,19.75,T1A,19.00,T1F,0,T2R,20.00,T2A,20.00,T2F,0,P1,4.879,P1V,2.243,P1F,0,P2,0.003,P2V,1.892,P2F,0,IgR,0
2025-09-03 20:33:50.467,T,279845,SR,144,SF,0,T1R,19.75,T1A,19.00,T1F,0,T2R,20.25,T2A,20.00,T2F,0,P1,4.884,P1V,2.244,P1F,0,P2,0.003,P2V,1.892,P2F,0,IgR,0
2025-09-03 20:33:50.693,T,280070,SR,144,SF,0,T1R,19.75,T1A,19.00,T1F,0,T2R,20.00,T2A,20.00,T2F,0,P1,4.869,P1V,2.241,P1F,0,P2,0.003,P2V,1.892,P2F,0,IgR,0
2025-09-03 20:33:50.919,T,280296,SR,144,SF,0,T1R,19.75,T1A,19.00,T1F,0,T2R,20.00,T2A,20.00,T2F,0,P1,4.864,P1V,2.240,P1F,0,P2,0.002,P2V,1.891,P2F,0,IgR,0
2025-09-03 20:33:51.144,T,280522,SR,144,SF,0,T1R,19.75,T1A,19.00,T1F,0,T2R,20.00,T2A,20.00,T2F,0,P1,4.894,P1V,2.245,P1F,0,P2,0.002,P2V,1.891,P2F,0,IgR,0
2025-09-03 20:33:51.370,T,280748,SR,144,SF,0,T1R,19.75,T1A,19.00,T1F,0,T2R,20.00,T2A,20.00,T2F,0,P1,4.879,P1V,2.243,P1F,0,P2,0.002,P2V,1.891,P2F,0,IgR,0
2025-09-03 20:33:51.597,T,280974,SR,144,SF,0,T1R,19.75,T1A,19.00,T1F,0,T2R,20.00,T2A,20.00,T2F,0,P1,4.854,P1V,2.239,P1F,0,P2,0.000,P2V,1.891,P2F,0,IgR,0
2025-09-03 20:33:51.823,T,281200,SR,144,SF,0,T1R,19.75,T1A,19.00,T1F,0,T2R,20.00,T2A,20.00,T2F,0,P1,4.884,P1V,2.244,P1F,0,P2,0.002,P2V,1.891,P2F,0,IgR,0
2025-09-03 20:33:52.049,T,281426,SR,144,SF,0,T1R,19.75,T1A,19.00,T1F,0,T2R,20.00,T2A,20.00,T2F,0,P1,4.879,P1V,2.243,P1F,0,P2,0.002,P2V,1.891,P2F,0,IgR,0
2025-09-03 20:33:52.275,T,281652,SR,144,SF,0,T1R,19.75,T1A,19.00,T1F,0,T2R,20.00,T2A,20.00,T2F,0,P1,4.869,P1V,2.241,P1F,0,P2,0.003,P2V,1.892,P2F,0,IgR,0
2025-09-03 20:33:52.501,T,281878,SR,144,SF,0,T1R,19.75,T1A,19.00,T1F,0,T2R,20.00,T2A,20.00,T2F,0,P1,4.869,P1V,2.241,P1F,0,P2,0.002,P2V,1.891,P2F,0,IgR,0
2025-09-03 20:33:52.727,T,282105,SR,144,SF,0,T1R,19.75,T1A,19.00,T1F,0,T2R,20.25,T2A,20.00,T2F,0,P1,4.879,P1V,2.243,P1F,0,P2,0.003,P2V,1.892,P2F,0,IgR,0
2025-09-03 20:33:52.952,T,282330,SR,144,SF,0,T1R,19.75,T1A,19.00,T1F,0,T2R,20.00,T2A,20.00,T2F,0,P1,4.869,P1V,2.241,P1F,0,P2,0.002,P2V,1.891,P2F,0,IgR,0
2025-09-03 20:33:53.178,T,282556,SR,144,SF,0,T1R,19.75,T1A,19.00,T1F,0,T2R,20.00,T2A,20.00,T2F,0,P1,4.859,P1V,2.239,P1F,0,P2,0.003,P2V,1.892,P2F,0,IgR,0
2025-09-03 20:33:53.404,T,282782,SR,144,SF,0,T1R,19.75,T1A,19.00,T1F,0,T2R,20.00,T2A,20.00,T2F,0,P1,4.889,P1V,2.244,P1F,0,P2,0.002,P2V,1.891,P2F,0,IgR,0
2025-09-03 20:33:53.630,T,283008,SR,144,SF,0,T1R,19.75,T1A,19.00,T1F,0,T2R,20.00,T2A,20.00,T2F,0,P1,4.869,P1V,2.241,P1F,0,P2,0.003,P2V,1.892,P2F,0,IgR,0
2025-09-03 20:33:53.856,T,283235,SR,144,SF,0,T1R,19.75,T1A,19.00,T1F,0,T2R,20.00,T2A,20.00,T2F,0,P1,4.849,P1V,2.238,P1F,0,P2,0.002,P2V,1.891,P2F,0,IgR,0
2025-09-03 20:33:54.083,T,283460,SR,144,SF,0,T1R,19.75,T1A,19.00,T1F,0,T2R,20.00,T2A,20.00,T2F,0,P1,4.869,P1V,2.241,P1F,0,P2,0.003,P2V,1.892,P2F,0,IgR,0
2025-09-03 20:33:54.309,T,283686,SR,144,SF,0,T1R,19.75,T1A,19.00,T1F,0,T2R,20.00,T2A,20.00,T2F,0,P1,4.869,P1V,2.241,P1F,0,P2,0.002,P2V,1.891,P2F,0,IgR,0
2025-09-03 20:33:54.535,T,283912,SR,144,SF,0,T1R,19.75,T1A,19.00,T1F,0,T2R,20.00,T2A,20.00,T2F,0,P1,4.864,P1V,2.240,P1F,0,P2,0.003,P2V,1.892,P2F,0,IgR,0
2025-09-03 20:33:54.761,T,284138,SR,144,SF,0,T1R,19.75,T1A,19.00,T1F,0,T2R,20.00,T2A,20.00,T2F,0,P1,4.869,P1V,2.241,P1F,0,P2,0.002,P2V,1.891,P2F,0,IgR,0
2025-09-03 20:33:54.987,T,284365,SR,144,SF,0,T1R,19.50,T1A,19.00,T1F,0,T2R,20.00,T2A,20.00,T2F,0,P1,4.884,P1V,2.244,P1F,0,P2,0.003,P2V,1.892,P2F,0,IgR,0
2025-09-03 20:33:55.212,T,284590,SR,144,SF,0,T1R,19.75,T1A,19.00,T1F,0,T2R,20.00,T2A,20.00,T2F,0,P1,4.869,P1V,2.241,P1F,0,P2,0.003,P2V,1.892,P2F,0,IgR,0
2025-09-03 20:33:55.438,T,284816,SR,144,SF,0,T1R,19.75,T1A,19.00,T1F,0,T2R,20.00,T2A,20.00,T2F,0,P1,4.854,P1V,2.239,P1F,0,P2,0.002,P2V,1.891,P2F,0,IgR,0
2025-09-03 20:33:55.664,T,285042,SR,144,SF,0,T1R,19.75,T1A,19.00,T1F,0,T2R,20.00,T2A,20.00,T2F,0,P1,4.874,P1V,2.242,P1F,0,P2,0.002,P2V,1.891,P2F,0,IgR,0
2025-09-03 20:33:55.890,T,285268,SR,144,SF,0,T1R,19.75,T1A,19.00,T1F,0,T2R,20.00,T2A,20.00,T2F,0,P1,4.869,P1V,2.241,P1F,0,P2,0.002,P2V,1.891,P2F,0,IgR,0
2025-09-03 20:33:56.117,T,285495,SR,144,SF,0,T1R,19.75,T1A,19.00,T1F,0,T2R,20.00,T2A,20.00,T2F,0,P1,4.854,P1V,2.239,P1F,0,P2,0.000,P2V,1.891,P2F,0,IgR,0
2025-09-03 20:33:56.343,T,285720,SR,144,SF,0,T1R,19.75,T1A,19.00,T1F,0,T2R,20.00,T2A,20.00,T2F,0,P1,4.864,P1V,2.240,P1F,0,P2,0.002,P2V,1.891,P2F,0,IgR,0
2025-09-03 20:33:56.569,T,285946,SR,144,SF,0,T1R,19.75,T1A,19.00,T1F,0,T2R,20.00,T2A,20.00,T2F,0,P1,4.874,P1V,2.242,P1F,0,P2,0.000,P2V,1.891,P2F,0,IgR,0
2025-09-03 20:33:56.795,T,286172,SR,144,SF,0,T1R,19.75,T1A,19.00,T1F,0,T2R,20.00,T2A,20.00,T2F,0,P1,4.864,P1V,2.240,P1F,0,P2,0.002,P2V,1.891,P2F,0,IgR,0
2025-09-03 20:33:57.020,T,286398,SR,144,SF,0,T1R,19.75,T1A,19.00,T1F,0,T2R,20.00,T2A,20.00,T2F,0,P1,4.864,P1V,2.240,P1F,0,P2,0.003,P2V,1.892,P2F,0,IgR,0
2025-09-03 20:33:57.247,T,286624,SR,144,SF,0,T1R,19.75,T1A,19.00,T1F,0,T2R,20.00,T2A,20.00,T2F,0,P1,4.869,P1V,2.241,P1F,0,P2,0.003,P2V,1.892,P2F,0,IgR,0
2025-09-03 20:33:57.473,T,286850,SR,144,SF,0,T1R,19.75,T1A,19.00,T1F,0,T2R,20.00,T2A,20.00,T2F,0,P1,4.859,P1V,2.239,P1F,0,P2,0.003,P2V,1.892,P2F,0,IgR,0
2025-09-03 20:33:57.699,T,287076,SR,144,SF,0,T1R,19.75,T1A,19.00,T1F,0,T2R,20.00,T2A,20.00,T2F,0,P1,4.854,P1V,2.239,P1F,0,P2,0.002,P2V,1.891,P2F,0,IgR,0
2025-09-03 20:33:57.925,T,287302,SR,144,SF,0,T1R,19.75,T1A,19.00,T1F,0,T2R,20.00,T2A,20.00,T2F,0,P1,4.874,P1V,2.242,P1F,0,P2,0.002,P2V,1.891,P2F,0,IgR,0
2025-09-03 20:33:58.151,T,287528,SR,144,SF,0,T1R,19.75,T1A,19.00,T1F,0,T2R,20.00,T2A,20.00,T2F,0,P1,4.864,P1V,2.240,P1F,0,P2,0.003,P2V,1.892,P2F,0,IgR,0
2025-09-03 20:33:58.377,T,287754,SR,144,SF,0,T1R,19.75,T1A,19.00,T1F,0,T2R,20.00,T2A,20.00,T2F,0,P1,4.844,P1V,2.237,P1F,0,P2,0.003,P2V,1.892,P2F,0,IgR,0
2025-09-03 20:33:58.603,T,287980,SR,144,SF,0,T1R,19.50,T1A,19.00,T1F,0,T2R,20.00,T2A,20.00,T2F,0,P1,4.869,P1V,2.241,P1F,0,P2,0.002,P2V,1.891,P2F,0,IgR,0
2025-09-03 20:33:58.829,T,288206,SR,144,SF,0,T1R,19.75,T1A,19.00,T1F,0,T2R,20.00,T2A,20.00,T2F,0,P1,4.864,P1V,2.240,P1F,0,P2,0.002,P2V,1.891,P2F,0,IgR,0
2025-09-03 20:33:59.055,T,288432,SR,144,SF,0,T1R,19.75,T1A,19.00,T1F,0,T2R,20.00,T2A,20.00,T2F,0,P1,4.849,P1V,2.238,P1F,0,P2,0.002,P2V,1.891,P2F,0,IgR,0
2025-09-03 20:33:59.281,T,288658,SR,144,SF,0,T1R,19.75,T1A,19.00,T1F,0,T2R,19.75,T2A,20.00,T2F,0,P1,4.859,P1V,2.239,P1F,0,P2,0.002,P2V,1.891,P2F,0,IgR,0
2025-09-03 20:33:59.507,T,288884,SR,144,SF,0,T1R,19.75,T1A,19.00,T1F,0,T2R,19.75,T2A,19.00,T2F,0,P1,4.869,P1V,2.241,P1F,0,P2,0.002,P2V,1.891,P2F,0,IgR,0
2025-09-03 20:33:59.733,T,289111,SR,144,SF,0,T1R,19.50,T1A,19.00,T1F,0,T2R,20.00,T2A,19.00,T2F,0,P1,4.849,P1V,2.238,P1F,0,P2,0.003,P2V,1.892,P2F,0,IgR,0
2025-09-03 20:33:59.959,T,289337,SR,144,SF,0,T1R,19.50,T1A,19.00,T1F,0,T2R,20.00,T2A,19.00,T2F,0,P1,4.854,P1V,2.239,P1F,0,P2,0.002,P2V,1.891,P2F,0,IgR,0
2025-09-03 20:34:00.185,T,289563,SR,144,SF,0,T1R,19.50,T1A,19.00,T1F,0,T2R,20.00,T2A,19.00,T2F,0,P1,4.864,P1V,2.240,P1F,0,P2,0.002,P2V,1.891,P2F,0,IgR,0
2025-09-03 20:34:00.411,T,289789,SR,144,SF,0,T1R,19.50,T1A,19.00,T1F,0,T2R,20.00,T2A,19.00,T2F,0,P1,4.854,P1V,2.239,P1F,0,P2,0.003,P2V,1.892,P2F,0,IgR,0
2025-09-03 20:34:00.638,T,290016,SR,144,SF,0,T1R,19.75,T1A,19.00,T1F,0,T2R,19.75,T2A,19.00,T2F,0,P1,4.833,P1V,2.235,P1F,0,P2,-0.002,P2V,1.889,P2F,0,IgR,0
2025-09-03 20:34:00.865,T,290242,SR,144,SF,0,T1R,19.50,T1A,19.00,T1F,0,T2R,20.00,T2A,19.00,T2F,0,P1,4.864,P1V,2.240,P1F,0,P2,0.004,P2V,1.893,P2F,0,IgR,0
2025-09-03 20:34:01.091,T,290468,SR,144,SF,0,T1R,19.50,T1A,19.00,T1F,0,T2R,20.00,T2A,19.00,T2F,0,P1,4.859,P1V,2.239,P1F,0,P2,0.004,P2V,1.893,P2F,0,IgR,0
2025-09-03 20:34:01.317,T,290694,SR,144,SF,0,T1R,19.50,T1A,19.00,T1F,0,T2R,19.75,T2A,19.00,T2F,0,P1,4.849,P1V,2.238,P1F,0,P2,0.002,P2V,1.891,P2F,0,IgR,0
2025-09-03 20:34:01.542,T,290920,SR,144,SF,0,T1R,19.50,T1A,19.00,T1F,0,T2R,20.00,T2A,19.00,T2F,0,P1,4.874,P1V,2.242,P1F,0,P2,0.003,P2V,1.892,P2F,0,IgR,0
2025-09-03 20:34:01.769,T,291147,SR,144,SF,0,T1R,19.50,T1A,19.00,T1F,0,T2R,19.75,T2A,19.00,T2F,0,P1,4.864,P1V,2.240,P1F,0,P2,0.003,P2V,1.892,P2F,0,IgR,0
2025-09-03 20:34:01.995,T,291372,SR,144,SF,0,T1R,19.50,T1A,19.00,T1F,0,T2R,19.75,T2A,19.00,T2F,0,P1,4.849,P1V,2.238,P1F,0,P2,0.002,P2V,1.891,P2F,0,IgR,0
2025-09-03 20:34:02.220,T,291598,SR,144,SF,0,T1R,19.50,T1A,19.00,T1F,0,T2R,20.00,T2A,19.00,T2F,0,P1,4.869,P1V,2.241,P1F,0,P2,0.002,P2V,1.891,P2F,0,IgR,0
2025-09-03 20:34:02.446,T,291824,SR,144,SF,0,T1R,19.50,T1A,19.00,T1F,0,T2R,19.75,T2A,19.00,T2F,0,P1,4.859,P1V,2.239,P1F,0,P2,0.004,P2V,1.893,P2F,0,IgR,0
2025-09-03 20:34:02.672,T,292050,SR,144,SF,0,T1R,19.50,T1A,19.00,T1F,0,T2R,20.00,T2A,19.00,T2F,0,P1,4.849,P1V,2.238,P1F,0,P2,0.003,P2V,1.892,P2F,0,IgR,0
2025-09-03 20:34:02.899,T,292277,SR,144,SF,0,T1R,19.50,T1A,19.00,T1F,0,T2R,19.75,T2A,19.00,T2F,0,P1,4.854,P1V,2.239,P1F,0,P2,0.003,P2V,1.892,P2F,0,IgR,0
2025-09-03 20:34:03.126,T,292503,SR,144,SF,0,T1R,19.50,T1A,19.00,T1F,0,T2R,19.75,T2A,19.00,T2F,0,P1,4.859,P1V,2.239,P1F,0,P2,0.002,P2V,1.891,P2F,0,IgR,0
2025-09-03 20:34:03.352,T,292729,SR,144,SF,0,T1R,19.50,T1A,19.00,T1F,0,T2R,19.75,T2A,19.00,T2F,0,P1,4.854,P1V,2.239,P1F,0,P2,0.002,P2V,1.891,P2F,0,IgR,0
2025-09-03 20:34:03.578,T,292955,SR,144,SF,0,T1R,19.50,T1A,19.00,T1F,0,T2R,19.75,T2A,19.00,T2F,0,P1,4.844,P1V,2.237,P1F,0,P2,0.003,P2V,1.892,P2F,0,IgR,0
2025-09-03 20:34:03.804,T,293181,SR,144,SF,0,T1R,19.50,T1A,19.00,T1F,0,T2R,19.75,T2A,19.00,T2F,0,P1,4.859,P1V,2.239,P1F,0,P2,0.002,P2V,1.891,P2F,0,IgR,0
2025-09-03 20:34:04.030,T,293407,SR,144,SF,0,T1R,19.50,T1A,19.00,T1F,0,T2R,19.75,T2A,19.00,T2F,0,P1,4.849,P1V,2.238,P1F,0,P2,0.002,P2V,1.891,P2F,0,IgR,0
2025-09-03 20:34:04.255,T,293633,SR,144,SF,0,T1R,19.50,T1A,19.00,T1F,0,T2R,19.75,T2A,19.00,T2F,0,P1,4.828,P1V,2.235,P1F,0,P2,0.002,P2V,1.891,P2F,0,IgR,0
2025-09-03 20:34:04.482,T,293859,SR,144,SF,0,T1R,19.50,T1A,19.00,T1F,0,T2R,19.75,T2A,19.00,T2F,0,P1,4.864,P1V,2.240,P1F,0,P2,0.003,P2V,1.892,P2F,0,IgR,0
2025-09-03 20:34:04.707,T,294085,SR,144,SF,0,T1R,19.50,T1A,19.00,T1F,0,T2R,19.75,T2A,19.00,T2F,0,P1,4.849,P1V,2.238,P1F,0,P2,0.000,P2V,1.891,P2F,0,IgR,0
2025-09-03 20:34:04.933,T,294311,SR,144,SF,0,T1R,19.50,T1A,19.00,T1F,0,T2R,19.75,T2A,19.00,T2F,0,P1,4.828,P1V,2.235,P1F,0,P2,0.002,P2V,1.891,P2F,0,IgR,0
2025-09-03 20:34:05.160,T,294537,SR,144,SF,0,T1R,19.50,T1A,19.00,T1F,0,T2R,19.75,T2A,19.00,T2F,0,P1,4.859,P1V,2.239,P1F,0,P2,0.002,P2V,1.891,P2F,0,IgR,0
2025-09-03 20:34:05.386,T,294763,SR,144,SF,0,T1R,19.50,T1A,19.00,T1F,0,T2R,19.75,T2A,19.00,T2F,0,P1,4.854,P1V,2.239,P1F,0,P2,0.003,P2V,1.892,P2F,0,IgR,0
2025-09-03 20:34:05.612,T,294989,SR,144,SF,0,T1R,19.50,T1A,19.00,T1F,0,T2R,19.75,T2A,19.00,T2F,0,P1,4.844,P1V,2.237,P1F,0,P2,0.002,P2V,1.891,P2F,0,IgR,0
2025-09-03 20:34:05.838,T,295215,SR,144,SF,0,T1R,19.25,T1A,19.00,T1F,0,T2R,19.75,T2A,19.00,T2F,0,P1,4.844,P1V,2.237,P1F,0,P2,0.003,P2V,1.892,P2F,0,IgR,0
2025-09-03 20:34:06.065,T,295441,SR,144,SF,0,T1R,19.25,T1A,19.00,T1F,0,T2R,19.75,T2A,19.00,T2F,0,P1,4.854,P1V,2.239,P1F,0,P2,0.002,P2V,1.891,P2F,0,IgR,0
2025-09-03 20:34:06.292,T,295669,SR,144,SF,0,T1R,19.50,T1A,19.00,T1F,0,T2R,19.75,T2A,19.00,T2F,0,P1,4.839,P1V,2.236,P1F,0,P2,0.002,P2V,1.891,P2F,0,IgR,0
2025-09-03 20:34:06.518,T,295895,SR,144,SF,0,T1R,19.25,T1A,19.00,T1F,0,T2R,19.75,T2A,19.00,T2F,0,P1,4.844,P1V,2.237,P1F,0,P2,0.004,P2V,1.893,P2F,0,IgR,0
2025-09-03 20:34:06.744,T,296121,SR,144,SF,0,T1R,19.50,T1A,19.00,T1F,0,T2R,19.75,T2A,19.00,T2F,0,P1,4.859,P1V,2.239,P1F,0,P2,0.002,P2V,1.891,P2F,0,IgR,0
2025-09-03 20:34:06.970,T,296347,SR,144,SF,0,T1R,19.50,T1A,19.00,T1F,0,T2R,19.75,T2A,19.00,T2F,0,P1,4.844,P1V,2.237,P1F,0,P2,0.003,P2V,1.892,P2F,0,IgR,0
2025-09-03 20:34:07.196,T,296573,SR,144,SF,0,T1R,19.25,T1A,19.00,T1F,0,T2R,19.75,T2A,19.00,T2F,0,P1,4.833,P1V,2.235,P1F,0,P2,0.003,P2V,1.892,P2F,0,IgR,0
2025-09-03 20:34:07.422,T,296799,SR,144,SF,0,T1R,19.50,T1A,19.00,T1F,0,T2R,19.75,T2A,19.00,T2F,0,P1,4.864,P1V,2.240,P1F,0,P2,0.003,P2V,1.892,P2F,0,IgR,0
2025-09-03 20:34:07.650,T,297025,SR,144,SF,0,T1R,19.50,T1A,19.00,T1F,0,T2R,19.75,T2A,19.00,T2F,0,P1,4.849,P1V,2.238,P1F,0,P2,0.002,P2V,1.891,P2F,0,IgR,0
2025-09-03 20:34:07.874,T,297251,SR,144,SF,0,T1R,19.25,T1A,19.00,T1F,0,T2R,19.75,T2A,19.00,T2F,0,P1,4.828,P1V,2.235,P1F,0,P2,0.003,P2V,1.892,P2F,0,IgR,0
2025-09-03 20:34:08.100,T,297477,SR,144,SF,0,T1R,19.25,T1A,19.00,T1F,0,T2R,19.50,T2A,19.00,T2F,0,P1,4.859,P1V,2.239,P1F,0,P2,0.003,P2V,1.892,P2F,0,IgR,0
2025-09-03 20:34:08.326,T,297703,SR,144,SF,0,T1R,19.50,T1A,19.00,T1F,0,T2R,19.75,T2A,19.00,T2F,0,P1,4.839,P1V,2.236,P1F,0,P2,0.002,P2V,1.891,P2F,0,IgR,0
2025-09-03 20:34:08.552,T,297929,SR,144,SF,0,T1R,19.25,T1A,19.00,T1F,0,T2R,19.75,T2A,19.00,T2F,0,P1,4.828,P1V,2.235,P1F,0,P2,0.002,P2V,1.891,P2F,0,IgR,0
2025-09-03 20:34:08.778,T,298156,SR,144,SF,0,T1R,19.50,T1A,19.00,T1F,0,T2R,19.75,T2A,19.00,T2F,0,P1,4.844,P1V,2.237,P1F,0,P2,0.000,P2V,1.891,P2F,0,IgR,0
2025-09-03 20:34:09.004,T,298382,SR,144,SF,0,T1R,19.50,T1A,19.00,T1F,0,T2R,19.50,T2A,19.00,T2F,0,P1,4.849,P1V,2.238,P1F,0,P2,0.003,P2V,1.892,P2F,0,IgR,0
2025-09-03 20:34:09.230,T,298608,SR,144,SF,0,T1R,19.25,T1A,19.00,T1F,0,T2R,19.50,T2A,19.00,T2F,0,P1,4.833,P1V,2.235,P1F,0,P2,0.002,P2V,1.891,P2F,0,IgR,0
2025-09-03 20:34:09.456,T,298834,SR,144,SF,0,T1R,19.25,T1A,19.00,T1F,0,T2R,19.50,T2A,19.00,T2F,0,P1,4.839,P1V,2.236,P1F,0,P2,0.002,P2V,1.891,P2F,0,IgR,0
2025-09-03 20:34:09.683,T,299060,SR,144,SF,0,T1R,19.25,T1A,19.00,T1F,0,T2R,19.75,T2A,19.00,T2F,0,P1,4.849,P1V,2.238,P1F,0,P2,0.003,P2V,1.892,P2F,0,IgR,0
2025-09-03 20:34:09.910,T,299287,SR,144,SF,0,T1R,19.25,T1A,19.00,T1F,0,T2R,19.50,T2A,19.00,T2F,0,P1,4.839,P1V,2.236,P1F,0,P2,0.000,P2V,1.891,P2F,0,IgR,0
2025-09-03 20:34:10.136,T,299513,SR,144,SF,0,T1R,19.25,T1A,19.00,T1F,0,T2R,19.50,T2A,19.00,T2F,0,P1,4.833,P1V,2.235,P1F,0,P2,0.002,P2V,1.891,P2F,0,IgR,0
2025-09-03 20:34:10.362,T,299739,SR,144,SF,0,T1R,19.25,T1A,19.00,T1F,0,T2R,19.50,T2A,19.00,T2F,0,P1,4.854,P1V,2.239,P1F,0,P2,0.002,P2V,1.891,P2F,0,IgR,0
2025-09-03 20:34:10.589,T,299965,SR,144,SF,0,T1R,19.25,T1A,19.00,T1F,0,T2R,19.75,T2A,19.00,T2F,0,P1,4.833,P1V,2.235,P1F,0,P2,0.003,P2V,1.892,P2F,0,IgR,0
2025-09-03 20:34:10.815,T,300191,SR,144,SF,0,T1R,19.25,T1A,19.00,T1F,0,T2R,19.75,T2A,19.00,T2F,0,P1,4.828,P1V,2.235,P1F,0,P2,0.003,P2V,1.892,P2F,0,IgR,0
2025-09-03 20:34:11.040,T,300418,SR,144,SF,0,T1R,19.25,T1A,19.00,T1F,0,T2R,19.50,T2A,19.00,T2F,0,P1,4.854,P1V,2.239,P1F,0,P2,0.004,P2V,1.893,P2F,0,IgR,0
2025-09-03 20:34:11.266,T,300644,SR,144,SF,0,T1R,19.25,T1A,19.00,T1F,0,T2R,19.50,T2A,19.00,T2F,0,P1,4.818,P1V,2.233,P1F,0,P2,0.000,P2V,1.891,P2F,0,IgR,0
2025-09-03 20:34:11.493,T,300870,SR,144,SF,0,T1R,19.25,T1A,19.00,T1F,0,T2R,19.50,T2A,19.00,T2F,0,P1,4.823,P1V,2.234,P1F,0,P2,0.002,P2V,1.891,P2F,0,IgR,0
2025-09-03 20:34:11.719,T,301096,SR,144,SF,0,T1R,19.25,T1A,19.00,T1F,0,T2R,19.50,T2A,19.00,T2F,0,P1,4.849,P1V,2.238,P1F,0,P2,0.002,P2V,1.891,P2F,0,IgR,0
2025-09-03 20:34:11.945,T,301322,SR,144,SF,0,T1R,19.25,T1A,19.00,T1F,0,T2R,19.50,T2A,19.00,T2F,0,P1,4.844,P1V,2.237,P1F,0,P2,0.002,P2V,1.891,P2F,0,IgR,0
2025-09-03 20:34:12.171,T,301548,SR,144,SF,0,T1R,19.25,T1A,19.00,T1F,0,T2R,19.75,T2A,19.00,T2F,0,P1,4.823,P1V,2.234,P1F,0,P2,0.000,P2V,1.891,P2F,0,IgR,0
2025-09-03 20:34:12.397,T,301774,SR,144,SF,0,T1R,19.25,T1A,19.00,T1F,0,T2R,19.50,T2A,19.00,T2F,0,P1,4.839,P1V,2.236,P1F,0,P2,0.002,P2V,1.891,P2F,0,IgR,0
2025-09-03 20:34:12.622,T,302000,SR,144,SF,0,T1R,19.00,T1A,19.00,T1F,0,T2R,19.75,T2A,19.00,T2F,0,P1,4.844,P1V,2.237,P1F,0,P2,0.002,P2V,1.891,P2F,0,IgR,0
2025-09-03 20:34:12.848,T,302226,SR,144,SF,0,T1R,19.00,T1A,19.00,T1F,0,T2R,19.50,T2A,19.00,T2F,0,P1,4.828,P1V,2.235,P1F,0,P2,0.004,P2V,1.893,P2F,0,IgR,0
2025-09-03 20:34:13.074,T,302452,SR,144,SF,0,T1R,19.25,T1A,19.00,T1F,0,T2R,19.50,T2A,19.00,T2F,0,P1,4.828,P1V,2.235,P1F,0,P2,0.002,P2V,1.891,P2F,0,IgR,0
2025-09-03 20:34:13.300,T,302678,SR,144,SF,0,T1R,19.25,T1A,19.00,T1F,0,T2R,19.50,T2A,19.00,T2F,0,P1,4.839,P1V,2.236,P1F,0,P2,0.002,P2V,1.891,P2F,0,IgR,0
2025-09-03 20:34:13.527,T,302904,SR,144,SF,0,T1R,19.25,T1A,19.00,T1F,0,T2R,19.50,T2A,19.00,T2F,0,P1,4.844,P1V,2.237,P1F,0,P2,0.003,P2V,1.892,P2F,0,IgR,0
2025-09-03 20:34:13.753,T,303130,SR,144,SF,0,T1R,19.25,T1A,19.00,T1F,0,T2R,19.50,T2A,19.00,T2F,0,P1,4.813,P1V,2.232,P1F,0,P2,0.003,P2V,1.892,P2F,0,IgR,0
2025-09-03 20:34:13.979,T,303356,SR,144,SF,0,T1R,19.25,T1A,19.00,T1F,0,T2R,19.50,T2A,19.00,T2F,0,P1,4.844,P1V,2.237,P1F,0,P2,0.002,P2V,1.891,P2F,0,IgR,0
2025-09-03 20:34:14.205,T,303582,SR,144,SF,0,T1R,19.25,T1A,19.00,T1F,0,T2R,19.50,T2A,19.00,T2F,0,P1,4.833,P1V,2.235,P1F,0,P2,0.002,P2V,1.891,P2F,0,IgR,0
2025-09-03 20:34:14.430,T,303808,SR,144,SF,0,T1R,19.00,T1A,19.00,T1F,0,T2R,19.50,T2A,19.00,T2F,0,P1,4.813,P1V,2.232,P1F,0,P2,0.003,P2V,1.892,P2F,0,IgR,0
2025-09-03 20:34:14.656,T,304034,SR,144,SF,0,T1R,19.00,T1A,19.00,T1F,0,T2R,19.50,T2A,19.00,T2F,0,P1,4.839,P1V,2.236,P1F,0,P2,0.003,P2V,1.892,P2F,0,IgR,0
2025-09-03 20:34:14.882,T,304260,SR,144,SF,0,T1R,19.25,T1A,19.00,T1F,0,T2R,19.50,T2A,19.00,T2F,0,P1,4.833,P1V,2.235,P1F,0,P2,0.002,P2V,1.891,P2F,0,IgR,0
2025-09-03 20:34:15.108,T,304486,SR,144,SF,0,T1R,19.25,T1A,19.00,T1F,0,T2R,19.50,T2A,19.00,T2F,0,P1,4.823,P1V,2.234,P1F,0,P2,0.002,P2V,1.891,P2F,0,IgR,0
2025-09-03 20:34:15.334,T,304712,SR,144,SF,0,T1R,19.25,T1A,19.00,T1F,0,T2R,19.50,T2A,19.00,T2F,0,P1,4.823,P1V,2.234,P1F,0,P2,0.002,P2V,1.891,P2F,0,IgR,0
2025-09-03 20:34:15.561,T,304938,SR,144,SF,0,T1R,19.25,T1A,19.00,T1F,0,T2R,19.50,T2A,19.00,T2F,0,P1,4.844,P1V,2.237,P1F,0,P2,0.004,P2V,1.893,P2F,0,IgR,0
2025-09-03 20:34:15.787,T,305164,SR,144,SF,0,T1R,19.00,T1A,19.00,T1F,0,T2R,19.50,T2A,19.00,T2F,0,P1,4.823,P1V,2.234,P1F,0,P2,0.003,P2V,1.892,P2F,0,IgR,0
2025-09-03 20:34:16.013,T,305390,SR,144,SF,0,T1R,19.00,T1A,19.00,T1F,0,T2R,19.50,T2A,19.00,T2F,0,P1,4.813,P1V,2.232,P1F,0,P2,0.002,P2V,1.891,P2F,0,IgR,0
2025-09-03 20:34:16.239,T,305616,SR,144,SF,0,T1R,19.00,T1A,19.00,T1F,0,T2R,19.50,T2A,19.00,T2F,0,P1,4.844,P1V,2.237,P1F,0,P2,0.003,P2V,1.892,P2F,0,IgR,0
2025-09-03 20:34:16.464,T,305842,SR,144,SF,0,T1R,19.00,T1A,19.00,T1F,0,T2R,19.50,T2A,19.00,T2F,0,P1,4.828,P1V,2.235,P1F,0,P2,0.002,P2V,1.891,P2F,0,IgR,0
2025-09-03 20:34:16.690,T,306068,SR,144,SF,0,T1R,19.25,T1A,19.00,T1F,0,T2R,19.50,T2A,19.00,T2F,0,P1,4.798,P1V,2.230,P1F,0,P2,0.000,P2V,1.891,P2F,0,IgR,0
2025-09-03 20:34:16.916,T,306294,SR,144,SF,0,T1R,19.00,T1A,19.00,T1F,0,T2R,19.50,T2A,19.00,T2F,0,P1,4.828,P1V,2.235,P1F,0,P2,0.003,P2V,1.892,P2F,0,IgR,0
2025-09-03 20:34:17.142,T,306520,SR,144,SF,0,T1R,19.00,T1A,19.00,T1F,0,T2R,19.50,T2A,19.00,T2F,0,P1,4.823,P1V,2.234,P1F,0,P2,0.002,P2V,1.891,P2F,0,IgR,0
2025-09-03 20:34:17.368,T,306746,SR,144,SF,0,T1R,19.00,T1A,19.00,T1F,0,T2R,19.25,T2A,19.00,T2F,0,P1,4.818,P1V,2.233,P1F,0,P2,0.000,P2V,1.891,P2F,0,IgR,0
2025-09-03 20:34:17.594,T,306972,SR,144,SF,0,T1R,19.00,T1A,19.00,T1F,0,T2R,19.25,T2A,19.00,T2F,0,P1,4.823,P1V,2.234,P1F,0,P2,0.002,P2V,1.891,P2F,0,IgR,0
2025-09-03 20:34:17.820,T,307198,SR,144,SF,0,T1R,19.00,T1A,19.00,T1F,0,T2R,19.25,T2A,19.00,T2F,0,P1,4.823,P1V,2.234,P1F,0,P2,0.003,P2V,1.892,P2F,0,IgR,0
2025-09-03 20:34:18.047,T,307424,SR,144,SF,0,T1R,19.00,T1A,19.00,T1F,0,T2R,19.25,T2A,19.00,T2F,0,P1,4.818,P1V,2.233,P1F,0,P2,0.002,P2V,1.891,P2F,0,IgR,0
2025-09-03 20:34:18.273,T,307650,SR,144,SF,0,T1R,19.00,T1A,19.00,T1F,0,T2R,19.50,T2A,19.00,T2F,0,P1,4.818,P1V,2.233,P1F,0,P2,0.003,P2V,1.892,P2F,0,IgR,0
2025-09-03 20:34:18.499,T,307876,SR,144,SF,0,T1R,19.00,T1A,19.00,T1F,0,T2R,19.25,T2A,19.00,T2F,0,P1,4.839,P1V,2.236,P1F,0,P2,0.003,P2V,1.892,P2F,0,IgR,0
2025-09-03 20:34:18.729,T,308102,SR,144,SF,0,T1R,19.00,T1A,19.00,T1F,0,T2R,19.50,T2A,19.00,T2F,0,P1,4.818,P1V,2.233,P1F,0,P2,0.003,P2V,1.892,P2F,0,IgR,0
2025-09-03 20:34:18.954,T,308328,SR,144,SF,0,T1R,19.00,T1A,19.00,T1F,0,T2R,19.50,T2A,19.00,T2F,0,P1,4.803,P1V,2.231,P1F,0,P2,0.000,P2V,1.891,P2F,0,IgR,0
2025-09-03 20:34:19.176,T,308554,SR,144,SF,0,T1R,19.00,T1A,19.00,T1F,0,T2R,19.25,T2A,19.00,T2F,0,P1,4.833,P1V,2.235,P1F,0,P2,0.002,P2V,1.891,P2F,0,IgR,0
2025-09-03 20:34:19.402,T,308780,SR,144,SF,0,T1R,19.00,T1A,19.00,T1F,0,T2R,19.25,T2A,19.00,T2F,0,P1,4.823,P1V,2.234,P1F,0,P2,0.003,P2V,1.892,P2F,0,IgR,0
2025-09-03 20:34:19.628,T,309006,SR,144,SF,0,T1R,19.00,T1A,19.00,T1F,0,T2R,19.25,T2A,19.00,T2F,0,P1,4.803,P1V,2.231,P1F,0,P2,0.002,P2V,1.891,P2F,0,IgR,0
2025-09-03 20:34:19.855,T,309233,SR,144,SF,0,T1R,19.00,T1A,19.00,T1F,0,T2R,19.25,T2A,19.00,T2F,0,P1,4.823,P1V,2.234,P1F,0,P2,0.003,P2V,1.892,P2F,0,IgR,0
2025-09-03 20:34:20.080,T,309458,SR,144,SF,0,T1R,19.00,T1A,19.00,T1F,0,T2R,19.50,T2A,19.00,T2F,0,P1,4.823,P1V,2.234,P1F,0,P2,0.003,P2V,1.892,P2F,0,IgR,0
2025-09-03 20:34:20.307,T,309684,SR,144,SF,0,T1R,19.00,T1A,19.00,T1F,0,T2R,19.50,T2A,19.00,T2F,0,P1,4.818,P1V,2.233,P1F,0,P2,0.003,P2V,1.892,P2F,0,IgR,0
2025-09-03 20:34:20.532,T,309910,SR,144,SF,0,T1R,19.00,T1A,19.00,T1F,0,T2R,19.50,T2A,19.00,T2F,0,P1,4.813,P1V,2.232,P1F,0,P2,0.002,P2V,1.891,P2F,0,IgR,0
2025-09-03 20:34:20.759,T,310136,SR,144,SF,0,T1R,19.00,T1A,19.00,T1F,0,T2R,19.25,T2A,19.00,T2F,0,P1,4.828,P1V,2.235,P1F,0,P2,0.002,P2V,1.891,P2F,0,IgR,0
2025-09-03 20:34:20.984,T,310362,SR,144,SF,0,T1R,19.00,T1A,19.00,T1F,0,T2R,19.25,T2A,19.00,T2F,0,P1,4.813,P1V,2.232,P1F,0,P2,0.003,P2V,1.892,P2F,0,IgR,0
2025-09-03 20:34:21.210,T,310588,SR,144,SF,0,T1R,19.00,T1A,19.00,T1F,0,T2R,19.25,T2A,19.00,T2F,0,P1,4.803,P1V,2.231,P1F,0,P2,0.003,P2V,1.892,P2F,0,IgR,0
2025-09-03 20:34:21.436,T,310814,SR,144,SF,0,T1R,19.00,T1A,19.00,T1F,0,T2R,19.25,T2A,19.00,T2F,0,P1,4.833,P1V,2.235,P1F,0,P2,0.003,P2V,1.892,P2F,0,IgR,0
2025-09-03 20:34:21.662,T,311040,SR,144,SF,0,T1R,19.00,T1A,19.00,T1F,0,T2R,19.25,T2A,19.00,T2F,0,P1,4.818,P1V,2.233,P1F,0,P2,0.000,P2V,1.891,P2F,0,IgR,0
2025-09-03 20:34:21.888,T,311266,SR,144,SF,0,T1R,19.00,T1A,19.00,T1F,0,T2R,19.25,T2A,19.00,T2F,0,P1,4.793,P1V,2.229,P1F,0,P2,0.000,P2V,1.891,P2F,0,IgR,0
2025-09-03 20:34:22.114,T,311492,SR,144,SF,0,T1R,19.00,T1A,18.20,T1F,0,T2R,19.25,T2A,19.00,T2F,0,P1,4.833,P1V,2.235,P1F,0,P2,0.003,P2V,1.892,P2F,0,IgR,0
2025-09-03 20:34:22.341,T,311718,SR,144,SF,0,T1R,19.00,T1A,18.20,T1F,0,T2R,19.25,T2A,19.00,T2F,0,P1,4.813,P1V,2.232,P1F,0,P2,0.004,P2V,1.893,P2F,0,IgR,0
2025-09-03 20:34:22.567,T,311944,SR,144,SF,0,T1R,19.00,T1A,18.20,T1F,0,T2R,19.25,T2A,19.00,T2F,0,P1,4.808,P1V,2.231,P1F,0,P2,0.004,P2V,1.893,P2F,0,IgR,0
2025-09-03 20:34:22.793,T,312170,SR,144,SF,0,T1R,19.00,T1A,18.20,T1F,0,T2R,19.25,T2A,19.00,T2F,0,P1,4.828,P1V,2.235,P1F,0,P2,0.004,P2V,1.893,P2F,0,IgR,0
2025-09-03 20:34:23.019,T,312396,SR,144,SF,0,T1R,19.00,T1A,18.20,T1F,0,T2R,19.25,T2A,19.00,T2F,0,P1,4.808,P1V,2.231,P1F,0,P2,0.003,P2V,1.892,P2F,0,IgR,0
2025-09-03 20:34:23.244,T,312622,SR,144,SF,0,T1R,19.00,T1A,19.00,T1F,0,T2R,19.25,T2A,19.00,T2F,0,P1,4.803,P1V,2.231,P1F,0,P2,0.000,P2V,1.891,P2F,0,IgR,0
2025-09-03 20:34:23.470,T,312848,SR,144,SF,0,T1R,19.00,T1A,19.00,T1F,0,T2R,19.25,T2A,19.00,T2F,0,P1,4.808,P1V,2.231,P1F,0,P2,0.002,P2V,1.891,P2F,0,IgR,0
2025-09-03 20:34:23.696,T,313074,SR,144,SF,0,T1R,19.00,T1A,19.00,T1F,0,T2R,19.25,T2A,19.00,T2F,0,P1,4.818,P1V,2.233,P1F,0,P2,0.003,P2V,1.892,P2F,0,IgR,0
2025-09-03 20:34:23.922,T,313300,SR,144,SF,0,T1R,19.00,T1A,19.00,T1F,0,T2R,19.25,T2A,19.00,T2F,0,P1,4.813,P1V,2.232,P1F,0,P2,0.003,P2V,1.892,P2F,0,IgR,0
2025-09-03 20:34:24.148,T,313526,SR,144,SF,0,T1R,18.75,T1A,19.00,T1F,0,T2R,19.25,T2A,19.00,T2F,0,P1,4.788,P1V,2.228,P1F,0,P2,0.000,P2V,1.891,P2F,0,IgR,0
2025-09-03 20:34:24.374,T,313753,SR,144,SF,0,T1R,19.00,T1A,19.00,T1F,0,T2R,19.25,T2A,19.00,T2F,0,P1,4.823,P1V,2.234,P1F,0,P2,0.003,P2V,1.892,P2F,0,IgR,0
2025-09-03 20:34:24.600,T,313978,SR,144,SF,0,T1R,19.00,T1A,19.00,T1F,0,T2R,19.25,T2A,19.00,T2F,0,P1,4.808,P1V,2.231,P1F,0,P2,0.003,P2V,1.892,P2F,0,IgR,0
2025-09-03 20:34:24.827,T,314204,SR,144,SF,0,T1R,19.00,T1A,19.00,T1F,0,T2R,19.25,T2A,19.00,T2F,0,P1,4.788,P1V,2.228,P1F,0,P2,0.002,P2V,1.891,P2F,0,IgR,0
2025-09-03 20:34:25.052,T,314430,SR,144,SF,0,T1R,19.00,T1A,19.00,T1F,0,T2R,19.25,T2A,19.00,T2F,0,P1,4.813,P1V,2.232,P1F,0,P2,0.000,P2V,1.891,P2F,0,IgR,0
2025-09-03 20:34:25.279,T,314656,SR,144,SF,0,T1R,18.75,T1A,19.00,T1F,0,T2R,19.25,T2A,19.00,T2F,0,P1,4.803,P1V,2.231,P1F,0,P2,0.002,P2V,1.891,P2F,0,IgR,0
2025-09-03 20:34:25.504,T,314882,SR,144,SF,0,T1R,19.00,T1A,19.00,T1F,0,T2R,19.25,T2A,19.00,T2F,0,P1,4.793,P1V,2.229,P1F,0,P2,0.003,P2V,1.892,P2F,0,IgR,0
2025-09-03 20:34:25.730,T,315108,SR,144,SF,0,T1R,18.75,T1A,19.00,T1F,0,T2R,19.25,T2A,19.00,T2F,0,P1,4.803,P1V,2.231,P1F,0,P2,0.002,P2V,1.891,P2F,0,IgR,0
2025-09-03 20:34:25.956,T,315334,SR,144,SF,0,T1R,19.00,T1A,19.00,T1F,0,T2R,19.25,T2A,19.00,T2F,0,P1,4.813,P1V,2.232,P1F,0,P2,0.004,P2V,1.893,P2F,0,IgR,0
2025-09-03 20:34:26.182,T,315560,SR,144,SF,0,T1R,19.00,T1A,19.00,T1F,0,T2R,19.25,T2A,19.00,T2F,0,P1,4.798,P1V,2.230,P1F,0,P2,0.000,P2V,1.891,P2F,0,IgR,0
2025-09-03 20:34:26.408,T,315786,SR,144,SF,0,T1R,19.00,T1A,19.00,T1F,0,T2R,19.25,T2A,19.00,T2F,0,P1,4.798,P1V,2.230,P1F,0,P2,0.003,P2V,1.892,P2F,0,IgR,0
2025-09-03 20:34:26.634,T,316012,SR,144,SF,0,T1R,19.00,T1A,19.00,T1F,0,T2R,19.25,T2A,19.00,T2F,0,P1,4.818,P1V,2.233,P1F,0,P2,0.003,P2V,1.892,P2F,0,IgR,0
2025-09-03 20:34:26.860,T,316238,SR,144,SF,0,T1R,19.00,T1A,19.00,T1F,0,T2R,19.25,T2A,19.00,T2F,0,P1,4.808,P1V,2.231,P1F,0,P2,0.002,P2V,1.891,P2F,0,IgR,0
2025-09-03 20:34:27.087,T,316464,SR,144,SF,0,T1R,18.75,T1A,19.00,T1F,0,T2R,19.25,T2A,19.00,T2F,0,P1,4.783,P1V,2.227,P1F,0,P2,0.002,P2V,1.891,P2F,0,IgR,0
2025-09-03 20:34:27.314,T,316691,SR,144,SF,0,T1R,18.75,T1A,19.00,T1F,0,T2R,19.25,T2A,19.00,T2F,0,P1,4.823,P1V,2.234,P1F,0,P2,0.002,P2V,1.891,P2F,0,IgR,0
2025-09-03 20:34:27.540,T,316917,SR,144,SF,0,T1R,18.75,T1A,19.00,T1F,0,T2R,19.25,T2A,19.00,T2F,0,P1,4.808,P1V,2.231,P1F,0,P2,0.003,P2V,1.892,P2F,0,IgR,0
2025-09-03 20:34:27.765,T,317144,SR,144,SF,0,T1R,19.00,T1A,19.00,T1F,0,T2R,19.25,T2A,19.00,T2F,0,P1,4.783,P1V,2.227,P1F,0,P2,0.002,P2V,1.891,P2F,0,IgR,0
2025-09-03 20:34:27.993,T,317369,SR,144,SF,0,T1R,18.75,T1A,19.00,T1F,0,T2R,19.25,T2A,19.00,T2F,0,P1,4.803,P1V,2.231,P1F,0,P2,0.003,P2V,1.892,P2F,0,IgR,0
2025-09-03 20:34:28.217,T,317595,SR,144,SF,0,T1R,18.75,T1A,19.00,T1F,0,T2R,19.25,T2A,19.00,T2F,0,P1,4.813,P1V,2.232,P1F,0,P2,0.002,P2V,1.891,P2F,0,IgR,0
2025-09-03 20:34:28.443,T,317821,SR,144,SF,0,T1R,18.75,T1A,19.00,T1F,0,T2R,19.25,T2A,19.00,T2F,0,P1,4.788,P1V,2.228,P1F,0,P2,0.000,P2V,1.891,P2F,0,IgR,0
2025-09-03 20:34:28.669,T,318047,SR,144,SF,0,T1R,18.75,T1A,19.00,T1F,0,T2R,19.25,T2A,19.00,T2F,0,P1,4.788,P1V,2.228,P1F,0,P2,0.002,P2V,1.891,P2F,0,IgR,0
2025-09-03 20:34:28.899,T,318274,SR,144,SF,0,T1R,18.75,T1A,18.00,T1F,0,T2R,19.00,T2A,19.00,T2F,0,P1,4.803,P1V,2.231,P1F,0,P2,0.003,P2V,1.892,P2F,0,IgR,0
2025-09-03 20:34:29.122,T,318500,SR,144,SF,0,T1R,18.75,T1A,18.00,T1F,0,T2R,19.00,T2A,19.00,T2F,0,P1,4.798,P1V,2.230,P1F,0,P2,0.003,P2V,1.892,P2F,0,IgR,0
2025-09-03 20:34:29.349,T,318726,SR,144,SF,0,T1R,18.75,T1A,18.00,T1F,0,T2R,19.25,T2A,19.00,T2F,0,P1,4.788,P1V,2.228,P1F,0,P2,0.002,P2V,1.891,P2F,0,IgR,0
2025-09-03 20:34:29.576,T,318953,SR,144,SF,0,T1R,18.75,T1A,18.00,T1F,0,T2R,19.25,T2A,19.00,T2F,0,P1,4.803,P1V,2.231,P1F,0,P2,0.002,P2V,1.891,P2F,0,IgR,0
2025-09-03 20:34:29.801,T,319179,SR,144,SF,0,T1R,18.75,T1A,18.00,T1F,0,T2R,19.00,T2A,19.00,T2F,0,P1,4.793,P1V,2.229,P1F,0,P2,0.002,P2V,1.891,P2F,0,IgR,0
2025-09-03 20:34:30.028,T,319405,SR,144,SF,0,T1R,18.75,T1A,18.00,T1F,0,T2R,19.25,T2A,19.00,T2F,0,P1,4.783,P1V,2.227,P1F,0,P2,0.002,P2V,1.891,P2F,0,IgR,0
2025-09-03 20:34:30.254,T,319632,SR,144,SF,0,T1R,18.75,T1A,18.00,T1F,0,T2R,19.00,T2A,19.00,T2F,0,P1,4.803,P1V,2.231,P1F,0,P2,0.002,P2V,1.891,P2F,0,IgR,0
2025-09-03 20:34:30.480,T,319858,SR,144,SF,0,T1R,18.75,T1A,18.00,T1F,0,T2R,19.00,T2A,19.00,T2F,0,P1,4.798,P1V,2.230,P1F,0,P2,0.002,P2V,1.891,P2F,0,IgR,0
2025-09-03 20:34:30.707,T,320084,SR,144,SF,0,T1R,18.75,T1A,18.00,T1F,0,T2R,19.00,T2A,19.00,T2F,0,P1,4.783,P1V,2.227,P1F,0,P2,0.003,P2V,1.892,P2F,0,IgR,0
2025-09-03 20:34:30.932,T,320310,SR,144,SF,0,T1R,18.75,T1A,18.00,T1F,0,T2R,19.00,T2A,19.00,T2F,0,P1,4.813,P1V,2.232,P1F,0,P2,0.003,P2V,1.892,P2F,0,IgR,0
2025-09-03 20:34:31.159,T,320536,SR,144,SF,0,T1R,18.75,T1A,18.00,T1F,0,T2R,19.00,T2A,19.00,T2F,0,P1,4.793,P1V,2.229,P1F,0,P2,0.003,P2V,1.892,P2F,0,IgR,0
2025-09-03 20:34:31.384,T,320762,SR,144,SF,0,T1R,18.75,T1A,18.00,T1F,0,T2R,19.00,T2A,19.00,T2F,0,P1,4.778,P1V,2.227,P1F,0,P2,-0.001,P2V,1.890,P2F,0,IgR,0
2025-09-03 20:34:31.610,T,320988,SR,144,SF,0,T1R,18.75,T1A,18.00,T1F,0,T2R,19.00,T2A,19.00,T2F,0,P1,4.793,P1V,2.229,P1F,0,P2,0.002,P2V,1.891,P2F,0,IgR,0
2025-09-03 20:34:31.836,T,321214,SR,144,SF,0,T1R,18.75,T1A,18.00,T1F,0,T2R,19.00,T2A,19.00,T2F,0,P1,4.798,P1V,2.230,P1F,0,P2,0.003,P2V,1.892,P2F,0,IgR,0
2025-09-03 20:34:32.062,T,321440,SR,144,SF,0,T1R,18.50,T1A,18.00,T1F,0,T2R,19.00,T2A,19.00,T2F,0,P1,4.788,P1V,2.228,P1F,0,P2,0.002,P2V,1.891,P2F,0,IgR,0
2025-09-03 20:34:32.288,T,321666,SR,144,SF,0,T1R,18.75,T1A,18.00,T1F,0,T2R,19.00,T2A,19.00,T2F,0,P1,4.788,P1V,2.228,P1F,0,P2,0.003,P2V,1.892,P2F,0,IgR,0
2025-09-03 20:34:32.515,T,321892,SR,144,SF,0,T1R,18.50,T1A,18.00,T1F,0,T2R,19.00,T2A,19.00,T2F,0,P1,4.803,P1V,2.231,P1F,0,P2,0.003,P2V,1.892,P2F,0,IgR,0
2025-09-03 20:34:32.740,T,322118,SR,144,SF,0,T1R,18.50,T1A,18.00,T1F,0,T2R,19.00,T2A,19.00,T2F,0,P1,4.788,P1V,2.228,P1F,0,P2,0.002,P2V,1.891,P2F,0,IgR,0
2025-09-03 20:34:32.966,T,322344,SR,144,SF,0,T1R,18.75,T1A,18.00,T1F,0,T2R,19.00,T2A,19.00,T2F,0,P1,4.773,P1V,2.226,P1F,0,P2,0.002,P2V,1.891,P2F,0,IgR,0
2025-09-03 20:34:33.192,T,322570,SR,144,SF,0,T1R,18.75,T1A,18.00,T1F,0,T2R,19.00,T2A,19.00,T2F,0,P1,4.803,P1V,2.231,P1F,0,P2,0.002,P2V,1.891,P2F,0,IgR,0
2025-09-03 20:34:33.419,T,322797,SR,144,SF,0,T1R,18.50,T1A,18.00,T1F,0,T2R,19.00,T2A,19.00,T2F,0,P1,4.768,P1V,2.225,P1F,0,P2,-0.002,P2V,1.889,P2F,0,IgR,0
2025-09-03 20:34:33.650,T,323022,SR,144,SF,0,T1R,18.50,T1A,18.00,T1F,0,T2R,19.00,T2A,19.00,T2F,0,P1,4.763,P1V,2.224,P1F,0,P2,0.002,P2V,1.891,P2F,0,IgR,0
2025-09-03 20:34:33.876,T,323248,SR,144,SF,0,T1R,18.50,T1A,18.00,T1F,0,T2R,19.00,T2A,19.00,T2F,0,P1,4.803,P1V,2.231,P1F,0,P2,0.003,P2V,1.892,P2F,0,IgR,0
2025-09-03 20:34:34.096,T,323474,SR,144,SF,0,T1R,18.50,T1A,18.00,T1F,0,T2R,19.00,T2A,19.00,T2F,0,P1,4.793,P1V,2.229,P1F,0,P2,0.003,P2V,1.892,P2F,0,IgR,0
2025-09-03 20:34:34.322,T,323700,SR,144,SF,0,T1R,18.50,T1A,18.00,T1F,0,T2R,19.00,T2A,19.00,T2F,0,P1,4.783,P1V,2.227,P1F,0,P2,0.002,P2V,1.891,P2F,0,IgR,0
2025-09-03 20:34:34.548,T,323926,SR,144,SF,0,T1R,18.50,T1A,18.00,T1F,0,T2R,19.00,T2A,19.00,T2F,0,P1,4.788,P1V,2.228,P1F,0,P2,0.003,P2V,1.892,P2F,0,IgR,0
2025-09-03 20:34:34.774,T,324152,SR,144,SF,0,T1R,18.50,T1A,18.00,T1F,0,T2R,19.00,T2A,19.00,T2F,0,P1,4.793,P1V,2.229,P1F,0,P2,0.002,P2V,1.891,P2F,0,IgR,0
2025-09-03 20:34:35.001,T,324378,SR,144,SF,0,T1R,18.50,T1A,18.00,T1F,0,T2R,19.00,T2A,19.00,T2F,0,P1,4.778,P1V,2.227,P1F,0,P2,0.002,P2V,1.891,P2F,0,IgR,0
2025-09-03 20:34:35.225,T,324604,SR,144,SF,0,T1R,18.50,T1A,18.00,T1F,0,T2R,19.00,T2A,19.00,T2F,0,P1,4.773,P1V,2.226,P1F,0,P2,0.000,P2V,1.891,P2F,0,IgR,0
2025-09-03 20:34:35.451,T,324830,SR,144,SF,0,T1R,18.50,T1A,18.00,T1F,0,T2R,19.00,T2A,19.00,T2F,0,P1,4.793,P1V,2.229,P1F,0,P2,0.003,P2V,1.892,P2F,0,IgR,0
2025-09-03 20:34:35.678,T,325056,SR,144,SF,0,T1R,18.50,T1A,18.00,T1F,0,T2R,19.00,T2A,19.00,T2F,0,P1,4.793,P1V,2.229,P1F,0,P2,0.000,P2V,1.891,P2F,0,IgR,0
2025-09-03 20:34:35.904,T,325282,SR,144,SF,0,T1R,18.50,T1A,18.00,T1F,0,T2R,19.00,T2A,19.00,T2F,0,P1,4.768,P1V,2.225,P1F,0,P2,0.002,P2V,1.891,P2F,0,IgR,0
2025-09-03 20:34:36.130,T,325508,SR,144,SF,0,T1R,18.50,T1A,18.00,T1F,0,T2R,19.00,T2A,19.00,T2F,0,P1,4.803,P1V,2.231,P1F,0,P2,0.003,P2V,1.892,P2F,0,IgR,0
2025-09-03 20:34:36.356,T,325734,SR,144,SF,0,T1R,18.50,T1A,18.00,T1F,0,T2R,19.00,T2A,19.00,T2F,0,P1,4.788,P1V,2.228,P1F,0,P2,0.003,P2V,1.892,P2F,0,IgR,0
2025-09-03 20:34:36.583,T,325960,SR,144,SF,0,T1R,18.50,T1A,18.00,T1F,0,T2R,19.00,T2A,19.00,T2F,0,P1,4.768,P1V,2.225,P1F,0,P2,0.002,P2V,1.891,P2F,0,IgR,0
2025-09-03 20:34:36.808,T,326186,SR,144,SF,0,T1R,18.50,T1A,18.00,T1F,0,T2R,19.00,T2A,19.00,T2F,0,P1,4.778,P1V,2.227,P1F,0,P2,0.003,P2V,1.892,P2F,0,IgR,0
2025-09-03 20:34:37.035,T,326412,SR,144,SF,0,T1R,18.50,T1A,18.00,T1F,0,T2R,19.00,T2A,19.00,T2F,0,P1,4.783,P1V,2.227,P1F,0,P2,0.002,P2V,1.891,P2F,0,IgR,0
2025-09-03 20:34:37.260,T,326638,SR,144,SF,0,T1R,18.50,T1A,18.00,T1F,0,T2R,18.75,T2A,19.00,T2F,0,P1,4.783,P1V,2.227,P1F,0,P2,0.003,P2V,1.892,P2F,0,IgR,0
2025-09-03 20:34:37.486,T,326864,SR,144,SF,0,T1R,18.50,T1A,18.00,T1F,0,T2R,19.00,T2A,19.00,T2F,0,P1,4.768,P1V,2.225,P1F,0,P2,0.003,P2V,1.892,P2F,0,IgR,0
2025-09-03 20:34:37.711,T,327090,SR,144,SF,0,T1R,18.50,T1A,18.00,T1F,0,T2R,19.00,T2A,19.00,T2F,0,P1,4.788,P1V,2.228,P1F,0,P2,0.004,P2V,1.893,P2F,0,IgR,0
2025-09-03 20:34:37.937,T,327316,SR,144,SF,0,T1R,18.50,T1A,18.00,T1F,0,T2R,19.00,T2A,19.00,T2F,0,P1,4.778,P1V,2.227,P1F,0,P2,0.003,P2V,1.892,P2F,0,IgR,0
2025-09-03 20:34:38.164,T,327542,SR,144,SF,0,T1R,18.50,T1A,18.00,T1F,0,T2R,19.00,T2A,19.00,T2F,0,P1,4.763,P1V,2.224,P1F,0,P2,0.002,P2V,1.891,P2F,0,IgR,0
2025-09-03 20:34:38.392,T,327768,SR,144,SF,0,T1R,18.50,T1A,18.00,T1F,0,T2R,19.00,T2A,19.00,T2F,0,P1,4.793,P1V,2.229,P1F,0,P2,0.003,P2V,1.892,P2F,0,IgR,0
2025-09-03 20:34:38.616,T,327994,SR,144,SF,0,T1R,18.50,T1A,18.00,T1F,0,T2R,19.00,T2A,19.00,T2F,0,P1,4.783,P1V,2.227,P1F,0,P2,0.002,P2V,1.891,P2F,0,IgR,0
2025-09-03 20:34:38.842,T,328220,SR,144,SF,0,T1R,18.50,T1A,18.00,T1F,0,T2R,19.00,T2A,19.00,T2F,0,P1,4.763,P1V,2.224,P1F,0,P2,0.000,P2V,1.891,P2F,0,IgR,0
2025-09-03 20:34:39.068,T,328446,SR,144,SF,0,T1R,18.50,T1A,18.00,T1F,0,T2R,18.75,T2A,18.00,T2F,0,P1,4.793,P1V,2.229,P1F,0,P2,0.007,P2V,1.895,P2F,0,IgR,0
2025-09-03 20:34:39.294,T,328672,SR,144,SF,0,T1R,18.50,T1A,18.00,T1F,0,T2R,18.75,T2A,18.00,T2F,0,P1,4.778,P1V,2.227,P1F,0,P2,0.003,P2V,1.892,P2F,0,IgR,0
2025-09-03 20:34:39.529,T,328898,SR,144,SF,0,T1R,18.50,T1A,18.00,T1F,0,T2R,19.00,T2A,18.00,T2F,0,P1,4.778,P1V,2.227,P1F,0,P2,0.003,P2V,1.892,P2F,0,IgR,0
2025-09-03 20:34:39.755,T,329124,SR,144,SF,0,T1R,18.50,T1A,18.00,T1F,0,T2R,19.00,T2A,18.00,T2F,0,P1,4.768,P1V,2.225,P1F,0,P2,0.000,P2V,1.891,P2F,0,IgR,0
2025-09-03 20:34:39.980,T,329350,SR,144,SF,0,T1R,18.50,T1A,18.00,T1F,0,T2R,18.75,T2A,18.00,T2F,0,P1,4.783,P1V,2.227,P1F,0,P2,0.006,P2V,1.894,P2F,0,IgR,0
2025-09-03 20:34:40.202,T,329576,SR,144,SF,0,T1R,18.50,T1A,18.00,T1F,0,T2R,18.75,T2A,18.00,T2F,0,P1,4.768,P1V,2.225,P1F,0,P2,0.002,P2V,1.891,P2F,0,IgR,0
2025-09-03 20:34:40.427,T,329802,SR,144,SF,0,T1R,18.50,T1A,18.00,T1F,0,T2R,19.00,T2A,18.00,T2F,0,P1,4.763,P1V,2.224,P1F,0,P2,0.002,P2V,1.891,P2F,0,IgR,0
2025-09-03 20:34:40.650,T,330028,SR,144,SF,0,T1R,18.25,T1A,18.00,T1F,0,T2R,19.00,T2A,18.00,T2F,0,P1,4.788,P1V,2.228,P1F,0,P2,0.003,P2V,1.892,P2F,0,IgR,0
2025-09-03 20:34:40.876,T,330254,SR,144,SF,0,T1R,18.50,T1A,18.00,T1F,0,T2R,18.75,T2A,18.00,T2F,0,P1,4.773,P1V,2.226,P1F,0,P2,0.003,P2V,1.892,P2F,0,IgR,0
2025-09-03 20:34:41.102,T,330480,SR,144,SF,0,T1R,18.50,T1A,18.00,T1F,0,T2R,18.75,T2A,18.00,T2F,0,P1,4.758,P1V,2.223,P1F,0,P2,0.002,P2V,1.891,P2F,0,IgR,0
2025-09-03 20:34:41.328,T,330706,SR,144,SF,0,T1R,18.50,T1A,18.00,T1F,0,T2R,18.75,T2A,18.00,T2F,0,P1,4.773,P1V,2.226,P1F,0,P2,0.003,P2V,1.892,P2F,0,IgR,0
2025-09-03 20:34:41.554,T,330932,SR,144,SF,0,T1R,18.50,T1A,18.00,T1F,0,T2R,18.75,T2A,18.00,T2F,0,P1,4.773,P1V,2.226,P1F,0,P2,0.002,P2V,1.891,P2F,0,IgR,0
2025-09-03 20:34:41.780,T,331158,SR,144,SF,0,T1R,18.50,T1A,18.00,T1F,0,T2R,18.75,T2A,18.00,T2F,0,P1,4.763,P1V,2.224,P1F,0,P2,0.002,P2V,1.891,P2F,0,IgR,0
2025-09-03 20:34:42.006,T,331384,SR,144,SF,0,T1R,18.50,T1A,18.00,T1F,0,T2R,18.75,T2A,18.00,T2F,0,P1,4.768,P1V,2.225,P1F,0,P2,0.002,P2V,1.891,P2F,0,IgR,0
2025-09-03 20:34:42.232,T,331610,SR,144,SF,0,T1R,18.50,T1A,18.00,T1F,0,T2R,18.75,T2A,18.00,T2F,0,P1,4.778,P1V,2.227,P1F,0,P2,0.003,P2V,1.892,P2F,0,IgR,0
2025-09-03 20:34:42.457,T,331836,SR,144,SF,0,T1R,18.50,T1A,18.00,T1F,0,T2R,18.75,T2A,18.00,T2F,0,P1,4.763,P1V,2.224,P1F,0,P2,0.002,P2V,1.891,P2F,0,IgR,0
2025-09-03 20:34:42.684,T,332062,SR,144,SF,0,T1R,18.25,T1A,18.00,T1F,0,T2R,18.75,T2A,18.00,T2F,0,P1,4.752,P1V,2.223,P1F,0,P2,0.003,P2V,1.892,P2F,0,IgR,0
2025-09-03 20:34:42.910,T,332288,SR,144,SF,0,T1R,18.50,T1A,18.00,T1F,0,T2R,18.75,T2A,18.00,T2F,0,P1,4.783,P1V,2.227,P1F,0,P2,0.003,P2V,1.892,P2F,0,IgR,0
2025-09-03 20:34:43.136,T,332514,SR,144,SF,0,T1R,18.50,T1A,18.00,T1F,0,T2R,18.75,T2A,18.00,T2F,0,P1,4.773,P1V,2.226,P1F,0,P2,0.003,P2V,1.892,P2F,0,IgR,0
2025-09-03 20:34:43.362,T,332740,SR,144,SF,0,T1R,18.50,T1A,18.00,T1F,0,T2R,18.75,T2A,18.00,T2F,0,P1,4.747,P1V,2.222,P1F,0,P2,0.002,P2V,1.891,P2F,0,IgR,0
2025-09-03 20:34:43.588,T,332966,SR,144,SF,0,T1R,18.50,T1A,18.00,T1F,0,T2R,18.75,T2A,18.00,T2F,0,P1,4.773,P1V,2.226,P1F,0,P2,0.002,P2V,1.891,P2F,0,IgR,0
2025-09-03 20:34:43.815,T,333192,SR,144,SF,0,T1R,18.50,T1A,18.00,T1F,0,T2R,18.75,T2A,18.00,T2F,0,P1,4.768,P1V,2.225,P1F,0,P2,0.000,P2V,1.891,P2F,0,IgR,0
2025-09-03 20:34:44.041,T,333418,SR,144,SF,0,T1R,18.25,T1A,18.00,T1F,0,T2R,18.75,T2A,18.00,T2F,0,P1,4.763,P1V,2.224,P1F,0,P2,0.003,P2V,1.892,P2F,0,IgR,0
2025-09-03 20:34:44.267,T,333644,SR,144,SF,0,T1R,18.25,T1A,18.00,T1F,0,T2R,18.75,T2A,18.00,T2F,0,P1,4.758,P1V,2.223,P1F,0,P2,0.003,P2V,1.892,P2F,0,IgR,0
2025-09-03 20:34:44.492,T,333870,SR,144,SF,0,T1R,18.50,T1A,18.00,T1F,0,T2R,18.75,T2A,18.00,T2F,0,P1,4.778,P1V,2.227,P1F,0,P2,0.003,P2V,1.892,P2F,0,IgR,0
2025-09-03 20:34:44.717,T,334096,SR,144,SF,0,T1R,18.50,T1A,18.00,T1F,0,T2R,18.75,T2A,18.00,T2F,0,P1,4.763,P1V,2.224,P1F,0,P2,0.002,P2V,1.891,P2F,0,IgR,0
2025-09-03 20:34:44.944,T,334322,SR,144,SF,0,T1R,18.25,T1A,18.00,T1F,0,T2R,18.75,T2A,18.00,T2F,0,P1,4.747,P1V,2.222,P1F,0,P2,0.000,P2V,1.891,P2F,0,IgR,0
2025-09-03 20:34:45.170,T,334548,SR,144,SF,0,T1R,18.50,T1A,18.00,T1F,0,T2R,18.75,T2A,18.00,T2F,0,P1,4.788,P1V,2.228,P1F,0,P2,0.003,P2V,1.892,P2F,0,IgR,0
2025-09-03 20:34:45.396,T,334774,SR,144,SF,0,T1R,18.50,T1A,18.00,T1F,0,T2R,18.75,T2A,18.00,T2F,0,P1,4.763,P1V,2.224,P1F,0,P2,0.003,P2V,1.892,P2F,0,IgR,0
2025-09-03 20:34:45.622,T,335000,SR,144,SF,0,T1R,18.50,T1A,18.00,T1F,0,T2R,18.75,T2A,18.00,T2F,0,P1,4.742,P1V,2.221,P1F,0,P2,0.000,P2V,1.891,P2F,0,IgR,0
2025-09-03 20:34:45.849,T,335227,SR,144,SF,0,T1R,18.50,T1A,18.00,T1F,0,T2R,18.75,T2A,18.00,T2F,0,P1,4.773,P1V,2.226,P1F,0,P2,0.002,P2V,1.891,P2F,0,IgR,0
2025-09-03 20:34:46.074,T,335452,SR,144,SF,0,T1R,18.50,T1A,18.00,T1F,0,T2R,18.75,T2A,18.00,T2F,0,P1,4.763,P1V,2.224,P1F,0,P2,0.002,P2V,1.891,P2F,0,IgR,0
2025-09-03 20:34:46.300,T,335678,SR,144,SF,0,T1R,18.50,T1A,18.00,T1F,0,T2R,18.75,T2A,18.00,T2F,0,P1,4.752,P1V,2.223,P1F,0,P2,0.000,P2V,1.891,P2F,0,IgR,0
2025-09-03 20:34:46.533,T,335904,SR,144,SF,0,T1R,18.50,T1A,18.00,T1F,0,T2R,18.75,T2A,18.00,T2F,0,P1,4.758,P1V,2.223,P1F,0,P2,0.003,P2V,1.892,P2F,0,IgR,0
2025-09-03 20:34:46.758,T,336130,SR,144,SF,0,T1R,18.50,T1A,18.00,T1F,0,T2R,18.75,T2A,18.00,T2F,0,P1,4.768,P1V,2.225,P1F,0,P2,0.002,P2V,1.891,P2F,0,IgR,0
2025-09-03 20:34:46.985,T,336356,SR,144,SF,0,T1R,18.50,T1A,18.00,T1F,0,T2R,18.75,T2A,18.00,T2F,0,P1,4.763,P1V,2.224,P1F,0,P2,0.003,P2V,1.892,P2F,0,IgR,0
2025-09-03 20:34:47.204,T,336582,SR,144,SF,0,T1R,18.50,T1A,18.00,T1F,0,T2R,18.75,T2A,18.00,T2F,0,P1,4.742,P1V,2.221,P1F,0,P2,0.003,P2V,1.892,P2F,0,IgR,0
2025-09-03 20:34:47.442,T,336808,SR,144,SF,0,T1R,18.50,T1A,18.00,T1F,0,T2R,18.75,T2A,18.00,T2F,0,P1,4.763,P1V,2.224,P1F,0,P2,0.003,P2V,1.892,P2F,0,IgR,0
2025-09-03 20:34:47.656,T,337034,SR,144,SF,0,T1R,18.50,T1A,18.00,T1F,0,T2R,18.75,T2A,18.00,T2F,0,P1,4.763,P1V,2.224,P1F,0,P2,0.004,P2V,1.893,P2F,0,IgR,0
2025-09-03 20:34:47.882,T,337260,SR,144,SF,0,T1R,18.50,T1A,18.00,T1F,0,T2R,18.75,T2A,18.00,T2F,0,P1,4.742,P1V,2.221,P1F,0,P2,0.002,P2V,1.891,P2F,0,IgR,0
2025-09-03 20:34:48.108,T,337486,SR,144,SF,0,T1R,18.25,T1A,18.00,T1F,0,T2R,18.75,T2A,18.00,T2F,0,P1,4.773,P1V,2.226,P1F,0,P2,0.003,P2V,1.892,P2F,0,IgR,0
2025-09-03 20:34:48.335,T,337713,SR,144,SF,0,T1R,18.50,T1A,18.00,T1F,0,T2R,18.75,T2A,18.00,T2F,0,P1,4.763,P1V,2.224,P1F,0,P2,0.002,P2V,1.891,P2F,0,IgR,0
2025-09-03 20:34:48.561,T,337939,SR,144,SF,0,T1R,18.25,T1A,18.00,T1F,0,T2R,18.75,T2A,18.00,T2F,0,P1,4.737,P1V,2.220,P1F,0,P2,0.002,P2V,1.891,P2F,0,IgR,0
2025-09-03 20:34:48.786,T,338165,SR,144,SF,0,T1R,18.25,T1A,18.00,T1F,0,T2R,18.50,T2A,18.00,T2F,0,P1,4.763,P1V,2.224,P1F,0,P2,0.004,P2V,1.893,P2F,0,IgR,0
2025-09-03 20:34:49.012,T,338391,SR,144,SF,0,T1R,18.25,T1A,18.00,T1F,0,T2R,18.75,T2A,18.00,T2F,0,P1,4.768,P1V,2.225,P1F,0,P2,0.003,P2V,1.892,P2F,0,IgR,0
2025-09-03 20:34:49.240,T,338619,SR,144,SF,0,T1R,18.25,T1A,18.00,T1F,0,T2R,18.75,T2A,18.00,T2F,0,P1,4.732,P1V,2.219,P1F,0,P2,0.000,P2V,1.891,P2F,0,IgR,0
2025-09-03 20:34:49.467,T,338845,SR,144,SF,0,T1R,18.25,T1A,18.00,T1F,0,T2R,18.75,T2A,18.00,T2F,0,P1,4.763,P1V,2.224,P1F,0,P2,0.002,P2V,1.891,P2F,0,IgR,0
2025-09-03 20:34:49.693,T,339071,SR,144,SF,0,T1R,18.50,T1A,18.00,T1F,0,T2R,18.75,T2A,18.00,T2F,0,P1,4.763,P1V,2.224,P1F,0,P2,0.002,P2V,1.891,P2F,0,IgR,0
2025-09-03 20:34:49.919,T,339297,SR,144,SF,0,T1R,18.25,T1A,18.00,T1F,0,T2R,18.75,T2A,18.00,T2F,0,P1,4.747,P1V,2.222,P1F,0,P2,0.002,P2V,1.891,P2F,0,IgR,0
2025-09-03 20:34:50.145,T,339523,SR,144,SF,0,T1R,18.25,T1A,18.00,T1F,0,T2R,18.75,T2A,18.00,T2F,0,P1,4.752,P1V,2.223,P1F,0,P2,0.000,P2V,1.891,P2F,0,IgR,0
2025-09-03 20:34:50.371,T,339750,SR,144,SF,0,T1R,18.50,T1A,18.00,T1F,0,T2R,18.75,T2A,18.00,T2F,0,P1,4.763,P1V,2.224,P1F,0,P2,0.002,P2V,1.891,P2F,0,IgR,0
2025-09-03 20:34:50.597,T,339975,SR,144,SF,0,T1R,18.25,T1A,18.00,T1F,0,T2R,18.75,T2A,18.00,T2F,0,P1,4.747,P1V,2.222,P1F,0,P2,0.003,P2V,1.892,P2F,0,IgR,0
2025-09-03 20:34:50.823,T,340201,SR,144,SF,0,T1R,18.25,T1A,18.00,T1F,0,T2R,18.75,T2A,18.00,T2F,0,P1,4.737,P1V,2.220,P1F,0,P2,0.002,P2V,1.891,P2F,0,IgR,0
2025-09-03 20:34:51.049,T,340427,SR,144,SF,0,T1R,18.25,T1A,18.00,T1F,0,T2R,18.75,T2A,18.00,T2F,0,P1,4.763,P1V,2.224,P1F,0,P2,0.002,P2V,1.891,P2F,0,IgR,0
2025-09-03 20:34:51.274,T,340653,SR,144,SF,0,T1R,18.50,T1A,18.00,T1F,0,T2R,18.75,T2A,18.00,T2F,0,P1,4.752,P1V,2.223,P1F,0,P2,0.002,P2V,1.891,P2F,0,IgR,0
2025-09-03 20:34:51.502,T,340879,SR,144,SF,0,T1R,18.50,T1A,18.00,T1F,0,T2R,18.75,T2A,18.00,T2F,0,P1,4.727,P1V,2.219,P1F,0,P2,0.000,P2V,1.891,P2F,0,IgR,0
2025-09-03 20:34:51.727,T,341105,SR,144,SF,0,T1R,18.50,T1A,18.00,T1F,0,T2R,18.75,T2A,18.00,T2F,0,P1,4.758,P1V,2.223,P1F,0,P2,0.002,P2V,1.891,P2F,0,IgR,0
2025-09-03 20:34:51.953,T,341331,SR,144,SF,0,T1R,18.50,T1A,18.00,T1F,0,T2R,18.75,T2A,18.00,T2F,0,P1,4.747,P1V,2.222,P1F,0,P2,0.002,P2V,1.891,P2F,0,IgR,0
2025-09-03 20:34:52.179,T,341557,SR,144,SF,0,T1R,18.25,T1A,18.00,T1F,0,T2R,18.75,T2A,18.00,T2F,0,P1,4.732,P1V,2.219,P1F,0,P2,0.002,P2V,1.891,P2F,0,IgR,0
2025-09-03 20:34:52.405,T,341783,SR,144,SF,0,T1R,18.25,T1A,18.00,T1F,0,T2R,18.75,T2A,18.00,T2F,0,P1,4.742,P1V,2.221,P1F,0,P2,0.003,P2V,1.892,P2F,0,IgR,0
2025-09-03 20:34:52.631,T,342010,SR,144,SF,0,T1R,18.25,T1A,18.00,T1F,0,T2R,18.75,T2A,18.00,T2F,0,P1,4.752,P1V,2.223,P1F,0,P2,0.000,P2V,1.891,P2F,0,IgR,0
2025-09-03 20:34:52.857,T,342236,SR,144,SF,0,T1R,18.50,T1A,18.00,T1F,0,T2R,18.75,T2A,18.00,T2F,0,P1,4.737,P1V,2.220,P1F,0,P2,0.004,P2V,1.893,P2F,0,IgR,0
2025-09-03 20:34:53.083,T,342462,SR,144,SF,0,T1R,18.50,T1A,18.00,T1F,0,T2R,18.75,T2A,18.00,T2F,0,P1,4.732,P1V,2.219,P1F,0,P2,0.002,P2V,1.891,P2F,0,IgR,0
2025-09-03 20:34:53.310,T,342688,SR,144,SF,0,T1R,18.50,T1A,18.00,T1F,0,T2R,18.75,T2A,18.00,T2F,0,P1,4.758,P1V,2.223,P1F,0,P2,0.002,P2V,1.891,P2F,0,IgR,0
2025-09-03 20:34:53.540,T,342914,SR,144,SF,0,T1R,18.25,T1A,18.00,T1F,0,T2R,18.75,T2A,18.00,T2F,0,P1,4.737,P1V,2.220,P1F,0,P2,0.002,P2V,1.891,P2F,0,IgR,0
2025-09-03 20:34:53.764,T,343140,SR,144,SF,0,T1R,18.25,T1A,18.00,T1F,0,T2R,18.75,T2A,18.00,T2F,0,P1,4.737,P1V,2.220,P1F,0,P2,0.002,P2V,1.891,P2F,0,IgR,0
2025-09-03 20:34:53.993,T,343367,SR,144,SF,0,T1R,18.25,T1A,18.00,T1F,0,T2R,18.75,T2A,18.00,T2F,0,P1,4.752,P1V,2.223,P1F,0,P2,0.002,P2V,1.891,P2F,0,IgR,0
2025-09-03 20:34:54.221,T,343593,SR,144,SF,0,T1R,18.25,T1A,18.00,T1F,0,T2R,18.75,T2A,18.00,T2F,0,P1,4.742,P1V,2.221,P1F,0,P2,0.002,P2V,1.891,P2F,0,IgR,0
2025-09-03 20:34:54.441,T,343819,SR,144,SF,0,T1R,18.25,T1A,18.00,T1F,0,T2R,18.75,T2A,18.00,T2F,0,P1,4.722,P1V,2.218,P1F,0,P2,0.000,P2V,1.891,P2F,0,IgR,0
2025-09-03 20:34:54.667,T,344045,SR,144,SF,0,T1R,18.25,T1A,18.00,T1F,0,T2R,18.75,T2A,18.00,T2F,0,P1,4.758,P1V,2.223,P1F,0,P2,0.003,P2V,1.892,P2F,0,IgR,0
2025-09-03 20:34:54.892,T,344271,SR,144,SF,0,T1R,18.50,T1A,18.00,T1F,0,T2R,18.50,T2A,18.00,T2F,0,P1,4.747,P1V,2.222,P1F,0,P2,-0.001,P2V,1.890,P2F,0,IgR,0
2025-09-03 20:34:55.118,T,344497,SR,144,SF,0,T1R,18.25,T1A,18.00,T1F,0,T2R,18.50,T2A,18.00,T2F,0,P1,4.722,P1V,2.218,P1F,0,P2,0.003,P2V,1.892,P2F,0,IgR,0
2025-09-03 20:34:55.344,T,344723,SR,144,SF,0,T1R,18.25,T1A,18.00,T1F,0,T2R,18.75,T2A,18.00,T2F,0,P1,4.752,P1V,2.223,P1F,0,P2,0.003,P2V,1.892,P2F,0,IgR,0
2025-09-03 20:34:55.571,T,344949,SR,144,SF,0,T1R,18.50,T1A,18.00,T1F,0,T2R,18.50,T2A,18.00,T2F,0,P1,4.737,P1V,2.220,P1F,0,P2,0.000,P2V,1.891,P2F,0,IgR,0
2025-09-03 20:34:55.796,T,345175,SR,144,SF,0,T1R,18.25,T1A,18.00,T1F,0,T2R,18.75,T2A,18.00,T2F,0,P1,4.742,P1V,2.221,P1F,0,P2,0.003,P2V,1.892,P2F,0,IgR,0
2025-09-03 20:34:56.023,T,345402,SR,144,SF,0,T1R,18.25,T1A,18.00,T1F,0,T2R,18.75,T2A,18.00,T2F,0,P1,4.737,P1V,2.220,P1F,0,P2,0.003,P2V,1.892,P2F,0,IgR,0
2025-09-03 20:34:56.250,T,345628,SR,144,SF,0,T1R,18.25,T1A,18.00,T1F,0,T2R,18.75,T2A,18.00,T2F,0,P1,4.747,P1V,2.222,P1F,0,P2,0.002,P2V,1.891,P2F,0,IgR,0
2025-09-03 20:34:56.477,T,345854,SR,144,SF,0,T1R,18.25,T1A,18.00,T1F,0,T2R,18.75,T2A,18.00,T2F,0,P1,4.737,P1V,2.220,P1F,0,P2,0.003,P2V,1.892,P2F,0,IgR,0
2025-09-03 20:34:56.702,T,346080,SR,144,SF,0,T1R,18.25,T1A,18.00,T1F,0,T2R,18.50,T2A,18.00,T2F,0,P1,4.727,P1V,2.219,P1F,0,P2,0.002,P2V,1.891,P2F,0,IgR,0
2025-09-03 20:34:56.928,T,346306,SR,144,SF,0,T1R,18.25,T1A,18.00,T1F,0,T2R,18.75,T2A,18.00,T2F,0,P1,4.752,P1V,2.223,P1F,0,P2,0.003,P2V,1.892,P2F,0,IgR,0
2025-09-03 20:34:57.154,T,346532,SR,144,SF,0,T1R,18.25,T1A,18.00,T1F,0,T2R,18.50,T2A,18.00,T2F,0,P1,4.737,P1V,2.220,P1F,0,P2,0.004,P2V,1.893,P2F,0,IgR,0
2025-09-03 20:34:57.380,T,346758,SR,144,SF,0,T1R,18.25,T1A,18.00,T1F,0,T2R,18.50,T2A,18.00,T2F,0,P1,4.717,P1V,2.217,P1F,0,P2,0.002,P2V,1.891,P2F,0,IgR,0
2025-09-03 20:34:57.605,T,346984,SR,144,SF,0,T1R,18.25,T1A,18.00,T1F,0,T2R,18.50,T2A,18.00,T2F,0,P1,4.752,P1V,2.223,P1F,0,P2,0.003,P2V,1.892,P2F,0,IgR,0
2025-09-03 20:34:57.831,T,347210,SR,144,SF,0,T1R,18.25,T1A,18.00,T1F,0,T2R,18.50,T2A,18.00,T2F,0,P1,4.742,P1V,2.221,P1F,0,P2,0.002,P2V,1.891,P2F,0,IgR,0
2025-09-03 20:34:58.058,T,347436,SR,144,SF,0,T1R,18.25,T1A,18.00,T1F,0,T2R,18.75,T2A,18.00,T2F,0,P1,4.722,P1V,2.218,P1F,0,P2,0.002,P2V,1.891,P2F,0,IgR,0
2025-09-03 20:34:58.284,T,347662,SR,144,SF,0,T1R,18.25,T1A,18.00,T1F,0,T2R,18.50,T2A,18.00,T2F,0,P1,4.737,P1V,2.220,P1F,0,P2,0.002,P2V,1.891,P2F,0,IgR,0
2025-09-03 20:34:58.510,T,347888,SR,144,SF,0,T1R,18.25,T1A,18.00,T1F,0,T2R,18.50,T2A,18.00,T2F,0,P1,4.737,P1V,2.220,P1F,0,P2,0.000,P2V,1.891,P2F,0,IgR,0
2025-09-03 20:34:58.736,T,348114,SR,144,SF,0,T1R,18.25,T1A,18.00,T1F,0,T2R,18.50,T2A,18.00,T2F,0,P1,4.727,P1V,2.219,P1F,0,P2,0.002,P2V,1.891,P2F,0,IgR,0
2025-09-03 20:34:58.962,T,348340,SR,144,SF,0,T1R,18.25,T1A,18.00,T1F,0,T2R,18.50,T2A,18.00,T2F,0,P1,4.722,P1V,2.218,P1F,0,P2,0.003,P2V,1.892,P2F,0,IgR,0
2025-09-03 20:34:59.187,T,348566,SR,144,SF,0,T1R,18.25,T1A,18.00,T1F,0,T2R,18.50,T2A,18.00,T2F,0,P1,4.747,P1V,2.222,P1F,0,P2,0.003,P2V,1.892,P2F,0,IgR,0
2025-09-03 20:34:59.413,T,348792,SR,144,SF,0,T1R,18.25,T1A,18.00,T1F,0,T2R,18.50,T2A,18.00,T2F,0,P1,4.722,P1V,2.218,P1F,0,P2,0.002,P2V,1.891,P2F,0,IgR,0
2025-09-03 20:34:59.639,T,349018,SR,144,SF,0,T1R,18.25,T1A,18.00,T1F,0,T2R,18.50,T2A,18.00,T2F,0,P1,4.712,P1V,2.216,P1F,0,P2,0.002,P2V,1.891,P2F,0,IgR,0
2025-09-03 20:34:59.865,T,349244,SR,144,SF,0,T1R,18.25,T1A,18.00,T1F,0,T2R,18.50,T2A,18.00,T2F,0,P1,4.752,P1V,2.223,P1F,0,P2,0.002,P2V,1.891,P2F,0,IgR,0
2025-09-03 20:35:00.091,T,349470,SR,144,SF,0,T1R,18.25,T1A,18.00,T1F,0,T2R,18.50,T2A,18.00,T2F,0,P1,4.737,P1V,2.220,P1F,0,P2,0.003,P2V,1.892,P2F,0,IgR,0
2025-09-03 20:35:00.318,T,349696,SR,144,SF,0,T1R,18.25,T1A,18.00,T1F,0,T2R,18.50,T2A,18.00,T2F,0,P1,4.717,P1V,2.217,P1F,0,P2,0.000,P2V,1.891,P2F,0,IgR,0
2025-09-03 20:35:00.544,T,349923,SR,144,SF,0,T1R,18.25,T1A,18.00,T1F,0,T2R,18.50,T2A,18.00,T2F,0,P1,4.737,P1V,2.220,P1F,0,P2,0.004,P2V,1.893,P2F,0,IgR,0
2025-09-03 20:35:00.770,T,350148,SR,144,SF,0,T1R,18.25,T1A,18.00,T1F,0,T2R,18.50,T2A,18.00,T2F,0,P1,4.732,P1V,2.219,P1F,0,P2,0.002,P2V,1.891,P2F,0,IgR,0
2025-09-03 20:35:00.996,T,350374,SR,144,SF,0,T1R,18.25,T1A,18.00,T1F,0,T2R,18.50,T2A,18.00,T2F,0,P1,4.727,P1V,2.219,P1F,0,P2,0.003,P2V,1.892,P2F,0,IgR,0
2025-09-03 20:35:01.222,T,350600,SR,144,SF,0,T1R,18.25,T1A,18.00,T1F,0,T2R,18.50,T2A,18.00,T2F,0,P1,4.707,P1V,2.215,P1F,0,P2,-0.002,P2V,1.889,P2F,0,IgR,0
2025-09-03 20:35:01.447,T,350826,SR,144,SF,0,T1R,18.25,T1A,18.00,T1F,0,T2R,18.50,T2A,18.00,T2F,0,P1,4.732,P1V,2.219,P1F,0,P2,0.002,P2V,1.891,P2F,0,IgR,0
2025-09-03 20:35:01.673,T,351052,SR,144,SF,0,T1R,18.25,T1A,18.00,T1F,0,T2R,18.50,T2A,18.00,T2F,0,P1,4.722,P1V,2.218,P1F,0,P2,0.003,P2V,1.892,P2F,0,IgR,0
2025-09-03 20:35:01.900,T,351278,SR,144,SF,0,T1R,18.25,T1A,18.00,T1F,0,T2R,18.75,T2A,18.00,T2F,0,P1,4.717,P1V,2.217,P1F,0,P2,0.003,P2V,1.892,P2F,0,IgR,0
2025-09-03 20:35:02.127,T,351505,SR,144,SF,0,T1R,18.25,T1A,18.00,T1F,0,T2R,18.50,T2A,18.00,T2F,0,P1,4.737,P1V,2.220,P1F,0,P2,0.000,P2V,1.891,P2F,0,IgR,0
2025-09-03 20:35:02.353,T,351731,SR,144,SF,0,T1R,18.25,T1A,18.00,T1F,0,T2R,18.50,T2A,18.00,T2F,0,P1,4.727,P1V,2.219,P1F,0,P2,0.002,P2V,1.891,P2F,0,IgR,0
2025-09-03 20:35:02.579,T,351957,SR,144,SF,0,T1R,-84.50,T1A,18.00,T1F,0,T2R,-11.25,T2A,18.00,T2F,0,P1,4.707,P1V,2.215,P1F,0,P2,0.002,P2V,1.891,P2F,0,IgR,0
2025-09-03 20:35:02.805,T,352183,SR,144,SF,0,T1R,-26.25,T1A,-26.00,T1F,0,T2R,6.75,T2A,6.00,T2F,0,P1,4.747,P1V,2.222,P1F,0,P2,0.002,P2V,1.891,P2F,0,IgR,0
2025-09-03 20:35:03.030,T,352409,SR,144,SF,0,T1R,-6.75,T1A,-26.00,T1F,0,T2R,12.25,T2A,6.00,T2F,0,P1,4.727,P1V,2.219,P1F,0,P2,0.002,P2V,1.891,P2F,0,IgR,0
2025-09-03 20:35:03.256,T,352635,SR,144,SF,0,T1R,-11.00,T1A,-26.00,T1F,0,T2R,11.25,T2A,6.00,T2F,0,P1,4.702,P1V,2.215,P1F,0,P2,0.003,P2V,1.892,P2F,0,IgR,0
2025-09-03 20:35:03.482,T,352861,SR,144,SF,0,T1R,-20.50,T1A,-26.00,T1F,0,T2R,8.50,T2A,6.00,T2F,0,P1,4.727,P1V,2.219,P1F,0,P2,0.003,P2V,1.892,P2F,0,IgR,0
2025-09-03 20:35:03.708,T,353087,SR,144,SF,0,T1R,-32.50,T1A,-26.00,T1F,0,T2R,5.25,T2A,6.00,T2F,0,P1,4.732,P1V,2.219,P1F,0,P2,0.003,P2V,1.892,P2F,0,IgR,0
2025-09-03 20:35:03.934,T,353314,SR,144,SF,0,T1R,-20.50,T1A,-20.00,T1F,0,T2R,8.75,T2A,8.00,T2F,0,P1,4.717,P1V,2.217,P1F,0,P2,0.002,P2V,1.891,P2F,0,IgR,0
2025-09-03 20:35:04.160,T,353539,SR,144,SF,0,T1R,-81.75,T1A,-20.00,T1F,0,T2R,-11.25,T2A,8.00,T2F,0,P1,4.717,P1V,2.217,P1F,0,P2,0.002,P2V,1.891,P2F,0,IgR,0
2025-09-03 20:35:04.387,T,353765,SR,144,SF,0,T1R,18.25,T1A,-20.00,T1F,0,T2R,18.50,T2A,8.00,T2F,0,P1,4.727,P1V,2.219,P1F,0,P2,0.002,P2V,1.891,P2F,0,IgR,0
2025-09-03 20:35:04.612,T,353991,SR,144,SF,0,T1R,18.00,T1A,-20.00,T1F,0,T2R,18.50,T2A,8.00,T2F,0,P1,4.722,P1V,2.218,P1F,0,P2,0.000,P2V,1.891,P2F,0,IgR,0
2025-09-03 20:35:04.838,T,354217,SR,144,SF,0,T1R,18.00,T1A,-20.00,T1F,0,T2R,18.50,T2A,8.00,T2F,0,P1,4.702,P1V,2.215,P1F,0,P2,0.002,P2V,1.891,P2F,0,IgR,0
2025-09-03 20:35:05.065,T,354443,SR,144,SF,0,T1R,18.25,T1A,18.00,T1F,0,T2R,18.50,T2A,18.00,T2F,0,P1,4.737,P1V,2.220,P1F,0,P2,0.002,P2V,1.891,P2F,0,IgR,0
2025-09-03 20:35:05.290,T,354669,SR,144,SF,0,T1R,18.00,T1A,18.00,T1F,0,T2R,18.50,T2A,18.00,T2F,0,P1,4.722,P1V,2.218,P1F,0,P2,0.003,P2V,1.892,P2F,0,IgR,0
2025-09-03 20:35:05.516,T,354895,SR,144,SF,0,T1R,18.25,T1A,18.00,T1F,0,T2R,18.50,T2A,18.00,T2F,0,P1,4.712,P1V,2.216,P1F,0,P2,0.003,P2V,1.892,P2F,0,IgR,0
2025-09-03 20:35:05.742,T,355121,SR,144,SF,0,T1R,18.00,T1A,18.00,T1F,0,T2R,18.50,T2A,18.00,T2F,0,P1,4.722,P1V,2.218,P1F,0,P2,0.002,P2V,1.891,P2F,0,IgR,0
2025-09-03 20:35:05.968,T,355347,SR,144,SF,0,T1R,18.25,T1A,18.00,T1F,0,T2R,18.50,T2A,18.00,T2F,0,P1,4.727,P1V,2.219,P1F,0,P2,0.002,P2V,1.891,P2F,0,IgR,0
2025-09-03 20:35:06.194,T,355573,SR,144,SF,0,T1R,18.00,T1A,18.00,T1F,0,T2R,18.50,T2A,18.00,T2F,0,P1,4.717,P1V,2.217,P1F,0,P2,0.002,P2V,1.891,P2F,0,IgR,0
2025-09-03 20:35:06.420,T,355799,SR,144,SF,0,T1R,18.00,T1A,18.00,T1F,0,T2R,18.50,T2A,18.00,T2F,0,P1,4.717,P1V,2.217,P1F,0,P2,0.004,P2V,1.893,P2F,0,IgR,0
2025-09-03 20:35:06.647,T,356025,SR,144,SF,0,T1R,18.25,T1A,18.00,T1F,0,T2R,18.50,T2A,18.00,T2F,0,P1,4.722,P1V,2.218,P1F,0,P2,0.002,P2V,1.891,P2F,0,IgR,0
2025-09-03 20:35:06.873,T,356251,SR,144,SF,0,T1R,18.25,T1A,18.00,T1F,0,T2R,18.50,T2A,18.00,T2F,0,P1,4.712,P1V,2.216,P1F,0,P2,0.000,P2V,1.891,P2F,0,IgR,0
2025-09-03 20:35:07.099,T,356477,SR,144,SF,0,T1R,18.25,T1A,18.00,T1F,0,T2R,18.50,T2A,18.00,T2F,0,P1,4.707,P1V,2.215,P1F,0,P2,0.004,P2V,1.893,P2F,0,IgR,0
2025-09-03 20:35:07.325,T,356703,SR,144,SF,0,T1R,18.25,T1A,18.00,T1F,0,T2R,18.50,T2A,18.00,T2F,0,P1,4.732,P1V,2.219,P1F,0,P2,0.003,P2V,1.892,P2F,0,IgR,0
2025-09-03 20:35:07.550,T,356929,SR,144,SF,0,T1R,18.00,T1A,18.00,T1F,0,T2R,18.50,T2A,18.00,T2F,0,P1,4.722,P1V,2.218,P1F,0,P2,0.002,P2V,1.891,P2F,0,IgR,0
2025-09-03 20:35:07.776,T,357155,SR,144,SF,0,T1R,18.25,T1A,18.00,T1F,0,T2R,18.50,T2A,18.00,T2F,0,P1,4.702,P1V,2.215,P1F,0,P2,0.002,P2V,1.891,P2F,0,IgR,0
2025-09-03 20:35:08.002,T,357381,SR,144,SF,0,T1R,18.25,T1A,18.00,T1F,0,T2R,18.50,T2A,18.00,T2F,0,P1,4.717,P1V,2.217,P1F,0,P2,0.003,P2V,1.892,P2F,0,IgR,0
2025-09-03 20:35:08.228,T,357607,SR,144,SF,0,T1R,18.25,T1A,18.00,T1F,0,T2R,18.50,T2A,18.00,T2F,0,P1,4.722,P1V,2.218,P1F,0,P2,0.003,P2V,1.892,P2F,0,IgR,0
2025-09-03 20:35:08.454,T,357833,SR,144,SF,0,T1R,18.00,T1A,18.00,T1F,0,T2R,18.50,T2A,18.00,T2F,0,P1,4.717,P1V,2.217,P1F,0,P2,0.003,P2V,1.892,P2F,0,IgR,0
2025-09-03 20:35:08.680,T,358059,SR,144,SF,0,T1R,18.00,T1A,18.00,T1F,0,T2R,18.50,T2A,18.00,T2F,0,P1,4.707,P1V,2.215,P1F,0,P2,0.003,P2V,1.892,P2F,0,IgR,0
2025-09-03 20:35:08.906,T,358285,SR,144,SF,0,T1R,18.00,T1A,18.00,T1F,0,T2R,18.50,T2A,18.00,T2F,0,P1,4.727,P1V,2.219,P1F,0,P2,0.003,P2V,1.892,P2F,0,IgR,0
2025-09-03 20:35:09.133,T,358511,SR,144,SF,0,T1R,18.00,T1A,18.00,T1F,0,T2R,18.50,T2A,18.00,T2F,0,P1,4.712,P1V,2.216,P1F,0,P2,0.002,P2V,1.891,P2F,0,IgR,0
2025-09-03 20:35:09.358,T,358737,SR,144,SF,0,T1R,18.00,T1A,18.00,T1F,0,T2R,18.50,T2A,18.00,T2F,0,P1,4.697,P1V,2.214,P1F,0,P2,0.000,P2V,1.891,P2F,0,IgR,0
2025-09-03 20:35:09.584,T,358964,SR,144,SF,0,T1R,-72.25,T1A,-72.00,T1F,0,T2R,-5.00,T2A,-5.00,T2F,0,P1,4.722,P1V,2.218,P1F,0,P2,0.002,P2V,1.891,P2F,0,IgR,0
2025-09-03 20:35:09.810,T,359189,SR,144,SF,0,T1R,-119.00,T1A,-72.00,T1F,0,T2R,-20.75,T2A,-5.00,T2F,0,P1,4.717,P1V,2.217,P1F,0,P2,0.002,P2V,1.891,P2F,0,IgR,0
2025-09-03 20:35:10.037,T,359416,SR,144,SF,0,T1R,-18.75,T1A,-72.00,T1F,0,T2R,9.75,T2A,-5.00,T2F,0,P1,4.692,P1V,2.213,P1F,0,P2,0.000,P2V,1.891,P2F,0,IgR,0
2025-09-03 20:35:10.263,T,359642,SR,144,SF,0,T1R,-120.50,T1A,-72.00,T1F,0,T2R,-23.25,T2A,-5.00,T2F,0,P1,4.712,P1V,2.216,P1F,0,P2,0.002,P2V,1.891,P2F,0,IgR,0
2025-09-03 20:35:10.490,T,359869,SR,144,SF,0,T1R,12.50,T1A,-72.00,T1F,0,T2R,16.50,T2A,-5.00,T2F,0,P1,4.712,P1V,2.216,P1F,0,P2,0.002,P2V,1.891,P2F,0,IgR,0
2025-09-03 20:35:10.716,T,360095,SR,144,SF,0,T1R,18.00,T1A,18.00,T1F,0,T2R,18.50,T2A,18.00,T2F,0,P1,4.707,P1V,2.215,P1F,0,P2,0.002,P2V,1.891,P2F,0,IgR,0
2025-09-03 20:35:10.943,T,360321,SR,144,SF,0,T1R,18.00,T1A,18.00,T1F,0,T2R,18.50,T2A,18.00,T2F,0,P1,4.707,P1V,2.215,P1F,0,P2,0.002,P2V,1.891,P2F,0,IgR,0
2025-09-03 20:35:11.168,T,360547,SR,144,SF,0,T1R,18.00,T1A,18.00,T1F,0,T2R,18.50,T2A,18.00,T2F,0,P1,4.722,P1V,2.218,P1F,0,P2,0.003,P2V,1.892,P2F,0,IgR,0
2025-09-03 20:35:11.395,T,360773,SR,144,SF,0,T1R,18.00,T1A,18.00,T1F,0,T2R,18.50,T2A,18.00,T2F,0,P1,4.712,P1V,2.216,P1F,0,P2,0.002,P2V,1.891,P2F,0,IgR,0
2025-09-03 20:35:11.620,T,360999,SR,144,SF,0,T1R,18.00,T1A,18.00,T1F,0,T2R,18.50,T2A,18.00,T2F,0,P1,4.702,P1V,2.215,P1F,0,P2,0.002,P2V,1.891,P2F,0,IgR,0
2025-09-03 20:35:11.846,T,361225,SR,144,SF,0,T1R,18.00,T1A,18.00,T1F,0,T2R,18.50,T2A,18.00,T2F,0,P1,4.732,P1V,2.219,P1F,0,P2,0.003,P2V,1.892,P2F,0,IgR,0
2025-09-03 20:35:12.073,T,361451,SR,144,SF,0,T1R,18.25,T1A,18.00,T1F,0,T2R,18.50,T2A,18.00,T2F,0,P1,4.722,P1V,2.218,P1F,0,P2,0.006,P2V,1.894,P2F,0,IgR,0
2025-09-03 20:35:12.298,T,361677,SR,144,SF,0,T1R,18.00,T1A,18.00,T1F,0,T2R,18.50,T2A,18.00,T2F,0,P1,4.687,P1V,2.212,P1F,0,P2,0.002,P2V,1.891,P2F,0,IgR,0
2025-09-03 20:35:12.531,T,361903,SR,144,SF,0,T1R,18.00,T1A,18.00,T1F,0,T2R,18.50,T2A,18.00,T2F,0,P1,4.717,P1V,2.217,P1F,0,P2,0.003,P2V,1.892,P2F,0,IgR,0
2025-09-03 20:35:12.756,T,362129,SR,144,SF,0,T1R,18.00,T1A,18.00,T1F,0,T2R,18.50,T2A,18.00,T2F,0,P1,4.712,P1V,2.216,P1F,0,P2,0.003,P2V,1.892,P2F,0,IgR,0
2025-09-03 20:35:12.983,T,362355,SR,144,SF,0,T1R,18.00,T1A,18.00,T1F,0,T2R,18.50,T2A,18.00,T2F,0,P1,4.692,P1V,2.213,P1F,0,P2,0.002,P2V,1.891,P2F,0,IgR,0
2025-09-03 20:35:13.203,T,362581,SR,144,SF,0,T1R,18.00,T1A,18.00,T1F,0,T2R,18.50,T2A,18.00,T2F,0,P1,4.702,P1V,2.215,P1F,0,P2,0.000,P2V,1.891,P2F,0,IgR,0
2025-09-03 20:35:13.429,T,362807,SR,144,SF,0,T1R,18.00,T1A,18.00,T1F,0,T2R,18.50,T2A,18.00,T2F,0,P1,4.717,P1V,2.217,P1F,0,P2,0.003,P2V,1.892,P2F,0,IgR,0
2025-09-03 20:35:13.654,T,363033,SR,144,SF,0,T1R,18.00,T1A,18.00,T1F,0,T2R,18.50,T2A,18.00,T2F,0,P1,4.702,P1V,2.215,P1F,0,P2,0.002,P2V,1.891,P2F,0,IgR,0
2025-09-03 20:35:13.880,T,363259,SR,144,SF,0,T1R,18.00,T1A,18.00,T1F,0,T2R,18.50,T2A,18.00,T2F,0,P1,4.687,P1V,2.212,P1F,0,P2,0.003,P2V,1.892,P2F,0,IgR,0
2025-09-03 20:35:14.106,T,363485,SR,144,SF,0,T1R,18.00,T1A,18.00,T1F,0,T2R,18.50,T2A,18.00,T2F,0,P1,4.712,P1V,2.216,P1F,0,P2,0.002,P2V,1.891,P2F,0,IgR,0
2025-09-03 20:35:14.332,T,363711,SR,144,SF,0,T1R,18.00,T1A,18.00,T1F,0,T2R,18.25,T2A,18.00,T2F,0,P1,4.702,P1V,2.215,P1F,0,P2,0.002,P2V,1.891,P2F,0,IgR,0
2025-09-03 20:35:14.558,T,363937,SR,144,SF,0,T1R,18.00,T1A,18.00,T1F,0,T2R,18.50,T2A,18.00,T2F,0,P1,4.687,P1V,2.212,P1F,0,P2,0.002,P2V,1.891,P2F,0,IgR,0
2025-09-03 20:35:14.784,T,364163,SR,144,SF,0,T1R,18.00,T1A,18.00,T1F,0,T2R,18.25,T2A,18.00,T2F,0,P1,4.702,P1V,2.215,P1F,0,P2,0.003,P2V,1.892,P2F,0,IgR,0
2025-09-03 20:35:15.010,T,364389,SR,144,SF,0,T1R,18.00,T1A,18.00,T1F,0,T2R,18.25,T2A,18.00,T2F,0,P1,4.712,P1V,2.216,P1F,0,P2,0.004,P2V,1.893,P2F,0,IgR,0
2025-09-03 20:35:15.236,T,364615,SR,144,SF,0,T1R,18.00,T1A,18.00,T1F,0,T2R,18.25,T2A,18.00,T2F,0,P1,4.687,P1V,2.212,P1F,0,P2,0.002,P2V,1.891,P2F,0,IgR,0
2025-09-03 20:35:15.462,T,364841,SR,144,SF,0,T1R,18.00,T1A,18.00,T1F,0,T2R,18.25,T2A,18.00,T2F,0,P1,4.687,P1V,2.212,P1F,0,P2,0.003,P2V,1.892,P2F,0,IgR,0
2025-09-03 20:35:15.689,T,365067,SR,144,SF,0,T1R,18.00,T1A,18.00,T1F,0,T2R,18.50,T2A,18.00,T2F,0,P1,4.717,P1V,2.217,P1F,0,P2,0.003,P2V,1.892,P2F,0,IgR,0
2025-09-03 20:35:15.915,T,365293,SR,144,SF,0,T1R,18.00,T1A,18.00,T1F,0,T2R,18.25,T2A,18.00,T2F,0,P1,4.692,P1V,2.213,P1F,0,P2,0.002,P2V,1.891,P2F,0,IgR,0
2025-09-03 20:35:16.140,T,365519,SR,144,SF,0,T1R,18.00,T1A,18.00,T1F,0,T2R,18.25,T2A,18.00,T2F,0,P1,4.682,P1V,2.211,P1F,0,P2,0.003,P2V,1.892,P2F,0,IgR,0
2025-09-03 20:35:16.366,T,365745,SR,144,SF,0,T1R,18.00,T1A,18.00,T1F,0,T2R,18.50,T2A,18.00,T2F,0,P1,4.722,P1V,2.218,P1F,0,P2,0.003,P2V,1.892,P2F,0,IgR,0
2025-09-03 20:35:16.592,T,365971,SR,144,SF,0,T1R,18.00,T1A,18.00,T1F,0,T2R,18.50,T2A,18.00,T2F,0,P1,4.707,P1V,2.215,P1F,0,P2,0.003,P2V,1.892,P2F,0,IgR,0
2025-09-03 20:35:16.818,T,366197,SR,144,SF,0,T1R,18.00,T1A,18.00,T1F,0,T2R,18.25,T2A,18.00,T2F,0,P1,4.676,P1V,2.210,P1F,0,P2,0.000,P2V,1.891,P2F,0,IgR,0
2025-09-03 20:35:17.044,T,366423,SR,144,SF,0,T1R,18.00,T1A,18.00,T1F,0,T2R,18.25,T2A,18.00,T2F,0,P1,4.697,P1V,2.214,P1F,0,P2,0.002,P2V,1.891,P2F,0,IgR,0
2025-09-03 20:35:17.270,T,366649,SR,144,SF,0,T1R,18.00,T1A,18.00,T1F,0,T2R,18.25,T2A,18.00,T2F,0,P1,4.702,P1V,2.215,P1F,0,P2,0.002,P2V,1.891,P2F,0,IgR,0
2025-09-03 20:35:17.497,T,366875,SR,144,SF,0,T1R,18.00,T1A,18.00,T1F,0,T2R,18.25,T2A,18.00,T2F,0,P1,4.692,P1V,2.213,P1F,0,P2,0.002,P2V,1.891,P2F,0,IgR,0
2025-09-03 20:35:17.723,T,367101,SR,144,SF,0,T1R,18.00,T1A,18.00,T1F,0,T2R,18.25,T2A,18.00,T2F,0,P1,4.682,P1V,2.211,P1F,0,P2,0.003,P2V,1.892,P2F,0,IgR,0
2025-09-03 20:35:17.948,T,367327,SR,144,SF,0,T1R,18.00,T1A,18.00,T1F,0,T2R,18.50,T2A,18.00,T2F,0,P1,4.712,P1V,2.216,P1F,0,P2,0.003,P2V,1.892,P2F,0,IgR,0
2025-09-03 20:35:18.174,T,367553,SR,144,SF,0,T1R,18.00,T1A,18.00,T1F,0,T2R,18.25,T2A,18.00,T2F,0,P1,4.692,P1V,2.213,P1F,0,P2,0.000,P2V,1.891,P2F,0,IgR,0
2025-09-03 20:35:18.400,T,367779,SR,144,SF,0,T1R,18.00,T1A,18.00,T1F,0,T2R,18.25,T2A,18.00,T2F,0,P1,4.671,P1V,2.210,P1F,0,P2,0.002,P2V,1.891,P2F,0,IgR,0
2025-09-03 20:35:18.626,T,368005,SR,144,SF,0,T1R,18.00,T1A,18.00,T1F,0,T2R,18.25,T2A,18.00,T2F,0,P1,4.712,P1V,2.216,P1F,0,P2,0.003,P2V,1.892,P2F,0,IgR,0
2025-09-03 20:35:18.852,T,368231,SR,144,SF,0,T1R,18.00,T1A,18.00,T1F,0,T2R,18.50,T2A,18.00,T2F,0,P1,4.692,P1V,2.213,P1F,0,P2,0.003,P2V,1.892,P2F,0,IgR,0
2025-09-03 20:35:19.078,T,368457,SR,144,SF,0,T1R,18.00,T1A,18.00,T1F,0,T2R,18.25,T2A,18.00,T2F,0,P1,4.676,P1V,2.210,P1F,0,P2,0.002,P2V,1.891,P2F,0,IgR,0
2025-09-03 20:35:19.304,T,368683,SR,144,SF,0,T1R,18.00,T1A,18.00,T1F,0,T2R,18.50,T2A,18.00,T2F,0,P1,4.697,P1V,2.214,P1F,0,P2,0.003,P2V,1.892,P2F,0,IgR,0
2025-09-03 20:35:19.531,T,368909,SR,144,SF,0,T1R,18.00,T1A,18.00,T1F,0,T2R,18.25,T2A,18.00,T2F,0,P1,4.697,P1V,2.214,P1F,0,P2,0.002,P2V,1.891,P2F,0,IgR,0
2025-09-03 20:35:19.760,T,369135,SR,144,SF,0,T1R,18.00,T1A,18.00,T1F,0,T2R,18.50,T2A,18.00,T2F,0,P1,4.682,P1V,2.211,P1F,0,P2,0.003,P2V,1.892,P2F,0,IgR,0
2025-09-03 20:35:19.984,T,369361,SR,144,SF,0,T1R,18.00,T1A,18.00,T1F,0,T2R,18.25,T2A,18.00,T2F,0,P1,4.676,P1V,2.210,P1F,0,P2,0.002,P2V,1.891,P2F,0,IgR,0
2025-09-03 20:35:20.207,T,369587,SR,144,SF,0,T1R,18.00,T1A,18.00,T1F,0,T2R,18.25,T2A,18.00,T2F,0,P1,4.702,P1V,2.215,P1F,0,P2,0.002,P2V,1.891,P2F,0,IgR,0
2025-09-03 20:35:20.434,T,369813,SR,144,SF,0,T1R,18.00,T1A,18.00,T1F,0,T2R,18.50,T2A,18.00,T2F,0,P1,4.682,P1V,2.211,P1F,0,P2,0.002,P2V,1.891,P2F,0,IgR,0
2025-09-03 20:35:20.660,T,370039,SR,144,SF,0,T1R,18.00,T1A,18.00,T1F,0,T2R,18.25,T2A,18.00,T2F,0,P1,4.656,P1V,2.207,P1F,0,P2,0.002,P2V,1.891,P2F,0,IgR,0
2025-09-03 20:35:20.886,T,370265,SR,144,SF,0,T1R,18.00,T1A,18.00,T1F,0,T2R,18.50,T2A,18.00,T2F,0,P1,4.702,P1V,2.215,P1F,0,P2,0.002,P2V,1.891,P2F,0,IgR,0
2025-09-03 20:35:21.112,T,370491,SR,144,SF,0,T1R,18.00,T1A,18.00,T1F,0,T2R,18.25,T2A,18.00,T2F,0,P1,4.697,P1V,2.214,P1F,0,P2,0.002,P2V,1.891,P2F,0,IgR,0
2025-09-03 20:35:21.338,T,370717,SR,144,SF,0,T1R,18.00,T1A,18.00,T1F,0,T2R,18.50,T2A,18.00,T2F,0,P1,4.671,P1V,2.210,P1F,0,P2,0.000,P2V,1.891,P2F,0,IgR,0
2025-09-03 20:35:21.564,T,370943,SR,144,SF,0,T1R,18.00,T1A,18.00,T1F,0,T2R,18.25,T2A,18.00,T2F,0,P1,4.682,P1V,2.211,P1F,0,P2,0.003,P2V,1.892,P2F,0,IgR,0
2025-09-03 20:35:21.791,T,371169,SR,144,SF,0,T1R,18.00,T1A,18.00,T1F,0,T2R,18.25,T2A,18.00,T2F,0,P1,4.697,P1V,2.214,P1F,0,P2,0.002,P2V,1.891,P2F,0,IgR,0
2025-09-03 20:35:22.016,T,371395,SR,144,SF,0,T1R,18.00,T1A,18.00,T1F,0,T2R,18.25,T2A,18.00,T2F,0,P1,4.682,P1V,2.211,P1F,0,P2,0.002,P2V,1.891,P2F,0,IgR,0
2025-09-03 20:35:22.242,T,371621,SR,144,SF,0,T1R,18.00,T1A,18.00,T1F,0,T2R,18.25,T2A,18.00,T2F,0,P1,4.666,P1V,2.209,P1F,0,P2,0.002,P2V,1.891,P2F,0,IgR,0
2025-09-03 20:35:22.468,T,371847,SR,144,SF,0,T1R,18.00,T1A,18.00,T1F,0,T2R,18.25,T2A,18.00,T2F,0,P1,4.702,P1V,2.215,P1F,0,P2,0.002,P2V,1.891,P2F,0,IgR,0
2025-09-03 20:35:22.694,T,372073,SR,144,SF,0,T1R,18.00,T1A,18.00,T1F,0,T2R,18.25,T2A,18.00,T2F,0,P1,4.682,P1V,2.211,P1F,0,P2,0.003,P2V,1.892,P2F,0,IgR,0
2025-09-03 20:35:22.920,T,372299,SR,144,SF,0,T1R,18.00,T1A,18.00,T1F,0,T2R,18.25,T2A,18.00,T2F,0,P1,4.656,P1V,2.207,P1F,0,P2,0.000,P2V,1.891,P2F,0,IgR,0
2025-09-03 20:35:23.147,T,372526,SR,144,SF,0,T1R,17.75,T1A,17.00,T1F,0,T2R,18.25,T2A,18.00,T2F,0,P1,4.697,P1V,2.214,P1F,0,P2,0.003,P2V,1.892,P2F,0,IgR,0
2025-09-03 20:35:23.373,T,372752,SR,144,SF,0,T1R,17.75,T1A,17.00,T1F,0,T2R,18.25,T2A,18.00,T2F,0,P1,4.671,P1V,2.210,P1F,0,P2,0.003,P2V,1.892,P2F,0,IgR,0
2025-09-03 20:35:23.599,T,372978,SR,144,SF,0,T1R,18.00,T1A,17.00,T1F,0,T2R,18.25,T2A,18.00,T2F,0,P1,4.661,P1V,2.208,P1F,0,P2,0.000,P2V,1.891,P2F,0,IgR,0
2025-09-03 20:35:23.826,T,373204,SR,144,SF,0,T1R,18.00,T1A,17.00,T1F,0,T2R,18.25,T2A,18.00,T2F,0,P1,4.687,P1V,2.212,P1F,0,P2,0.000,P2V,1.891,P2F,0,IgR,0
2025-09-03 20:35:24.052,T,373430,SR,144,SF,0,T1R,18.00,T1A,17.00,T1F,0,T2R,18.25,T2A,18.00,T2F,0,P1,4.687,P1V,2.212,P1F,0,P2,0.003,P2V,1.892,P2F,0,IgR,0
2025-09-03 20:35:24.278,T,373656,SR,144,SF,0,T1R,18.00,T1A,18.00,T1F,0,T2R,18.25,T2A,18.00,T2F,0,P1,4.671,P1V,2.210,P1F,0,P2,0.004,P2V,1.893,P2F,0,IgR,0
2025-09-03 20:35:24.503,T,373882,SR,144,SF,0,T1R,18.00,T1A,18.00,T1F,0,T2R,18.25,T2A,18.00,T2F,0,P1,4.666,P1V,2.209,P1F,0,P2,0.002,P2V,1.891,P2F,0,IgR,0
2025-09-03 20:35:24.729,T,374108,SR,144,SF,0,T1R,18.00,T1A,18.00,T1F,0,T2R,18.25,T2A,18.00,T2F,0,P1,4.697,P1V,2.214,P1F,0,P2,0.003,P2V,1.892,P2F,0,IgR,0
2025-09-03 20:35:24.955,T,374334,SR,144,SF,0,T1R,18.00,T1A,18.00,T1F,0,T2R,18.25,T2A,18.00,T2F,0,P1,4.682,P1V,2.211,P1F,0,P2,0.002,P2V,1.891,P2F,0,IgR,0
2025-09-03 20:35:25.182,T,374560,SR,144,SF,0,T1R,17.75,T1A,18.00,T1F,0,T2R,18.25,T2A,18.00,T2F,0,P1,4.656,P1V,2.207,P1F,0,P2,0.003,P2V,1.892,P2F,0,IgR,0
2025-09-03 20:35:25.408,T,374787,SR,144,SF,0,T1R,18.00,T1A,18.00,T1F,0,T2R,18.25,T2A,18.00,T2F,0,P1,4.697,P1V,2.214,P1F,0,P2,0.004,P2V,1.893,P2F,0,IgR,0
2025-09-03 20:35:25.633,T,375012,SR,144,SF,0,T1R,18.00,T1A,18.00,T1F,0,T2R,18.25,T2A,18.00,T2F,0,P1,4.687,P1V,2.212,P1F,0,P2,0.003,P2V,1.892,P2F,0,IgR,0
2025-09-03 20:35:25.859,T,375238,SR,144,SF,0,T1R,18.00,T1A,18.00,T1F,0,T2R,18.25,T2A,18.00,T2F,0,P1,4.661,P1V,2.208,P1F,0,P2,0.002,P2V,1.891,P2F,0,IgR,0
2025-09-03 20:35:26.087,T,375464,SR,144,SF,0,T1R,17.75,T1A,18.00,T1F,0,T2R,18.25,T2A,18.00,T2F,0,P1,4.682,P1V,2.211,P1F,0,P2,0.002,P2V,1.891,P2F,0,IgR,0
2025-09-03 20:35:26.311,T,375690,SR,144,SF,0,T1R,18.00,T1A,18.00,T1F,0,T2R,18.25,T2A,18.00,T2F,0,P1,4.687,P1V,2.212,P1F,0,P2,0.002,P2V,1.891,P2F,0,IgR,0
2025-09-03 20:35:26.538,T,375916,SR,144,SF,0,T1R,18.00,T1A,18.00,T1F,0,T2R,18.25,T2A,18.00,T2F,0,P1,4.671,P1V,2.210,P1F,0,P2,0.002,P2V,1.891,P2F,0,IgR,0
2025-09-03 20:35:26.764,T,376142,SR,144,SF,0,T1R,17.75,T1A,18.00,T1F,0,T2R,18.25,T2A,18.00,T2F,0,P1,4.661,P1V,2.208,P1F,0,P2,0.002,P2V,1.891,P2F,0,IgR,0
2025-09-03 20:35:26.990,T,376368,SR,144,SF,0,T1R,17.75,T1A,18.00,T1F,0,T2R,18.25,T2A,18.00,T2F,0,P1,4.692,P1V,2.213,P1F,0,P2,0.003,P2V,1.892,P2F,0,IgR,0
2025-09-03 20:35:27.215,T,376594,SR,144,SF,0,T1R,18.00,T1A,18.00,T1F,0,T2R,18.25,T2A,18.00,T2F,0,P1,4.676,P1V,2.210,P1F,0,P2,0.002,P2V,1.891,P2F,0,IgR,0
2025-09-03 20:35:27.441,T,376820,SR,144,SF,0,T1R,18.00,T1A,18.00,T1F,0,T2R,18.25,T2A,18.00,T2F,0,P1,4.656,P1V,2.207,P1F,0,P2,0.003,P2V,1.892,P2F,0,IgR,0
2025-09-03 20:35:27.667,T,377046,SR,144,SF,0,T1R,18.00,T1A,18.00,T1F,0,T2R,18.25,T2A,18.00,T2F,0,P1,4.692,P1V,2.213,P1F,0,P2,0.002,P2V,1.891,P2F,0,IgR,0
2025-09-03 20:35:27.893,T,377272,SR,144,SF,0,T1R,18.00,T1A,18.00,T1F,0,T2R,18.25,T2A,18.00,T2F,0,P1,4.676,P1V,2.210,P1F,0,P2,0.002,P2V,1.891,P2F,0,IgR,0
2025-09-03 20:35:28.119,T,377498,SR,144,SF,0,T1R,18.00,T1A,18.00,T1F,0,T2R,18.25,T2A,18.00,T2F,0,P1,4.661,P1V,2.208,P1F,0,P2,0.002,P2V,1.891,P2F,0,IgR,0
2025-09-03 20:35:28.345,T,377724,SR,144,SF,0,T1R,17.75,T1A,18.00,T1F,0,T2R,18.25,T2A,18.00,T2F,0,P1,4.666,P1V,2.209,P1F,0,P2,0.003,P2V,1.892,P2F,0,IgR,0
2025-09-03 20:35:28.571,T,377950,SR,144,SF,0,T1R,17.75,T1A,18.00,T1F,0,T2R,18.00,T2A,18.00,T2F,0,P1,4.676,P1V,2.210,P1F,0,P2,0.002,P2V,1.891,P2F,0,IgR,0
2025-09-03 20:35:28.798,T,378176,SR,144,SF,0,T1R,17.75,T1A,17.00,T1F,0,T2R,18.25,T2A,18.00,T2F,0,P1,4.661,P1V,2.208,P1F,0,P2,0.003,P2V,1.892,P2F,0,IgR,0
2025-09-03 20:35:29.025,T,378402,SR,144,SF,0,T1R,18.00,T1A,17.00,T1F,0,T2R,18.25,T2A,18.00,T2F,0,P1,4.661,P1V,2.208,P1F,0,P2,0.002,P2V,1.891,P2F,0,IgR,0
2025-09-03 20:35:29.251,T,378628,SR,144,SF,0,T1R,17.75,T1A,17.00,T1F,0,T2R,18.25,T2A,18.00,T2F,0,P1,4.707,P1V,2.215,P1F,0,P2,0.006,P2V,1.894,P2F,0,IgR,0
2025-09-03 20:35:29.476,T,378855,SR,144,SF,0,T1R,17.75,T1A,17.00,T1F,0,T2R,18.25,T2A,18.00,T2F,0,P1,4.671,P1V,2.210,P1F,0,P2,0.003,P2V,1.892,P2F,0,IgR,0
2025-09-03 20:35:29.702,T,379081,SR,144,SF,0,T1R,17.75,T1A,17.00,T1F,0,T2R,18.25,T2A,18.00,T2F,0,P1,4.646,P1V,2.206,P1F,0,P2,0.002,P2V,1.891,P2F,0,IgR,0
2025-09-03 20:35:29.929,T,379308,SR,144,SF,0,T1R,17.75,T1A,17.00,T1F,0,T2R,18.25,T2A,18.00,T2F,0,P1,4.692,P1V,2.213,P1F,0,P2,0.002,P2V,1.891,P2F,0,IgR,0
2025-09-03 20:35:30.156,T,379534,SR,144,SF,0,T1R,17.75,T1A,17.00,T1F,0,T2R,18.00,T2A,18.00,T2F,0,P1,4.671,P1V,2.210,P1F,0,P2,0.003,P2V,1.892,P2F,0,IgR,0
2025-09-03 20:35:30.381,T,379760,SR,144,SF,0,T1R,17.75,T1A,17.00,T1F,0,T2R,18.25,T2A,18.00,T2F,0,P1,4.646,P1V,2.206,P1F,0,P2,0.002,P2V,1.891,P2F,0,IgR,0
2025-09-03 20:35:30.607,T,379986,SR,144,SF,0,T1R,18.00,T1A,17.00,T1F,0,T2R,18.25,T2A,18.00,T2F,0,P1,4.692,P1V,2.213,P1F,0,P2,0.002,P2V,1.891,P2F,0,IgR,0
2025-09-03 20:35:30.833,T,380212,SR,144,SF,0,T1R,17.75,T1A,17.00,T1F,0,T2R,18.25,T2A,18.00,T2F,0,P1,4.682,P1V,2.211,P1F,0,P2,0.003,P2V,1.892,P2F,0,IgR,0
2025-09-03 20:35:31.060,T,380438,SR,144,SF,0,T1R,17.75,T1A,17.00,T1F,0,T2R,18.25,T2A,18.00,T2F,0,P1,4.666,P1V,2.209,P1F,0,P2,0.002,P2V,1.891,P2F,0,IgR,0
2025-09-03 20:35:31.286,T,380665,SR,144,SF,0,T1R,17.75,T1A,17.00,T1F,0,T2R,18.25,T2A,18.00,T2F,0,P1,4.671,P1V,2.210,P1F,0,P2,0.002,P2V,1.891,P2F,0,IgR,0
2025-09-03 20:35:31.512,T,380891,SR,144,SF,0,T1R,18.00,T1A,17.00,T1F,0,T2R,18.25,T2A,18.00,T2F,0,P1,4.671,P1V,2.210,P1F,0,P2,0.003,P2V,1.892,P2F,0,IgR,0
2025-09-03 20:35:31.738,T,381117,SR,144,SF,0,T1R,17.75,T1A,17.00,T1F,0,T2R,18.25,T2A,18.00,T2F,0,P1,4.661,P1V,2.208,P1F,0,P2,0.002,P2V,1.891,P2F,0,IgR,0
2025-09-03 20:35:31.965,T,381343,SR,144,SF,0,T1R,17.75,T1A,17.00,T1F,0,T2R,18.25,T2A,18.00,T2F,0,P1,4.661,P1V,2.208,P1F,0,P2,0.002,P2V,1.891,P2F,0,IgR,0
2025-09-03 20:35:32.191,T,381569,SR,144,SF,0,T1R,17.75,T1A,17.00,T1F,0,T2R,18.25,T2A,18.00,T2F,0,P1,4.687,P1V,2.212,P1F,0,P2,0.000,P2V,1.891,P2F,0,IgR,0
2025-09-03 20:35:32.416,T,381795,SR,144,SF,0,T1R,17.75,T1A,17.00,T1F,0,T2R,18.25,T2A,18.00,T2F,0,P1,4.671,P1V,2.210,P1F,0,P2,0.002,P2V,1.891,P2F,0,IgR,0
2025-09-03 20:35:32.642,T,382021,SR,144,SF,0,T1R,18.00,T1A,17.00,T1F,0,T2R,18.25,T2A,18.00,T2F,0,P1,4.651,P1V,2.206,P1F,0,P2,0.003,P2V,1.892,P2F,0,IgR,0
2025-09-03 20:35:32.868,T,382247,SR,144,SF,0,T1R,17.75,T1A,17.00,T1F,0,T2R,18.25,T2A,18.00,T2F,0,P1,4.687,P1V,2.212,P1F,0,P2,0.002,P2V,1.891,P2F,0,IgR,0
2025-09-03 20:35:33.095,T,382474,SR,144,SF,0,T1R,17.75,T1A,17.00,T1F,0,T2R,18.25,T2A,18.00,T2F,0,P1,4.661,P1V,2.208,P1F,0,P2,0.003,P2V,1.892,P2F,0,IgR,0
2025-09-03 20:35:33.321,T,382701,SR,144,SF,0,T1R,17.75,T1A,17.00,T1F,0,T2R,18.25,T2A,18.00,T2F,0,P1,4.641,P1V,2.205,P1F,0,P2,0.003,P2V,1.892,P2F,0,IgR,0
2025-09-03 20:35:33.548,T,382927,SR,144,SF,0,T1R,17.75,T1A,17.00,T1F,0,T2R,18.25,T2A,18.00,T2F,0,P1,4.682,P1V,2.211,P1F,0,P2,0.004,P2V,1.893,P2F,0,IgR,0
2025-09-03 20:35:33.775,T,383154,SR,144,SF,0,T1R,17.75,T1A,17.00,T1F,0,T2R,18.25,T2A,18.00,T2F,0,P1,4.671,P1V,2.210,P1F,0,P2,0.003,P2V,1.892,P2F,0,IgR,0
2025-09-03 20:35:34.001,T,383380,SR,144,SF,0,T1R,17.75,T1A,17.00,T1F,0,T2R,18.25,T2A,18.00,T2F,0,P1,4.646,P1V,2.206,P1F,0,P2,0.003,P2V,1.892,P2F,0,IgR,0
2025-09-03 20:35:34.227,T,383606,SR,144,SF,0,T1R,17.75,T1A,17.00,T1F,0,T2R,18.25,T2A,18.00,T2F,0,P1,4.666,P1V,2.209,P1F,0,P2,0.002,P2V,1.891,P2F,0,IgR,0
2025-09-03 20:35:34.453,T,383832,SR,144,SF,0,T1R,17.75,T1A,17.00,T1F,0,T2R,18.25,T2A,18.00,T2F,0,P1,4.671,P1V,2.210,P1F,0,P2,0.003,P2V,1.892,P2F,0,IgR,0
2025-09-03 20:35:34.679,T,384058,SR,144,SF,0,T1R,17.75,T1A,17.00,T1F,0,T2R,18.25,T2A,18.00,T2F,0,P1,4.656,P1V,2.207,P1F,0,P2,0.002,P2V,1.891,P2F,0,IgR,0
2025-09-03 20:35:34.904,T,384284,SR,144,SF,0,T1R,17.75,T1A,17.00,T1F,0,T2R,18.00,T2A,18.00,T2F,0,P1,4.661,P1V,2.208,P1F,0,P2,0.000,P2V,1.891,P2F,0,IgR,0
2025-09-03 20:35:35.132,T,384510,SR,144,SF,0,T1R,17.75,T1A,17.00,T1F,0,T2R,18.25,T2A,18.00,T2F,0,P1,4.676,P1V,2.210,P1F,0,P2,0.000,P2V,1.891,P2F,0,IgR,0
2025-09-03 20:35:35.357,T,384736,SR,144,SF,0,T1R,17.75,T1A,17.00,T1F,0,T2R,18.00,T2A,18.00,T2F,0,P1,4.666,P1V,2.209,P1F,0,P2,0.000,P2V,1.891,P2F,0,IgR,0
2025-09-03 20:35:35.583,T,384962,SR,144,SF,0,T1R,17.75,T1A,17.00,T1F,0,T2R,18.25,T2A,18.00,T2F,0,P1,4.646,P1V,2.206,P1F,0,P2,0.002,P2V,1.891,P2F,0,IgR,0
2025-09-03 20:35:35.809,T,385188,SR,144,SF,0,T1R,17.75,T1A,17.00,T1F,0,T2R,18.25,T2A,18.00,T2F,0,P1,4.687,P1V,2.212,P1F,0,P2,0.004,P2V,1.893,P2F,0,IgR,0
2025-09-03 20:35:36.036,T,385415,SR,144,SF,0,T1R,17.75,T1A,17.00,T1F,0,T2R,18.00,T2A,18.00,T2F,0,P1,4.671,P1V,2.210,P1F,0,P2,0.003,P2V,1.892,P2F,0,IgR,0
2025-09-03 20:35:36.262,T,385641,SR,144,SF,0,T1R,17.75,T1A,17.00,T1F,0,T2R,18.00,T2A,18.00,T2F,0,P1,4.631,P1V,2.203,P1F,0,P2,0.002,P2V,1.891,P2F,0,IgR,0
2025-09-03 20:35:36.488,T,385867,SR,144,SF,0,T1R,17.75,T1A,17.00,T1F,0,T2R,18.00,T2A,18.00,T2F,0,P1,4.682,P1V,2.211,P1F,0,P2,0.003,P2V,1.892,P2F,0,IgR,0
2025-09-03 20:35:36.714,T,386093,SR,144,SF,0,T1R,17.75,T1A,17.00,T1F,0,T2R,18.00,T2A,18.00,T2F,0,P1,4.666,P1V,2.209,P1F,0,P2,0.004,P2V,1.893,P2F,0,IgR,0
2025-09-03 20:35:36.940,T,386319,SR,144,SF,0,T1R,17.75,T1A,17.00,T1F,0,T2R,18.25,T2A,18.00,T2F,0,P1,4.656,P1V,2.207,P1F,0,P2,0.002,P2V,1.891,P2F,0,IgR,0
2025-09-03 20:35:37.165,T,386545,SR,144,SF,0,T1R,17.75,T1A,17.00,T1F,0,T2R,18.00,T2A,18.00,T2F,0,P1,4.656,P1V,2.207,P1F,0,P2,0.002,P2V,1.891,P2F,0,IgR,0
2025-09-03 20:35:37.392,T,386771,SR,144,SF,0,T1R,17.75,T1A,17.00,T1F,0,T2R,18.25,T2A,18.00,T2F,0,P1,4.676,P1V,2.210,P1F,0,P2,0.003,P2V,1.892,P2F,0,IgR,0
2025-09-03 20:35:37.617,T,386997,SR,144,SF,0,T1R,17.75,T1A,17.00,T1F,0,T2R,18.25,T2A,18.00,T2F,0,P1,4.661,P1V,2.208,P1F,0,P2,0.003,P2V,1.892,P2F,0,IgR,0
2025-09-03 20:35:37.844,T,387224,SR,144,SF,0,T1R,17.75,T1A,17.00,T1F,0,T2R,18.25,T2A,18.00,T2F,0,P1,4.646,P1V,2.206,P1F,0,P2,0.003,P2V,1.892,P2F,0,IgR,0
2025-09-03 20:35:38.071,T,387450,SR,144,SF,0,T1R,17.75,T1A,17.00,T1F,0,T2R,18.25,T2A,18.00,T2F,0,P1,4.676,P1V,2.210,P1F,0,P2,0.002,P2V,1.891,P2F,0,IgR,0
2025-09-03 20:35:38.297,T,387676,SR,144,SF,0,T1R,17.75,T1A,17.00,T1F,0,T2R,18.25,T2A,18.00,T2F,0,P1,4.661,P1V,2.208,P1F,0,P2,0.002,P2V,1.891,P2F,0,IgR,0
2025-09-03 20:35:38.528,T,387902,SR,144,SF,0,T1R,17.75,T1A,17.00,T1F,0,T2R,18.00,T2A,18.00,T2F,0,P1,4.641,P1V,2.205,P1F,0,P2,0.003,P2V,1.892,P2F,0,IgR,0
2025-09-03 20:35:38.749,T,388128,SR,144,SF,0,T1R,17.75,T1A,17.00,T1F,0,T2R,18.00,T2A,18.00,T2F,0,P1,4.682,P1V,2.211,P1F,0,P2,0.003,P2V,1.892,P2F,0,IgR,0
2025-09-03 20:35:38.976,T,388354,SR,144,SF,0,T1R,17.75,T1A,17.00,T1F,0,T2R,18.00,T2A,18.00,T2F,0,P1,4.656,P1V,2.207,P1F,0,P2,0.000,P2V,1.891,P2F,0,IgR,0
2025-09-03 20:35:39.201,T,388580,SR,144,SF,0,T1R,17.75,T1A,17.00,T1F,0,T2R,18.25,T2A,18.00,T2F,0,P1,4.641,P1V,2.205,P1F,0,P2,0.002,P2V,1.891,P2F,0,IgR,0
2025-09-03 20:35:39.427,T,388806,SR,144,SF,0,T1R,17.75,T1A,17.00,T1F,0,T2R,18.25,T2A,18.00,T2F,0,P1,4.666,P1V,2.209,P1F,0,P2,0.002,P2V,1.891,P2F,0,IgR,0
2025-09-03 20:35:39.653,T,389032,SR,144,SF,0,T1R,17.75,T1A,17.00,T1F,0,T2R,18.00,T2A,18.00,T2F,0,P1,4.671,P1V,2.210,P1F,0,P2,0.002,P2V,1.891,P2F,0,IgR,0
2025-09-03 20:35:39.879,T,389258,SR,144,SF,0,T1R,17.75,T1A,17.00,T1F,0,T2R,18.00,T2A,18.00,T2F,0,P1,4.656,P1V,2.207,P1F,0,P2,0.002,P2V,1.891,P2F,0,IgR,0
2025-09-03 20:35:40.105,T,389484,SR,144,SF,0,T1R,17.75,T1A,17.00,T1F,0,T2R,18.00,T2A,18.00,T2F,0,P1,4.646,P1V,2.206,P1F,0,P2,0.002,P2V,1.891,P2F,0,IgR,0
2025-09-03 20:35:40.331,T,389710,SR,144,SF,0,T1R,17.75,T1A,17.00,T1F,0,T2R,18.00,T2A,18.00,T2F,0,P1,4.682,P1V,2.211,P1F,0,P2,0.003,P2V,1.892,P2F,0,IgR,0
2025-09-03 20:35:40.558,T,389936,SR,144,SF,0,T1R,17.75,T1A,17.00,T1F,0,T2R,18.00,T2A,18.00,T2F,0,P1,4.661,P1V,2.208,P1F,0,P2,0.003,P2V,1.892,P2F,0,IgR,0
2025-09-03 20:35:40.783,T,390162,SR,144,SF,0,T1R,17.75,T1A,17.00,T1F,0,T2R,18.25,T2A,18.00,T2F,0,P1,4.631,P1V,2.203,P1F,0,P2,0.002,P2V,1.891,P2F,0,IgR,0
2025-09-03 20:35:41.009,T,390388,SR,144,SF,0,T1R,17.75,T1A,17.00,T1F,0,T2R,18.25,T2A,18.00,T2F,0,P1,4.676,P1V,2.210,P1F,0,P2,0.002,P2V,1.891,P2F,0,IgR,0
2025-09-03 20:35:41.235,T,390615,SR,144,SF,0,T1R,17.75,T1A,17.00,T1F,0,T2R,18.00,T2A,18.00,T2F,0,P1,4.656,P1V,2.207,P1F,0,P2,0.003,P2V,1.892,P2F,0,IgR,0
2025-09-03 20:35:41.460,T,390840,SR,144,SF,0,T1R,17.75,T1A,17.00,T1F,0,T2R,18.00,T2A,18.00,T2F,0,P1,4.646,P1V,2.206,P1F,0,P2,0.002,P2V,1.891,P2F,0,IgR,0
2025-09-03 20:35:41.686,T,391066,SR,144,SF,0,T1R,17.75,T1A,17.00,T1F,0,T2R,18.00,T2A,18.00,T2F,0,P1,4.656,P1V,2.207,P1F,0,P2,0.002,P2V,1.891,P2F,0,IgR,0
2025-09-03 20:35:41.912,T,391292,SR,144,SF,0,T1R,17.75,T1A,17.00,T1F,0,T2R,18.00,T2A,18.00,T2F,0,P1,4.666,P1V,2.209,P1F,0,P2,0.004,P2V,1.893,P2F,0,IgR,0
2025-09-03 20:35:42.138,T,391518,SR,144,SF,0,T1R,17.75,T1A,17.00,T1F,0,T2R,18.00,T2A,18.00,T2F,0,P1,4.651,P1V,2.206,P1F,0,P2,0.000,P2V,1.891,P2F,0,IgR,0
2025-09-03 20:35:42.365,T,391744,SR,144,SF,0,T1R,17.50,T1A,17.00,T1F,0,T2R,18.00,T2A,18.00,T2F,0,P1,4.641,P1V,2.205,P1F,0,P2,0.003,P2V,1.892,P2F,0,IgR,0
2025-09-03 20:35:42.591,T,391970,SR,144,SF,0,T1R,17.50,T1A,17.00,T1F,0,T2R,18.00,T2A,18.00,T2F,0,P1,4.687,P1V,2.212,P1F,0,P2,0.003,P2V,1.892,P2F,0,IgR,0
2025-09-03 20:35:42.817,T,392196,SR,144,SF,0,T1R,17.75,T1A,17.00,T1F,0,T2R,18.00,T2A,18.00,T2F,0,P1,4.656,P1V,2.207,P1F,0,P2,0.003,P2V,1.892,P2F,0,IgR,0
2025-09-03 20:35:43.043,T,392422,SR,144,SF,0,T1R,17.75,T1A,17.00,T1F,0,T2R,18.00,T2A,18.00,T2F,0,P1,4.626,P1V,2.202,P1F,0,P2,-0.001,P2V,1.890,P2F,0,IgR,0
2025-09-03 20:35:43.268,T,392648,SR,144,SF,0,T1R,17.50,T1A,17.00,T1F,0,T2R,18.00,T2A,18.00,T2F,0,P1,4.671,P1V,2.210,P1F,0,P2,0.003,P2V,1.892,P2F,0,IgR,0
2025-09-03 20:35:43.495,T,392874,SR,144,SF,0,T1R,17.75,T1A,17.00,T1F,0,T2R,18.00,T2A,18.00,T2F,0,P1,4.656,P1V,2.207,P1F,0,P2,0.003,P2V,1.892,P2F,0,IgR,0
2025-09-03 20:35:43.720,T,393100,SR,144,SF,0,T1R,17.50,T1A,17.00,T1F,0,T2R,18.00,T2A,18.00,T2F,0,P1,4.641,P1V,2.205,P1F,0,P2,0.003,P2V,1.892,P2F,0,IgR,0
2025-09-03 20:35:43.946,T,393326,SR,144,SF,0,T1R,17.75,T1A,17.00,T1F,0,T2R,18.00,T2A,18.00,T2F,0,P1,4.641,P1V,2.205,P1F,0,P2,0.003,P2V,1.892,P2F,0,IgR,0
2025-09-03 20:35:44.173,T,393552,SR,144,SF,0,T1R,17.75,T1A,17.00,T1F,0,T2R,18.00,T2A,18.00,T2F,0,P1,4.661,P1V,2.208,P1F,0,P2,0.000,P2V,1.891,P2F,0,IgR,0
2025-09-03 20:35:44.398,T,393778,SR,144,SF,0,T1R,17.75,T1A,17.00,T1F,0,T2R,18.00,T2A,18.00,T2F,0,P1,4.646,P1V,2.206,P1F,0,P2,0.000,P2V,1.891,P2F,0,IgR,0
2025-09-03 20:35:44.625,T,394004,SR,144,SF,0,T1R,17.75,T1A,17.00,T1F,0,T2R,18.00,T2A,18.00,T2F,0,P1,4.641,P1V,2.205,P1F,0,P2,0.003,P2V,1.892,P2F,0,IgR,0
2025-09-03 20:35:44.851,T,394230,SR,144,SF,0,T1R,17.50,T1A,17.00,T1F,0,T2R,18.00,T2A,18.00,T2F,0,P1,4.697,P1V,2.214,P1F,0,P2,0.004,P2V,1.893,P2F,0,IgR,0
2025-09-03 20:35:45.077,T,394456,SR,144,SF,0,T1R,17.75,T1A,17.00,T1F,0,T2R,18.00,T2A,18.00,T2F,0,P1,4.656,P1V,2.207,P1F,0,P2,0.002,P2V,1.891,P2F,0,IgR,0
2025-09-03 20:35:45.303,T,394682,SR,144,SF,0,T1R,17.75,T1A,17.00,T1F,0,T2R,18.00,T2A,18.00,T2F,0,P1,4.621,P1V,2.202,P1F,0,P2,0.002,P2V,1.891,P2F,0,IgR,0
2025-09-03 20:35:45.529,T,394908,SR,144,SF,0,T1R,17.50,T1A,17.00,T1F,0,T2R,18.25,T2A,18.00,T2F,0,P1,4.656,P1V,2.207,P1F,0,P2,0.003,P2V,1.892,P2F,0,IgR,0
2025-09-03 20:35:45.754,T,395134,SR,144,SF,0,T1R,17.75,T1A,17.00,T1F,0,T2R,18.00,T2A,18.00,T2F,0,P1,4.656,P1V,2.207,P1F,0,P2,0.004,P2V,1.893,P2F,0,IgR,0
2025-09-03 20:35:45.980,T,395360,SR,144,SF,0,T1R,17.75,T1A,17.00,T1F,0,T2R,18.00,T2A,18.00,T2F,0,P1,4.641,P1V,2.205,P1F,0,P2,0.002,P2V,1.891,P2F,0,IgR,0
2025-09-03 20:35:46.206,T,395586,SR,144,SF,0,T1R,17.75,T1A,17.00,T1F,0,T2R,18.25,T2A,18.00,T2F,0,P1,4.636,P1V,2.204,P1F,0,P2,0.003,P2V,1.892,P2F,0,IgR,0
2025-09-03 20:35:46.433,T,395812,SR,144,SF,0,T1R,17.75,T1A,17.00,T1F,0,T2R,18.00,T2A,18.00,T2F,0,P1,4.661,P1V,2.208,P1F,0,P2,0.003,P2V,1.892,P2F,0,IgR,0
2025-09-03 20:35:46.659,T,396038,SR,144,SF,0,T1R,17.75,T1A,17.00,T1F,0,T2R,18.00,T2A,18.00,T2F,0,P1,4.651,P1V,2.206,P1F,0,P2,0.002,P2V,1.891,P2F,0,IgR,0
2025-09-03 20:35:46.885,T,396264,SR,144,SF,0,T1R,17.75,T1A,17.00,T1F,0,T2R,18.00,T2A,18.00,T2F,0,P1,4.621,P1V,2.202,P1F,0,P2,0.003,P2V,1.892,P2F,0,IgR,0
2025-09-03 20:35:47.111,T,396490,SR,144,SF,0,T1R,17.50,T1A,17.00,T1F,0,T2R,18.00,T2A,18.00,T2F,0,P1,4.671,P1V,2.210,P1F,0,P2,0.003,P2V,1.892,P2F,0,IgR,0
2025-09-03 20:35:47.337,T,396716,SR,144,SF,0,T1R,17.75,T1A,17.00,T1F,0,T2R,18.00,T2A,18.00,T2F,0,P1,4.651,P1V,2.206,P1F,0,P2,0.002,P2V,1.891,P2F,0,IgR,0
2025-09-03 20:35:47.563,T,396942,SR,144,SF,0,T1R,17.75,T1A,17.00,T1F,0,T2R,18.00,T2A,18.00,T2F,0,P1,4.636,P1V,2.204,P1F,0,P2,0.003,P2V,1.892,P2F,0,IgR,0
2025-09-03 20:35:47.788,T,397168,SR,144,SF,0,T1R,17.50,T1A,17.00,T1F,0,T2R,18.00,T2A,18.00,T2F,0,P1,4.646,P1V,2.206,P1F,0,P2,0.000,P2V,1.891,P2F,0,IgR,0
2025-09-03 20:35:48.014,T,397394,SR,144,SF,0,T1R,17.50,T1A,17.00,T1F,0,T2R,18.00,T2A,18.00,T2F,0,P1,4.651,P1V,2.206,P1F,0,P2,0.003,P2V,1.892,P2F,0,IgR,0
2025-09-03 20:35:48.240,T,397620,SR,144,SF,0,T1R,17.75,T1A,17.00,T1F,0,T2R,18.00,T2A,18.00,T2F,0,P1,4.641,P1V,2.205,P1F,0,P2,0.003,P2V,1.892,P2F,0,IgR,0
2025-09-03 20:35:48.466,T,397846,SR,144,SF,0,T1R,17.75,T1A,17.00,T1F,0,T2R,18.00,T2A,18.00,T2F,0,P1,4.631,P1V,2.203,P1F,0,P2,0.000,P2V,1.891,P2F,0,IgR,0
2025-09-03 20:35:48.693,T,398072,SR,144,SF,0,T1R,17.75,T1A,17.00,T1F,0,T2R,18.00,T2A,18.00,T2F,0,P1,4.676,P1V,2.210,P1F,0,P2,0.004,P2V,1.893,P2F,0,IgR,0
2025-09-03 20:35:48.920,T,398298,SR,144,SF,0,T1R,17.50,T1A,17.00,T1F,0,T2R,18.00,T2A,18.00,T2F,0,P1,4.646,P1V,2.206,P1F,0,P2,0.003,P2V,1.892,P2F,0,IgR,0
2025-09-03 20:35:49.145,T,398524,SR,144,SF,0,T1R,17.75,T1A,17.00,T1F,0,T2R,18.25,T2A,18.00,T2F,0,P1,4.616,P1V,2.201,P1F,0,P2,0.002,P2V,1.891,P2F,0,IgR,0
2025-09-03 20:35:49.372,T,398751,SR,144,SF,0,T1R,17.75,T1A,17.00,T1F,0,T2R,18.00,T2A,18.00,T2F,0,P1,4.661,P1V,2.208,P1F,0,P2,0.002,P2V,1.891,P2F,0,IgR,0
2025-09-03 20:35:49.597,T,398977,SR,144,SF,0,T1R,17.50,T1A,17.00,T1F,0,T2R,18.00,T2A,18.00,T2F,0,P1,4.641,P1V,2.205,P1F,0,P2,0.003,P2V,1.892,P2F,0,IgR,0
2025-09-03 20:35:49.824,T,399203,SR,144,SF,0,T1R,17.50,T1A,17.00,T1F,0,T2R,18.25,T2A,18.00,T2F,0,P1,4.621,P1V,2.202,P1F,0,P2,0.004,P2V,1.893,P2F,0,IgR,0
2025-09-03 20:35:50.049,T,399429,SR,144,SF,0,T1R,17.50,T1A,17.00,T1F,0,T2R,18.00,T2A,18.00,T2F,0,P1,4.641,P1V,2.205,P1F,0,P2,0.002,P2V,1.891,P2F,0,IgR,0
2025-09-03 20:35:50.275,T,399655,SR,144,SF,0,T1R,17.75,T1A,17.00,T1F,0,T2R,18.00,T2A,18.00,T2F,0,P1,4.636,P1V,2.204,P1F,0,P2,0.000,P2V,1.891,P2F,0,IgR,0
2025-09-03 20:35:50.502,T,399881,SR,144,SF,0,T1R,17.50,T1A,17.00,T1F,0,T2R,18.00,T2A,18.00,T2F,0,P1,4.626,P1V,2.202,P1F,0,P2,0.002,P2V,1.891,P2F,0,IgR,0
2025-09-03 20:35:50.727,T,400107,SR,144,SF,0,T1R,17.50,T1A,17.00,T1F,0,T2R,18.00,T2A,18.00,T2F,0,P1,4.626,P1V,2.202,P1F,0,P2,0.003,P2V,1.892,P2F,0,IgR,0
2025-09-03 20:35:50.954,T,400333,SR,144,SF,0,T1R,17.50,T1A,17.00,T1F,0,T2R,18.00,T2A,18.00,T2F,0,P1,4.661,P1V,2.208,P1F,0,P2,0.002,P2V,1.891,P2F,0,IgR,0
2025-09-03 20:35:51.180,T,400559,SR,144,SF,0,T1R,17.50,T1A,17.00,T1F,0,T2R,18.00,T2A,18.00,T2F,0,P1,4.646,P1V,2.206,P1F,0,P2,0.003,P2V,1.892,P2F,0,IgR,0
2025-09-03 20:35:51.406,T,400785,SR,144,SF,0,T1R,17.75,T1A,17.00,T1F,0,T2R,18.00,T2A,18.00,T2F,0,P1,4.611,P1V,2.200,P1F,0,P2,0.002,P2V,1.891,P2F,0,IgR,0
2025-09-03 20:35:51.633,T,401011,SR,144,SF,0,T1R,17.75,T1A,17.00,T1F,0,T2R,18.00,T2A,18.00,T2F,0,P1,4.666,P1V,2.209,P1F,0,P2,0.002,P2V,1.891,P2F,0,IgR,0
2025-09-03 20:35:51.857,T,401237,SR,144,SF,0,T1R,17.50,T1A,17.00,T1F,0,T2R,18.00,T2A,18.00,T2F,0,P1,4.641,P1V,2.205,P1F,0,P2,0.002,P2V,1.891,P2F,0,IgR,0
2025-09-03 20:35:52.084,T,401463,SR,144,SF,0,T1R,17.50,T1A,17.00,T1F,0,T2R,18.00,T2A,18.00,T2F,0,P1,4.626,P1V,2.202,P1F,0,P2,0.002,P2V,1.891,P2F,0,IgR,0
2025-09-03 20:35:52.310,T,401689,SR,144,SF,0,T1R,17.50,T1A,17.00,T1F,0,T2R,18.00,T2A,18.00,T2F,0,P1,4.636,P1V,2.204,P1F,0,P2,0.003,P2V,1.892,P2F,0,IgR,0
2025-09-03 20:35:52.535,T,401915,SR,144,SF,0,T1R,17.50,T1A,17.00,T1F,0,T2R,18.00,T2A,18.00,T2F,0,P1,4.651,P1V,2.206,P1F,0,P2,0.003,P2V,1.892,P2F,0,IgR,0
2025-09-03 20:35:52.762,T,402141,SR,144,SF,0,T1R,17.50,T1A,17.00,T1F,0,T2R,18.00,T2A,18.00,T2F,0,P1,4.631,P1V,2.203,P1F,0,P2,0.002,P2V,1.891,P2F,0,IgR,0
2025-09-03 20:35:52.988,T,402367,SR,144,SF,0,T1R,17.50,T1A,17.00,T1F,0,T2R,18.00,T2A,18.00,T2F,0,P1,4.621,P1V,2.202,P1F,0,P2,0.002,P2V,1.891,P2F,0,IgR,0
2025-09-03 20:35:53.213,T,402593,SR,144,SF,0,T1R,17.50,T1A,17.00,T1F,0,T2R,18.00,T2A,18.00,T2F,0,P1,4.661,P1V,2.208,P1F,0,P2,0.004,P2V,1.893,P2F,0,IgR,0
2025-09-03 20:35:53.440,T,402819,SR,144,SF,0,T1R,17.50,T1A,17.00,T1F,0,T2R,18.00,T2A,18.00,T2F,0,P1,4.636,P1V,2.204,P1F,0,P2,0.002,P2V,1.891,P2F,0,IgR,0
2025-09-03 20:35:53.666,T,403045,SR,144,SF,0,T1R,17.50,T1A,17.00,T1F,0,T2R,18.00,T2A,18.00,T2F,0,P1,4.616,P1V,2.201,P1F,0,P2,0.003,P2V,1.892,P2F,0,IgR,0
2025-09-03 20:35:53.891,T,403271,SR,144,SF,0,T1R,17.50,T1A,17.00,T1F,0,T2R,18.00,T2A,18.00,T2F,0,P1,4.651,P1V,2.206,P1F,0,P2,0.003,P2V,1.892,P2F,0,IgR,0
2025-09-03 20:35:54.117,T,403497,SR,144,SF,0,T1R,17.50,T1A,17.00,T1F,0,T2R,18.00,T2A,18.00,T2F,0,P1,4.641,P1V,2.205,P1F,0,P2,0.003,P2V,1.892,P2F,0,IgR,0
2025-09-03 20:35:54.343,T,403723,SR,144,SF,0,T1R,17.50,T1A,17.00,T1F,0,T2R,18.00,T2A,18.00,T2F,0,P1,4.631,P1V,2.203,P1F,0,P2,0.003,P2V,1.892,P2F,0,IgR,0
2025-09-03 20:35:54.569,T,403949,SR,144,SF,0,T1R,17.50,T1A,17.00,T1F,0,T2R,18.00,T2A,18.00,T2F,0,P1,4.641,P1V,2.205,P1F,0,P2,0.000,P2V,1.891,P2F,0,IgR,0
2025-09-03 20:35:54.795,T,404175,SR,144,SF,0,T1R,17.50,T1A,17.00,T1F,0,T2R,18.00,T2A,18.00,T2F,0,P1,4.646,P1V,2.206,P1F,0,P2,0.002,P2V,1.891,P2F,0,IgR,0
2025-09-03 20:35:55.021,T,404401,SR,144,SF,0,T1R,17.50,T1A,17.00,T1F,0,T2R,18.00,T2A,18.00,T2F,0,P1,4.631,P1V,2.203,P1F,0,P2,0.003,P2V,1.892,P2F,0,IgR,0
2025-09-03 20:35:55.248,T,404627,SR,144,SF,0,T1R,17.50,T1A,17.00,T1F,0,T2R,17.75,T2A,18.00,T2F,0,P1,4.621,P1V,2.202,P1F,0,P2,0.003,P2V,1.892,P2F,0,IgR,0
2025-09-03 20:35:55.474,T,404853,SR,144,SF,0,T1R,17.50,T1A,17.00,T1F,0,T2R,17.75,T2A,18.00,T2F,0,P1,4.666,P1V,2.209,P1F,0,P2,0.002,P2V,1.891,P2F,0,IgR,0
2025-09-03 20:35:55.700,T,405079,SR,144,SF,0,T1R,17.50,T1A,17.00,T1F,0,T2R,18.00,T2A,18.00,T2F,0,P1,4.641,P1V,2.205,P1F,0,P2,0.002,P2V,1.891,P2F,0,IgR,0
2025-09-03 20:35:55.925,T,405305,SR,144,SF,0,T1R,17.50,T1A,17.00,T1F,0,T2R,18.00,T2A,18.00,T2F,0,P1,4.606,P1V,2.199,P1F,0,P2,0.002,P2V,1.891,P2F,0,IgR,0
2025-09-03 20:35:56.151,T,405531,SR,144,SF,0,T1R,17.50,T1A,17.00,T1F,0,T2R,18.00,T2A,18.00,T2F,0,P1,4.641,P1V,2.205,P1F,0,P2,0.002,P2V,1.891,P2F,0,IgR,0
2025-09-03 20:35:56.377,T,405757,SR,144,SF,0,T1R,17.50,T1A,17.00,T1F,0,T2R,17.75,T2A,18.00,T2F,0,P1,4.631,P1V,2.203,P1F,0,P2,0.002,P2V,1.891,P2F,0,IgR,0
2025-09-03 20:35:56.603,T,405983,SR,144,SF,0,T1R,17.50,T1A,17.00,T1F,0,T2R,17.75,T2A,18.00,T2F,0,P1,4.626,P1V,2.202,P1F,0,P2,0.002,P2V,1.891,P2F,0,IgR,0
2025-09-03 20:35:56.829,T,406209,SR,144,SF,0,T1R,17.50,T1A,17.00,T1F,0,T2R,17.75,T2A,18.00,T2F,0,P1,4.626,P1V,2.202,P1F,0,P2,0.002,P2V,1.891,P2F,0,IgR,0
2025-09-03 20:35:57.056,T,406436,SR,144,SF,0,T1R,17.50,T1A,17.00,T1F,0,T2R,17.75,T2A,17.00,T2F,0,P1,4.646,P1V,2.206,P1F,0,P2,0.004,P2V,1.893,P2F,0,IgR,0
2025-09-03 20:35:57.282,T,406661,SR,144,SF,0,T1R,17.50,T1A,17.00,T1F,0,T2R,17.75,T2A,17.00,T2F,0,P1,4.626,P1V,2.202,P1F,0,P2,0.002,P2V,1.891,P2F,0,IgR,0
2025-09-03 20:35:57.508,T,406887,SR,144,SF,0,T1R,17.50,T1A,17.00,T1F,0,T2R,17.75,T2A,17.00,T2F,0,P1,4.611,P1V,2.200,P1F,0,P2,0.002,P2V,1.891,P2F,0,IgR,0
2025-09-03 20:35:57.734,T,407113,SR,144,SF,0,T1R,17.50,T1A,17.00,T1F,0,T2R,18.00,T2A,17.00,T2F,0,P1,4.651,P1V,2.206,P1F,0,P2,0.000,P2V,1.891,P2F,0,IgR,0
2025-09-03 20:35:57.960,T,407339,SR,144,SF,0,T1R,17.50,T1A,17.00,T1F,0,T2R,17.75,T2A,17.00,T2F,0,P1,4.636,P1V,2.204,P1F,0,P2,0.002,P2V,1.891,P2F,0,IgR,0
2025-09-03 20:35:58.186,T,407565,SR,144,SF,0,T1R,17.25,T1A,17.00,T1F,0,T2R,17.75,T2A,17.00,T2F,0,P1,4.611,P1V,2.200,P1F,0,P2,0.003,P2V,1.892,P2F,0,IgR,0
2025-09-03 20:35:58.412,T,407791,SR,144,SF,0,T1R,17.25,T1A,17.00,T1F,0,T2R,17.75,T2A,17.00,T2F,0,P1,4.641,P1V,2.205,P1F,0,P2,0.003,P2V,1.892,P2F,0,IgR,0
2025-09-03 20:35:58.638,T,408017,SR,144,SF,0,T1R,17.25,T1A,17.00,T1F,0,T2R,17.75,T2A,17.00,T2F,0,P1,4.641,P1V,2.205,P1F,0,P2,0.003,P2V,1.892,P2F,0,IgR,0
2025-09-03 20:35:58.863,T,408243,SR,144,SF,0,T1R,17.25,T1A,17.00,T1F,0,T2R,17.75,T2A,17.00,T2F,0,P1,4.621,P1V,2.202,P1F,0,P2,0.003,P2V,1.892,P2F,0,IgR,0
2025-09-03 20:35:59.089,T,408469,SR,144,SF,0,T1R,17.50,T1A,17.00,T1F,0,T2R,17.75,T2A,17.00,T2F,0,P1,4.621,P1V,2.202,P1F,0,P2,0.003,P2V,1.892,P2F,0,IgR,0
2025-09-03 20:35:59.316,T,408696,SR,144,SF,0,T1R,17.25,T1A,17.00,T1F,0,T2R,17.75,T2A,17.00,T2F,0,P1,4.641,P1V,2.205,P1F,0,P2,0.000,P2V,1.891,P2F,0,IgR,0
2025-09-03 20:35:59.542,T,408922,SR,144,SF,0,T1R,17.25,T1A,17.00,T1F,0,T2R,17.75,T2A,17.00,T2F,0,P1,4.626,P1V,2.202,P1F,0,P2,0.003,P2V,1.892,P2F,0,IgR,0
2025-09-03 20:35:59.769,T,409148,SR,144,SF,0,T1R,17.25,T1A,17.00,T1F,0,T2R,17.75,T2A,17.00,T2F,0,P1,4.616,P1V,2.201,P1F,0,P2,0.002,P2V,1.891,P2F,0,IgR,0
2025-09-03 20:35:59.995,T,409374,SR,144,SF,0,T1R,17.25,T1A,17.00,T1F,0,T2R,17.75,T2A,17.00,T2F,0,P1,4.656,P1V,2.207,P1F,0,P2,0.003,P2V,1.892,P2F,0,IgR,0
2025-09-03 20:36:00.221,T,409600,SR,144,SF,0,T1R,17.25,T1A,17.00,T1F,0,T2R,17.75,T2A,17.00,T2F,0,P1,4.631,P1V,2.203,P1F,0,P2,0.003,P2V,1.892,P2F,0,IgR,0
2025-09-03 20:36:00.447,T,409826,SR,144,SF,0,T1R,17.25,T1A,17.00,T1F,0,T2R,17.75,T2A,17.00,T2F,0,P1,4.601,P1V,2.198,P1F,0,P2,0.003,P2V,1.892,P2F,0,IgR,0
2025-09-03 20:36:00.674,T,410053,SR,144,SF,0,T1R,17.25,T1A,17.00,T1F,0,T2R,17.75,T2A,17.00,T2F,0,P1,4.646,P1V,2.206,P1F,0,P2,0.002,P2V,1.891,P2F,0,IgR,0
2025-09-03 20:36:00.899,T,410279,SR,144,SF,0,T1R,17.50,T1A,17.00,T1F,0,T2R,17.75,T2A,17.00,T2F,0,P1,4.631,P1V,2.203,P1F,0,P2,0.002,P2V,1.891,P2F,0,IgR,0
2025-09-03 20:36:01.126,T,410505,SR,144,SF,0,T1R,17.25,T1A,17.00,T1F,0,T2R,17.75,T2A,17.00,T2F,0,P1,4.616,P1V,2.201,P1F,0,P2,0.003,P2V,1.892,P2F,0,IgR,0
2025-09-03 20:36:01.351,T,410731,SR,144,SF,0,T1R,17.25,T1A,17.00,T1F,0,T2R,17.75,T2A,17.00,T2F,0,P1,4.631,P1V,2.203,P1F,0,P2,0.003,P2V,1.892,P2F,0,IgR,0
2025-09-03 20:36:01.577,T,410957,SR,144,SF,0,T1R,17.25,T1A,17.00,T1F,0,T2R,17.75,T2A,17.00,T2F,0,P1,4.626,P1V,2.202,P1F,0,P2,0.004,P2V,1.893,P2F,0,IgR,0
2025-09-03 20:36:01.804,T,411184,SR,144,SF,0,T1R,17.25,T1A,17.00,T1F,0,T2R,17.75,T2A,17.00,T2F,0,P1,4.611,P1V,2.200,P1F,0,P2,0.000,P2V,1.891,P2F,0,IgR,0
2025-09-03 20:36:02.031,T,411410,SR,144,SF,0,T1R,17.25,T1A,17.00,T1F,0,T2R,17.75,T2A,17.00,T2F,0,P1,4.621,P1V,2.202,P1F,0,P2,0.003,P2V,1.892,P2F,0,IgR,0
2025-09-03 20:36:02.257,T,411636,SR,144,SF,0,T1R,17.25,T1A,17.00,T1F,0,T2R,17.75,T2A,17.00,T2F,0,P1,4.636,P1V,2.204,P1F,0,P2,0.003,P2V,1.892,P2F,0,IgR,0
2025-09-03 20:36:02.483,T,411862,SR,144,SF,0,T1R,17.25,T1A,17.00,T1F,0,T2R,17.75,T2A,17.00,T2F,0,P1,4.621,P1V,2.202,P1F,0,P2,0.000,P2V,1.891,P2F,0,IgR,0
2025-09-03 20:36:02.710,T,412088,SR,144,SF,0,T1R,17.25,T1A,17.00,T1F,0,T2R,17.75,T2A,17.00,T2F,0,P1,4.606,P1V,2.199,P1F,0,P2,0.002,P2V,1.891,P2F,0,IgR,0
2025-09-03 20:36:02.936,T,412315,SR,144,SF,0,T1R,17.25,T1A,17.00,T1F,0,T2R,17.75,T2A,17.00,T2F,0,P1,4.636,P1V,2.204,P1F,0,P2,0.002,P2V,1.891,P2F,0,IgR,0
2025-09-03 20:36:03.161,T,412541,SR,144,SF,0,T1R,17.25,T1A,17.00,T1F,0,T2R,17.75,T2A,17.00,T2F,0,P1,4.611,P1V,2.200,P1F,0,P2,0.002,P2V,1.891,P2F,0,IgR,0
2025-09-03 20:36:03.387,T,412767,SR,144,SF,0,T1R,17.25,T1A,17.00,T1F,0,T2R,17.75,T2A,17.00,T2F,0,P1,4.606,P1V,2.199,P1F,0,P2,0.002,P2V,1.891,P2F,0,IgR,0
2025-09-03 20:36:03.614,T,412993,SR,144,SF,0,T1R,17.25,T1A,17.00,T1F,0,T2R,17.75,T2A,17.00,T2F,0,P1,4.641,P1V,2.205,P1F,0,P2,0.002,P2V,1.891,P2F,0,IgR,0
2025-09-03 20:36:03.840,T,413220,SR,144,SF,0,T1R,17.25,T1A,17.00,T1F,0,T2R,17.75,T2A,17.00,T2F,0,P1,4.626,P1V,2.202,P1F,0,P2,0.003,P2V,1.892,P2F,0,IgR,0
2025-09-03 20:36:04.068,T,413446,SR,144,SF,0,T1R,17.25,T1A,17.00,T1F,0,T2R,17.75,T2A,17.00,T2F,0,P1,4.595,P1V,2.198,P1F,0,P2,0.002,P2V,1.891,P2F,0,IgR,0
2025-09-03 20:36:04.294,T,413673,SR,144,SF,0,T1R,17.25,T1A,17.00,T1F,0,T2R,17.75,T2A,17.00,T2F,0,P1,4.641,P1V,2.205,P1F,0,P2,0.003,P2V,1.892,P2F,0,IgR,0
2025-09-03 20:36:04.520,T,413899,SR,144,SF,0,T1R,17.25,T1A,17.00,T1F,0,T2R,17.75,T2A,17.00,T2F,0,P1,4.626,P1V,2.202,P1F,0,P2,0.002,P2V,1.891,P2F,0,IgR,0
2025-09-03 20:36:04.746,T,414125,SR,144,SF,0,T1R,17.25,T1A,17.00,T1F,0,T2R,17.75,T2A,17.00,T2F,0,P1,4.601,P1V,2.198,P1F,0,P2,0.000,P2V,1.891,P2F,0,IgR,0
2025-09-03 20:36:04.972,T,414351,SR,144,SF,0,T1R,17.25,T1A,17.00,T1F,0,T2R,17.75,T2A,17.00,T2F,0,P1,4.626,P1V,2.202,P1F,0,P2,0.003,P2V,1.892,P2F,0,IgR,0
2025-09-03 20:36:05.198,T,414578,SR,144,SF,0,T1R,17.25,T1A,17.00,T1F,0,T2R,17.75,T2A,17.00,T2F,0,P1,4.626,P1V,2.202,P1F,0,P2,0.002,P2V,1.891,P2F,0,IgR,0
2025-09-03 20:36:05.424,T,414804,SR,144,SF,0,T1R,17.25,T1A,17.00,T1F,0,T2R,17.75,T2A,17.00,T2F,0,P1,4.611,P1V,2.200,P1F,0,P2,0.000,P2V,1.891,P2F,0,IgR,0
2025-09-03 20:36:05.650,T,415030,SR,144,SF,0,T1R,17.25,T1A,17.00,T1F,0,T2R,17.75,T2A,17.00,T2F,0,P1,4.616,P1V,2.201,P1F,0,P2,0.003,P2V,1.892,P2F,0,IgR,0
2025-09-03 20:36:05.876,T,415256,SR,144,SF,0,T1R,17.25,T1A,17.00,T1F,0,T2R,17.75,T2A,17.00,T2F,0,P1,4.606,P1V,2.199,P1F,0,P2,-0.002,P2V,1.889,P2F,0,IgR,0
2025-09-03 20:36:06.103,T,415483,SR,144,SF,0,T1R,17.25,T1A,17.00,T1F,0,T2R,17.75,T2A,17.00,T2F,0,P1,4.611,P1V,2.200,P1F,0,P2,0.003,P2V,1.892,P2F,0,IgR,0
2025-09-03 20:36:06.329,T,415709,SR,144,SF,0,T1R,17.25,T1A,17.00,T1F,0,T2R,17.75,T2A,17.00,T2F,0,P1,4.606,P1V,2.199,P1F,0,P2,0.003,P2V,1.892,P2F,0,IgR,0
2025-09-03 20:36:06.556,T,415935,SR,144,SF,0,T1R,17.25,T1A,17.00,T1F,0,T2R,17.75,T2A,17.00,T2F,0,P1,4.631,P1V,2.203,P1F,0,P2,0.003,P2V,1.892,P2F,0,IgR,0
2025-09-03 20:36:06.782,T,416161,SR,144,SF,0,T1R,17.25,T1A,17.00,T1F,0,T2R,17.75,T2A,17.00,T2F,0,P1,4.616,P1V,2.201,P1F,0,P2,0.002,P2V,1.891,P2F,0,IgR,0
2025-09-03 20:36:07.008,T,416387,SR,144,SF,0,T1R,17.25,T1A,17.00,T1F,0,T2R,17.75,T2A,17.00,T2F,0,P1,4.595,P1V,2.198,P1F,0,P2,0.002,P2V,1.891,P2F,0,IgR,0
2025-09-03 20:36:07.235,T,416614,SR,144,SF,0,T1R,17.25,T1A,17.00,T1F,0,T2R,17.75,T2A,17.00,T2F,0,P1,4.651,P1V,2.206,P1F,0,P2,0.004,P2V,1.893,P2F,0,IgR,0
2025-09-03 20:36:07.460,T,416840,SR,144,SF,0,T1R,17.25,T1A,17.00,T1F,0,T2R,17.75,T2A,17.00,T2F,0,P1,4.621,P1V,2.202,P1F,0,P2,0.002,P2V,1.891,P2F,0,IgR,0
2025-09-03 20:36:07.686,T,417066,SR,144,SF,0,T1R,17.25,T1A,17.00,T1F,0,T2R,17.75,T2A,17.00,T2F,0,P1,4.585,P1V,2.196,P1F,0,P2,0.003,P2V,1.892,P2F,0,IgR,0
2025-09-03 20:36:07.913,T,417293,SR,144,SF,0,T1R,17.25,T1A,17.00,T1F,0,T2R,17.75,T2A,17.00,T2F,0,P1,4.641,P1V,2.205,P1F,0,P2,0.003,P2V,1.892,P2F,0,IgR,0
2025-09-03 20:36:08.140,T,417519,SR,144,SF,0,T1R,17.25,T1A,17.00,T1F,0,T2R,17.75,T2A,17.00,T2F,0,P1,4.621,P1V,2.202,P1F,0,P2,0.002,P2V,1.891,P2F,0,IgR,0
2025-09-03 20:36:08.365,T,417745,SR,144,SF,0,T1R,17.25,T1A,17.00,T1F,0,T2R,17.75,T2A,17.00,T2F,0,P1,4.595,P1V,2.198,P1F,0,P2,0.003,P2V,1.892,P2F,0,IgR,0
2025-09-03 20:36:08.593,T,417972,SR,144,SF,0,T1R,17.25,T1A,17.00,T1F,0,T2R,17.75,T2A,17.00,T2F,0,P1,4.641,P1V,2.205,P1F,0,P2,0.003,P2V,1.892,P2F,0,IgR,0
2025-09-03 20:36:08.818,T,418198,SR,144,SF,0,T1R,17.25,T1A,17.00,T1F,0,T2R,17.75,T2A,17.00,T2F,0,P1,4.621,P1V,2.202,P1F,0,P2,0.002,P2V,1.891,P2F,0,IgR,0
2025-09-03 20:36:09.045,T,418424,SR,144,SF,0,T1R,17.25,T1A,17.00,T1F,0,T2R,17.50,T2A,17.00,T2F,0,P1,4.601,P1V,2.198,P1F,0,P2,0.003,P2V,1.892,P2F,0,IgR,0
2025-09-03 20:36:09.272,T,418650,SR,144,SF,0,T1R,17.25,T1A,17.00,T1F,0,T2R,17.75,T2A,17.00,T2F,0,P1,4.616,P1V,2.201,P1F,0,P2,0.002,P2V,1.891,P2F,0,IgR,0
2025-09-03 20:36:09.497,T,418876,SR,144,SF,0,T1R,17.25,T1A,17.00,T1F,0,T2R,17.75,T2A,17.00,T2F,0,P1,4.626,P1V,2.202,P1F,0,P2,0.002,P2V,1.891,P2F,0,IgR,0
2025-09-03 20:36:09.723,T,419103,SR,144,SF,0,T1R,17.25,T1A,17.00,T1F,0,T2R,17.75,T2A,17.00,T2F,0,P1,4.601,P1V,2.198,P1F,0,P2,0.003,P2V,1.892,P2F,0,IgR,0
2025-09-03 20:36:09.949,T,419329,SR,144,SF,0,T1R,17.25,T1A,17.00,T1F,0,T2R,17.75,T2A,17.00,T2F,0,P1,4.606,P1V,2.199,P1F,0,P2,0.002,P2V,1.891,P2F,0,IgR,0
2025-09-03 20:36:10.175,T,419555,SR,144,SF,0,T1R,17.25,T1A,17.00,T1F,0,T2R,17.75,T2A,17.00,T2F,0,P1,4.626,P1V,2.202,P1F,0,P2,0.002,P2V,1.891,P2F,0,IgR,0
2025-09-03 20:36:10.401,T,419781,SR,144,SF,0,T1R,17.25,T1A,17.00,T1F,0,T2R,17.75,T2A,17.00,T2F,0,P1,4.611,P1V,2.200,P1F,0,P2,0.004,P2V,1.893,P2F,0,IgR,0
2025-09-03 20:36:10.627,T,420007,SR,144,SF,0,T1R,17.25,T1A,17.00,T1F,0,T2R,17.50,T2A,17.00,T2F,0,P1,4.611,P1V,2.200,P1F,0,P2,0.007,P2V,1.895,P2F,0,IgR,0
2025-09-03 20:36:10.854,T,420233,SR,144,SF,0,T1R,17.25,T1A,17.00,T1F,0,T2R,17.75,T2A,17.00,T2F,0,P1,4.646,P1V,2.206,P1F,0,P2,0.003,P2V,1.892,P2F,0,IgR,0
2025-09-03 20:36:11.080,T,420459,SR,144,SF,0,T1R,17.25,T1A,17.00,T1F,0,T2R,17.75,T2A,17.00,T2F,0,P1,4.611,P1V,2.200,P1F,0,P2,0.003,P2V,1.892,P2F,0,IgR,0
2025-09-03 20:36:11.306,T,420685,SR,144,SF,0,T1R,17.25,T1A,17.00,T1F,0,T2R,17.75,T2A,17.00,T2F,0,P1,4.585,P1V,2.196,P1F,0,P2,0.002,P2V,1.891,P2F,0,IgR,0
2025-09-03 20:36:11.533,T,420912,SR,144,SF,0,T1R,17.25,T1A,17.00,T1F,0,T2R,17.75,T2A,17.00,T2F,0,P1,4.621,P1V,2.202,P1F,0,P2,0.002,P2V,1.891,P2F,0,IgR,0
2025-09-03 20:36:11.758,T,421138,SR,144,SF,0,T1R,17.25,T1A,17.00,T1F,0,T2R,17.50,T2A,17.00,T2F,0,P1,4.616,P1V,2.201,P1F,0,P2,0.003,P2V,1.892,P2F,0,IgR,0
2025-09-03 20:36:11.985,T,421364,SR,144,SF,0,T1R,17.25,T1A,17.00,T1F,0,T2R,17.50,T2A,17.00,T2F,0,P1,4.595,P1V,2.198,P1F,0,P2,0.003,P2V,1.892,P2F,0,IgR,0
2025-09-03 20:36:12.210,T,421590,SR,144,SF,0,T1R,17.25,T1A,17.00,T1F,0,T2R,17.50,T2A,17.00,T2F,0,P1,4.611,P1V,2.200,P1F,0,P2,0.002,P2V,1.891,P2F,0,IgR,0
2025-09-03 20:36:12.436,T,421816,SR,144,SF,0,T1R,17.25,T1A,17.00,T1F,0,T2R,17.75,T2A,17.00,T2F,0,P1,4.621,P1V,2.202,P1F,0,P2,0.004,P2V,1.893,P2F,0,IgR,0
2025-09-03 20:36:12.663,T,422042,SR,144,SF,0,T1R,17.25,T1A,17.00,T1F,0,T2R,17.75,T2A,17.00,T2F,0,P1,4.601,P1V,2.198,P1F,0,P2,0.000,P2V,1.891,P2F,0,IgR,0
2025-09-03 20:36:12.889,T,422268,SR,144,SF,0,T1R,17.00,T1A,17.00,T1F,0,T2R,17.50,T2A,17.00,T2F,0,P1,4.601,P1V,2.198,P1F,0,P2,0.002,P2V,1.891,P2F,0,IgR,0
2025-09-03 20:36:13.115,T,422494,SR,144,SF,0,T1R,17.25,T1A,17.00,T1F,0,T2R,17.75,T2A,17.00,T2F,0,P1,4.636,P1V,2.204,P1F,0,P2,0.004,P2V,1.893,P2F,0,IgR,0
2025-09-03 20:36:13.341,T,422720,SR,144,SF,0,T1R,17.25,T1A,17.00,T1F,0,T2R,17.75,T2A,17.00,T2F,0,P1,4.616,P1V,2.201,P1F,0,P2,0.002,P2V,1.891,P2F,0,IgR,0
2025-09-03 20:36:13.566,T,422946,SR,144,SF,0,T1R,17.25,T1A,17.00,T1F,0,T2R,17.50,T2A,17.00,T2F,0,P1,4.585,P1V,2.196,P1F,0,P2,0.003,P2V,1.892,P2F,0,IgR,0
2025-09-03 20:36:13.792,T,423172,SR,144,SF,0,T1R,17.25,T1A,17.00,T1F,0,T2R,17.50,T2A,17.00,T2F,0,P1,4.636,P1V,2.204,P1F,0,P2,0.003,P2V,1.892,P2F,0,IgR,0
2025-09-03 20:36:14.018,T,423399,SR,144,SF,0,T1R,17.25,T1A,17.00,T1F,0,T2R,17.50,T2A,17.00,T2F,0,P1,4.611,P1V,2.200,P1F,0,P2,0.003,P2V,1.892,P2F,0,IgR,0
2025-09-03 20:36:14.244,T,423624,SR,144,SF,0,T1R,17.25,T1A,17.00,T1F,0,T2R,17.50,T2A,17.00,T2F,0,P1,4.595,P1V,2.198,P1F,0,P2,0.003,P2V,1.892,P2F,0,IgR,0
2025-09-03 20:36:14.470,T,423850,SR,144,SF,0,T1R,17.25,T1A,17.00,T1F,0,T2R,17.50,T2A,17.00,T2F,0,P1,4.616,P1V,2.201,P1F,0,P2,0.004,P2V,1.893,P2F,0,IgR,0
2025-09-03 20:36:14.696,T,424076,SR,144,SF,0,T1R,17.00,T1A,17.00,T1F,0,T2R,17.50,T2A,17.00,T2F,0,P1,4.621,P1V,2.202,P1F,0,P2,0.002,P2V,1.891,P2F,0,IgR,0
2025-09-03 20:36:14.922,T,424302,SR,144,SF,0,T1R,17.00,T1A,17.00,T1F,0,T2R,17.50,T2A,17.00,T2F,0,P1,4.606,P1V,2.199,P1F,0,P2,0.002,P2V,1.891,P2F,0,IgR,0
2025-09-03 20:36:15.149,T,424528,SR,144,SF,0,T1R,17.25,T1A,17.00,T1F,0,T2R,17.50,T2A,17.00,T2F,0,P1,4.601,P1V,2.198,P1F,0,P2,0.003,P2V,1.892,P2F,0,IgR,0
2025-09-03 20:36:15.375,T,424754,SR,144,SF,0,T1R,17.25,T1A,17.00,T1F,0,T2R,17.50,T2A,17.00,T2F,0,P1,4.626,P1V,2.202,P1F,0,P2,0.003,P2V,1.892,P2F,0,IgR,0
2025-09-03 20:36:15.600,T,424980,SR,144,SF,0,T1R,17.00,T1A,17.00,T1F,0,T2R,17.50,T2A,17.00,T2F,0,P1,4.606,P1V,2.199,P1F,0,P2,0.003,P2V,1.892,P2F,0,IgR,0
2025-09-03 20:36:15.826,T,425206,SR,144,SF,0,T1R,17.00,T1A,17.00,T1F,0,T2R,17.50,T2A,17.00,T2F,0,P1,4.590,P1V,2.197,P1F,0,P2,0.002,P2V,1.891,P2F,0,IgR,0
2025-09-03 20:36:16.052,T,425432,SR,144,SF,0,T1R,17.00,T1A,17.00,T1F,0,T2R,17.50,T2A,17.00,T2F,0,P1,4.636,P1V,2.204,P1F,0,P2,0.003,P2V,1.892,P2F,0,IgR,0
2025-09-03 20:36:16.278,T,425658,SR,144,SF,0,T1R,17.00,T1A,17.00,T1F,0,T2R,17.50,T2A,17.00,T2F,0,P1,4.606,P1V,2.199,P1F,0,P2,0.002,P2V,1.891,P2F,0,IgR,0
2025-09-03 20:36:16.504,T,425884,SR,144,SF,0,T1R,17.00,T1A,17.00,T1F,0,T2R,17.50,T2A,17.00,T2F,0,P1,4.585,P1V,2.196,P1F,0,P2,0.002,P2V,1.891,P2F,0,IgR,0
2025-09-03 20:36:16.730,T,426110,SR,144,SF,0,T1R,17.25,T1A,17.00,T1F,0,T2R,17.50,T2A,17.00,T2F,0,P1,4.616,P1V,2.201,P1F,0,P2,0.003,P2V,1.892,P2F,0,IgR,0
2025-09-03 20:36:16.956,T,426336,SR,144,SF,0,T1R,17.00,T1A,17.00,T1F,0,T2R,17.50,T2A,17.00,T2F,0,P1,4.621,P1V,2.202,P1F,0,P2,0.003,P2V,1.892,P2F,0,IgR,0
2025-09-03 20:36:17.182,T,426562,SR,144,SF,0,T1R,17.00,T1A,17.00,T1F,0,T2R,17.50,T2A,17.00,T2F,0,P1,4.606,P1V,2.199,P1F,0,P2,0.002,P2V,1.891,P2F,0,IgR,0
2025-09-03 20:36:17.407,T,426788,SR,144,SF,0,T1R,17.00,T1A,17.00,T1F,0,T2R,17.50,T2A,17.00,T2F,0,P1,4.601,P1V,2.198,P1F,0,P2,0.000,P2V,1.891,P2F,0,IgR,0
2025-09-03 20:36:17.634,T,427014,SR,144,SF,0,T1R,17.25,T1A,17.00,T1F,0,T2R,17.50,T2A,17.00,T2F,0,P1,4.621,P1V,2.202,P1F,0,P2,0.003,P2V,1.892,P2F,0,IgR,0
2025-09-03 20:36:17.860,T,427240,SR,144,SF,0,T1R,17.00,T1A,17.00,T1F,0,T2R,17.50,T2A,17.00,T2F,0,P1,4.606,P1V,2.199,P1F,0,P2,0.003,P2V,1.892,P2F,0,IgR,0
2025-09-03 20:36:18.086,T,427466,SR,144,SF,0,T1R,17.25,T1A,17.00,T1F,0,T2R,17.50,T2A,17.00,T2F,0,P1,4.580,P1V,2.195,P1F,0,P2,0.002,P2V,1.891,P2F,0,IgR,0
2025-09-03 20:36:18.312,T,427692,SR,144,SF,0,T1R,17.00,T1A,17.00,T1F,0,T2R,17.50,T2A,17.00,T2F,0,P1,4.631,P1V,2.203,P1F,0,P2,0.002,P2V,1.891,P2F,0,IgR,0
2025-09-03 20:36:18.538,T,427918,SR,144,SF,0,T1R,17.00,T1A,17.00,T1F,0,T2R,17.50,T2A,17.00,T2F,0,P1,4.611,P1V,2.200,P1F,0,P2,0.002,P2V,1.891,P2F,0,IgR,0
2025-09-03 20:36:18.764,T,428144,SR,144,SF,0,T1R,17.00,T1A,17.00,T1F,0,T2R,17.50,T2A,17.00,T2F,0,P1,4.580,P1V,2.195,P1F,0,P2,0.003,P2V,1.892,P2F,0,IgR,0
2025-09-03 20:36:18.990,T,428370,SR,144,SF,0,T1R,17.00,T1A,17.00,T1F,0,T2R,17.50,T2A,17.00,T2F,0,P1,4.616,P1V,2.201,P1F,0,P2,0.003,P2V,1.892,P2F,0,IgR,0
2025-09-03 20:36:19.215,T,428596,SR,144,SF,0,T1R,17.00,T1A,17.00,T1F,0,T2R,17.50,T2A,17.00,T2F,0,P1,4.611,P1V,2.200,P1F,0,P2,0.002,P2V,1.891,P2F,0,IgR,0
2025-09-03 20:36:19.441,T,428822,SR,144,SF,0,T1R,17.00,T1A,17.00,T1F,0,T2R,17.50,T2A,17.00,T2F,0,P1,4.595,P1V,2.198,P1F,0,P2,-0.001,P2V,1.890,P2F,0,IgR,0
2025-09-03 20:36:19.668,T,429048,SR,144,SF,0,T1R,17.00,T1A,17.00,T1F,0,T2R,17.50,T2A,17.00,T2F,0,P1,4.595,P1V,2.198,P1F,0,P2,0.002,P2V,1.891,P2F,0,IgR,0
2025-09-03 20:36:19.894,T,429274,SR,144,SF,0,T1R,17.00,T1A,17.00,T1F,0,T2R,17.50,T2A,17.00,T2F,0,P1,4.616,P1V,2.201,P1F,0,P2,0.003,P2V,1.892,P2F,0,IgR,0
2025-09-03 20:36:20.120,T,429500,SR,144,SF,0,T1R,17.00,T1A,17.00,T1F,0,T2R,17.50,T2A,17.00,T2F,0,P1,4.595,P1V,2.198,P1F,0,P2,0.003,P2V,1.892,P2F,0,IgR,0
2025-09-03 20:36:20.347,T,429726,SR,144,SF,0,T1R,17.00,T1A,17.00,T1F,0,T2R,17.50,T2A,17.00,T2F,0,P1,4.580,P1V,2.195,P1F,0,P2,0.002,P2V,1.891,P2F,0,IgR,0
2025-09-03 20:36:20.572,T,429952,SR,144,SF,0,T1R,17.00,T1A,17.00,T1F,0,T2R,17.50,T2A,17.00,T2F,0,P1,4.621,P1V,2.202,P1F,0,P2,0.003,P2V,1.892,P2F,0,IgR,0
2025-09-03 20:36:20.798,T,430178,SR,144,SF,0,T1R,17.00,T1A,17.00,T1F,0,T2R,17.50,T2A,17.00,T2F,0,P1,4.606,P1V,2.199,P1F,0,P2,0.000,P2V,1.891,P2F,0,IgR,0
2025-09-03 20:36:21.024,T,430404,SR,144,SF,0,T1R,17.00,T1A,17.00,T1F,0,T2R,17.50,T2A,17.00,T2F,0,P1,4.580,P1V,2.195,P1F,0,P2,0.000,P2V,1.891,P2F,0,IgR,0
2025-09-03 20:36:21.250,T,430630,SR,144,SF,0,T1R,17.00,T1A,17.00,T1F,0,T2R,17.50,T2A,17.00,T2F,0,P1,4.611,P1V,2.200,P1F,0,P2,0.000,P2V,1.891,P2F,0,IgR,0
2025-09-03 20:36:21.476,T,430856,SR,144,SF,0,T1R,17.00,T1A,17.00,T1F,0,T2R,17.50,T2A,17.00,T2F,0,P1,4.606,P1V,2.199,P1F,0,P2,0.003,P2V,1.892,P2F,0,IgR,0
2025-09-03 20:36:21.702,T,431082,SR,144,SF,0,T1R,17.00,T1A,17.00,T1F,0,T2R,17.50,T2A,17.00,T2F,0,P1,4.590,P1V,2.197,P1F,0,P2,0.002,P2V,1.891,P2F,0,IgR,0
2025-09-03 20:36:21.927,T,431308,SR,144,SF,0,T1R,17.00,T1A,17.00,T1F,0,T2R,17.25,T2A,17.00,T2F,0,P1,4.611,P1V,2.200,P1F,0,P2,0.007,P2V,1.895,P2F,0,IgR,0
2025-09-03 20:36:22.154,T,431534,SR,144,SF,0,T1R,17.00,T1A,17.00,T1F,0,T2R,17.50,T2A,17.00,T2F,0,P1,4.616,P1V,2.201,P1F,0,P2,0.004,P2V,1.893,P2F,0,IgR,0
2025-09-03 20:36:22.380,T,431760,SR,144,SF,0,T1R,17.00,T1A,17.00,T1F,0,T2R,17.50,T2A,17.00,T2F,0,P1,4.595,P1V,2.198,P1F,0,P2,0.002,P2V,1.891,P2F,0,IgR,0
2025-09-03 20:36:22.606,T,431986,SR,144,SF,0,T1R,17.00,T1A,17.00,T1F,0,T2R,17.50,T2A,17.00,T2F,0,P1,4.580,P1V,2.195,P1F,0,P2,0.004,P2V,1.893,P2F,0,IgR,0
2025-09-03 20:36:22.832,T,432212,SR,144,SF,0,T1R,17.00,T1A,17.00,T1F,0,T2R,17.50,T2A,17.00,T2F,0,P1,4.621,P1V,2.202,P1F,0,P2,0.003,P2V,1.892,P2F,0,IgR,0
2025-09-03 20:36:23.058,T,432438,SR,144,SF,0,T1R,17.00,T1A,17.00,T1F,0,T2R,17.50,T2A,17.00,T2F,0,P1,4.595,P1V,2.198,P1F,0,P2,-0.001,P2V,1.890,P2F,0,IgR,0
2025-09-03 20:36:23.284,T,432664,SR,144,SF,0,T1R,17.00,T1A,17.00,T1F,0,T2R,17.50,T2A,17.00,T2F,0,P1,4.570,P1V,2.194,P1F,0,P2,0.002,P2V,1.891,P2F,0,IgR,0
2025-09-03 20:36:23.509,T,432890,SR,144,SF,0,T1R,17.00,T1A,17.00,T1F,0,T2R,17.50,T2A,17.00,T2F,0,P1,4.616,P1V,2.201,P1F,0,P2,0.002,P2V,1.891,P2F,0,IgR,0
2025-09-03 20:36:23.735,T,433116,SR,144,SF,0,T1R,17.00,T1A,17.00,T1F,0,T2R,17.50,T2A,17.00,T2F,0,P1,4.601,P1V,2.198,P1F,0,P2,0.003,P2V,1.892,P2F,0,IgR,0
2025-09-03 20:36:23.962,T,433342,SR,144,SF,0,T1R,17.00,T1A,17.00,T1F,0,T2R,17.50,T2A,17.00,T2F,0,P1,4.590,P1V,2.197,P1F,0,P2,0.002,P2V,1.891,P2F,0,IgR,0
2025-09-03 20:36:24.188,T,433568,SR,144,SF,0,T1R,17.00,T1A,17.00,T1F,0,T2R,17.50,T2A,17.00,T2F,0,P1,4.595,P1V,2.198,P1F,0,P2,0.003,P2V,1.892,P2F,0,IgR,0
2025-09-03 20:36:24.415,T,433794,SR,144,SF,0,T1R,17.00,T1A,17.00,T1F,0,T2R,17.50,T2A,17.00,T2F,0,P1,4.606,P1V,2.199,P1F,0,P2,0.004,P2V,1.893,P2F,0,IgR,0
2025-09-03 20:36:24.640,T,434020,SR,144,SF,0,T1R,17.00,T1A,17.00,T1F,0,T2R,17.50,T2A,17.00,T2F,0,P1,4.595,P1V,2.198,P1F,0,P2,0.003,P2V,1.892,P2F,0,IgR,0
2025-09-03 20:36:24.866,T,434246,SR,144,SF,0,T1R,17.00,T1A,17.00,T1F,0,T2R,17.50,T2A,17.00,T2F,0,P1,4.580,P1V,2.195,P1F,0,P2,0.002,P2V,1.891,P2F,0,IgR,0
2025-09-03 20:36:25.092,T,434472,SR,144,SF,0,T1R,17.00,T1A,17.00,T1F,0,T2R,17.25,T2A,17.00,T2F,0,P1,4.621,P1V,2.202,P1F,0,P2,0.002,P2V,1.891,P2F,0,IgR,0
2025-09-03 20:36:25.318,T,434698,SR,144,SF,0,T1R,17.00,T1A,17.00,T1F,0,T2R,17.25,T2A,17.00,T2F,0,P1,4.601,P1V,2.198,P1F,0,P2,0.000,P2V,1.891,P2F,0,IgR,0
2025-09-03 20:36:25.543,T,434924,SR,144,SF,0,T1R,17.00,T1A,17.00,T1F,0,T2R,17.50,T2A,17.00,T2F,0,P1,4.580,P1V,2.195,P1F,0,P2,0.000,P2V,1.891,P2F,0,IgR,0
2025-09-03 20:36:25.770,T,435150,SR,144,SF,0,T1R,17.00,T1A,17.00,T1F,0,T2R,17.50,T2A,17.00,T2F,0,P1,4.611,P1V,2.200,P1F,0,P2,0.004,P2V,1.893,P2F,0,IgR,0
2025-09-03 20:36:25.997,T,435376,SR,144,SF,0,T1R,17.00,T1A,17.00,T1F,0,T2R,17.50,T2A,17.00,T2F,0,P1,4.606,P1V,2.199,P1F,0,P2,0.003,P2V,1.892,P2F,0,IgR,0
2025-09-03 20:36:26.222,T,435602,SR,144,SF,0,T1R,17.00,T1A,17.00,T1F,0,T2R,17.50,T2A,17.00,T2F,0,P1,4.590,P1V,2.197,P1F,0,P2,0.002,P2V,1.891,P2F,0,IgR,0
2025-09-03 20:36:26.448,T,435828,SR,144,SF,0,T1R,17.00,T1A,17.00,T1F,0,T2R,17.50,T2A,17.00,T2F,0,P1,4.590,P1V,2.197,P1F,0,P2,0.004,P2V,1.893,P2F,0,IgR,0
2025-09-03 20:36:26.674,T,436054,SR,144,SF,0,T1R,17.00,T1A,17.00,T1F,0,T2R,17.50,T2A,17.00,T2F,0,P1,4.611,P1V,2.200,P1F,0,P2,0.002,P2V,1.891,P2F,0,IgR,0
2025-09-03 20:36:26.900,T,436280,SR,144,SF,0,T1R,17.00,T1A,17.00,T1F,0,T2R,17.50,T2A,17.00,T2F,0,P1,4.590,P1V,2.197,P1F,0,P2,0.002,P2V,1.891,P2F,0,IgR,0
2025-09-03 20:36:27.126,T,436506,SR,144,SF,0,T1R,17.00,T1A,17.00,T1F,0,T2R,17.50,T2A,17.00,T2F,0,P1,4.575,P1V,2.194,P1F,0,P2,0.003,P2V,1.892,P2F,0,IgR,0
2025-09-03 20:36:27.352,T,436732,SR,144,SF,0,T1R,17.00,T1A,17.00,T1F,0,T2R,17.50,T2A,17.00,T2F,0,P1,4.621,P1V,2.202,P1F,0,P2,0.002,P2V,1.891,P2F,0,IgR,0
2025-09-03 20:36:27.578,T,436958,SR,144,SF,0,T1R,17.00,T1A,17.00,T1F,0,T2R,17.50,T2A,17.00,T2F,0,P1,4.575,P1V,2.194,P1F,0,P2,-0.001,P2V,1.890,P2F,0,IgR,0
2025-09-03 20:36:27.804,T,437184,SR,144,SF,0,T1R,16.75,T1A,17.00,T1F,0,T2R,17.50,T2A,17.00,T2F,0,P1,4.560,P1V,2.192,P1F,0,P2,-0.001,P2V,1.890,P2F,0,IgR,0
2025-09-03 20:36:28.029,T,437410,SR,144,SF,0,T1R,17.00,T1A,17.00,T1F,0,T2R,17.50,T2A,17.00,T2F,0,P1,4.626,P1V,2.202,P1F,0,P2,0.004,P2V,1.893,P2F,0,IgR,0
2025-09-03 20:36:28.255,T,437636,SR,144,SF,0,T1R,17.00,T1A,17.00,T1F,0,T2R,17.50,T2A,17.00,T2F,0,P1,4.606,P1V,2.199,P1F,0,P2,0.002,P2V,1.891,P2F,0,IgR,0
2025-09-03 20:36:28.482,T,437862,SR,144,SF,0,T1R,17.00,T1A,17.00,T1F,0,T2R,17.50,T2A,17.00,T2F,0,P1,4.580,P1V,2.195,P1F,0,P2,-0.001,P2V,1.890,P2F,0,IgR,0
2025-09-03 20:36:28.708,T,438089,SR,144,SF,0,T1R,17.00,T1A,17.00,T1F,0,T2R,17.25,T2A,17.00,T2F,0,P1,4.590,P1V,2.197,P1F,0,P2,0.003,P2V,1.892,P2F,0,IgR,0
2025-09-03 20:36:28.934,T,438314,SR,144,SF,0,T1R,17.00,T1A,17.00,T1F,0,T2R,17.50,T2A,17.00,T2F,0,P1,4.616,P1V,2.201,P1F,0,P2,0.002,P2V,1.891,P2F,0,IgR,0
2025-09-03 20:36:29.160,T,438540,SR,144,SF,0,T1R,17.00,T1A,17.00,T1F,0,T2R,17.50,T2A,17.00,T2F,0,P1,4.590,P1V,2.197,P1F,0,P2,0.003,P2V,1.892,P2F,0,IgR,0
2025-09-03 20:36:29.386,T,438766,SR,144,SF,0,T1R,17.00,T1A,17.00,T1F,0,T2R,17.50,T2A,17.00,T2F,0,P1,4.585,P1V,2.196,P1F,0,P2,0.000,P2V,1.891,P2F,0,IgR,0
2025-09-03 20:36:29.612,T,438992,SR,144,SF,0,T1R,16.75,T1A,17.00,T1F,0,T2R,17.50,T2A,17.00,T2F,0,P1,4.626,P1V,2.202,P1F,0,P2,0.004,P2V,1.893,P2F,0,IgR,0
2025-09-03 20:36:29.837,T,439219,SR,144,SF,0,T1R,17.00,T1A,17.00,T1F,0,T2R,17.50,T2A,17.00,T2F,0,P1,4.601,P1V,2.198,P1F,0,P2,0.000,P2V,1.891,P2F,0,IgR,0
2025-09-03 20:36:30.063,T,439444,SR,144,SF,0,T1R,17.00,T1A,17.00,T1F,0,T2R,17.50,T2A,17.00,T2F,0,P1,4.565,P1V,2.193,P1F,0,P2,0.003,P2V,1.892,P2F,0,IgR,0
2025-09-03 20:36:30.289,T,439670,SR,144,SF,0,T1R,17.00,T1A,17.00,T1F,0,T2R,17.50,T2A,17.00,T2F,0,P1,4.621,P1V,2.202,P1F,0,P2,0.002,P2V,1.891,P2F,0,IgR,0
2025-09-03 20:36:30.516,T,439896,SR,144,SF,0,T1R,17.00,T1A,17.00,T1F,0,T2R,17.50,T2A,17.00,T2F,0,P1,4.611,P1V,2.200,P1F,0,P2,0.002,P2V,1.891,P2F,0,IgR,0
2025-09-03 20:36:30.742,T,440122,SR,144,SF,0,T1R,17.00,T1A,17.00,T1F,0,T2R,17.50,T2A,17.00,T2F,0,P1,4.601,P1V,2.198,P1F,0,P2,0.002,P2V,1.891,P2F,0,IgR,0
2025-09-03 20:36:30.968,T,440348,SR,144,SF,0,T1R,17.00,T1A,17.00,T1F,0,T2R,17.50,T2A,17.00,T2F,0,P1,4.606,P1V,2.199,P1F,0,P2,0.002,P2V,1.891,P2F,0,IgR,0
2025-09-03 20:36:31.194,T,440574,SR,144,SF,0,T1R,17.00,T1A,17.00,T1F,0,T2R,17.50,T2A,17.00,T2F,0,P1,4.611,P1V,2.200,P1F,0,P2,0.002,P2V,1.891,P2F,0,IgR,0
2025-09-03 20:36:31.420,T,440800,SR,144,SF,0,T1R,17.00,T1A,17.00,T1F,0,T2R,17.50,T2A,17.00,T2F,0,P1,4.595,P1V,2.198,P1F,0,P2,0.003,P2V,1.892,P2F,0,IgR,0
2025-09-03 20:36:31.646,T,441026,SR,144,SF,0,T1R,17.00,T1A,17.00,T1F,0,T2R,17.50,T2A,17.00,T2F,0,P1,4.585,P1V,2.196,P1F,0,P2,0.002,P2V,1.891,P2F,0,IgR,0
2025-09-03 20:36:31.872,T,441252,SR,144,SF,0,T1R,17.00,T1A,17.00,T1F,0,T2R,17.50,T2A,17.00,T2F,0,P1,4.626,P1V,2.202,P1F,0,P2,0.003,P2V,1.892,P2F,0,IgR,0
2025-09-03 20:36:32.098,T,441478,SR,144,SF,0,T1R,17.00,T1A,17.00,T1F,0,T2R,17.50,T2A,17.00,T2F,0,P1,4.606,P1V,2.199,P1F,0,P2,0.002,P2V,1.891,P2F,0,IgR,0
2025-09-03 20:36:32.323,T,441704,SR,144,SF,0,T1R,17.00,T1A,17.00,T1F,0,T2R,17.50,T2A,17.00,T2F,0,P1,4.570,P1V,2.194,P1F,0,P2,0.002,P2V,1.891,P2F,0,IgR,0
2025-09-03 20:36:32.549,T,441930,SR,144,SF,0,T1R,17.00,T1A,17.00,T1F,0,T2R,17.50,T2A,17.00,T2F,0,P1,4.621,P1V,2.202,P1F,0,P2,0.003,P2V,1.892,P2F,0,IgR,0
2025-09-03 20:36:32.776,T,442156,SR,144,SF,0,T1R,17.00,T1A,17.00,T1F,0,T2R,17.50,T2A,17.00,T2F,0,P1,4.606,P1V,2.199,P1F,0,P2,0.002,P2V,1.891,P2F,0,IgR,0
2025-09-03 20:36:33.002,T,442382,SR,144,SF,0,T1R,17.00,T1A,17.00,T1F,0,T2R,17.50,T2A,17.00,T2F,0,P1,4.585,P1V,2.196,P1F,0,P2,0.002,P2V,1.891,P2F,0,IgR,0
2025-09-03 20:36:33.228,T,442609,SR,144,SF,0,T1R,17.00,T1A,17.00,T1F,0,T2R,17.50,T2A,17.00,T2F,0,P1,4.611,P1V,2.200,P1F,0,P2,0.003,P2V,1.892,P2F,0,IgR,0
2025-09-03 20:36:33.455,T,442834,SR,144,SF,0,T1R,17.00,T1A,17.00,T1F,0,T2R,17.50,T2A,17.00,T2F,0,P1,4.595,P1V,2.198,P1F,0,P2,-0.002,P2V,1.889,P2F,0,IgR,0
2025-09-03 20:36:33.680,T,443060,SR,144,SF,0,T1R,17.00,T1A,17.00,T1F,0,T2R,17.50,T2A,17.00,T2F,0,P1,4.570,P1V,2.194,P1F,0,P2,0.000,P2V,1.891,P2F,0,IgR,0
2025-09-03 20:36:33.906,T,443286,SR,144,SF,0,T1R,17.00,T1A,17.00,T1F,0,T2R,17.50,T2A,17.00,T2F,0,P1,4.590,P1V,2.197,P1F,0,P2,0.002,P2V,1.891,P2F,0,IgR,0
2025-09-03 20:36:34.131,T,443512,SR,144,SF,0,T1R,17.00,T1A,17.00,T1F,0,T2R,17.50,T2A,17.00,T2F,0,P1,4.621,P1V,2.202,P1F,0,P2,0.004,P2V,1.893,P2F,0,IgR,0
2025-09-03 20:36:34.357,T,443738,SR,144,SF,0,T1R,17.00,T1A,17.00,T1F,0,T2R,17.50,T2A,17.00,T2F,0,P1,4.601,P1V,2.198,P1F,0,P2,0.002,P2V,1.891,P2F,0,IgR,0
2025-09-03 20:36:34.584,T,443964,SR,144,SF,0,T1R,17.00,T1A,17.00,T1F,0,T2R,17.50,T2A,17.00,T2F,0,P1,4.585,P1V,2.196,P1F,0,P2,0.002,P2V,1.891,P2F,0,IgR,0
2025-09-03 20:36:34.810,T,444190,SR,144,SF,0,T1R,17.00,T1A,17.00,T1F,0,T2R,17.50,T2A,17.00,T2F,0,P1,4.626,P1V,2.202,P1F,0,P2,0.002,P2V,1.891,P2F,0,IgR,0
2025-09-03 20:36:35.035,T,444416,SR,144,SF,0,T1R,17.00,T1A,17.00,T1F,0,T2R,17.50,T2A,17.00,T2F,0,P1,4.606,P1V,2.199,P1F,0,P2,0.002,P2V,1.891,P2F,0,IgR,0
2025-09-03 20:36:35.262,T,444642,SR,144,SF,0,T1R,17.00,T1A,17.00,T1F,0,T2R,17.50,T2A,17.00,T2F,0,P1,4.580,P1V,2.195,P1F,0,P2,0.000,P2V,1.891,P2F,0,IgR,0
2025-09-03 20:36:35.488,T,444868,SR,144,SF,0,T1R,17.00,T1A,17.00,T1F,0,T2R,17.50,T2A,17.00,T2F,0,P1,4.611,P1V,2.200,P1F,0,P2,0.002,P2V,1.891,P2F,0,IgR,0
2025-09-03 20:36:35.715,T,445094,SR,144,SF,0,T1R,17.00,T1A,17.00,T1F,0,T2R,17.50,T2A,17.00,T2F,0,P1,4.606,P1V,2.199,P1F,0,P2,0.003,P2V,1.892,P2F,0,IgR,0
2025-09-03 20:36:35.940,T,445320,SR,144,SF,0,T1R,17.00,T1A,17.00,T1F,0,T2R,17.50,T2A,17.00,T2F,0,P1,4.595,P1V,2.198,P1F,0,P2,0.002,P2V,1.891,P2F,0,IgR,0
2025-09-03 20:36:36.165,T,445546,SR,144,SF,0,T1R,17.00,T1A,17.00,T1F,0,T2R,17.50,T2A,17.00,T2F,0,P1,4.590,P1V,2.197,P1F,0,P2,0.002,P2V,1.891,P2F,0,IgR,0
2025-09-03 20:36:36.391,T,445772,SR,144,SF,0,T1R,17.00,T1A,17.00,T1F,0,T2R,17.50,T2A,17.00,T2F,0,P1,4.616,P1V,2.201,P1F,0,P2,0.002,P2V,1.891,P2F,0,IgR,0
2025-09-03 20:36:36.617,T,445998,SR,144,SF,0,T1R,17.00,T1A,17.00,T1F,0,T2R,17.50,T2A,17.00,T2F,0,P1,4.606,P1V,2.199,P1F,0,P2,0.003,P2V,1.892,P2F,0,IgR,0
2025-09-03 20:36:36.843,T,446224,SR,144,SF,0,T1R,17.00,T1A,17.00,T1F,0,T2R,17.50,T2A,17.00,T2F,0,P1,4.580,P1V,2.195,P1F,0,P2,0.002,P2V,1.891,P2F,0,IgR,0
2025-09-03 20:36:37.070,T,446450,SR,144,SF,0,T1R,17.00,T1A,17.00,T1F,0,T2R,17.50,T2A,17.00,T2F,0,P1,4.631,P1V,2.203,P1F,0,P2,0.003,P2V,1.892,P2F,0,IgR,0
2025-09-03 20:36:37.296,T,446676,SR,144,SF,0,T1R,17.00,T1A,17.00,T1F,0,T2R,17.50,T2A,17.00,T2F,0,P1,4.611,P1V,2.200,P1F,0,P2,0.000,P2V,1.891,P2F,0,IgR,0
2025-09-03 20:36:37.521,T,446902,SR,144,SF,0,T1R,17.00,T1A,17.00,T1F,0,T2R,17.50,T2A,17.00,T2F,0,P1,4.585,P1V,2.196,P1F,0,P2,0.002,P2V,1.891,P2F,0,IgR,0
2025-09-03 20:36:37.748,T,447129,SR,144,SF,0,T1R,17.00,T1A,17.00,T1F,0,T2R,17.50,T2A,17.00,T2F,0,P1,4.616,P1V,2.201,P1F,0,P2,0.002,P2V,1.891,P2F,0,IgR,0
2025-09-03 20:36:37.974,T,447354,SR,144,SF,0,T1R,17.00,T1A,17.00,T1F,0,T2R,17.50,T2A,17.00,T2F,0,P1,4.616,P1V,2.201,P1F,0,P2,0.002,P2V,1.891,P2F,0,IgR,0
2025-09-03 20:36:38.200,T,447580,SR,144,SF,0,T1R,17.00,T1A,17.00,T1F,0,T2R,17.50,T2A,17.00,T2F,0,P1,4.601,P1V,2.198,P1F,0,P2,0.002,P2V,1.891,P2F,0,IgR,0
2025-09-03 20:36:38.425,T,447806,SR,144,SF,0,T1R,17.00,T1A,17.00,T1F,0,T2R,17.50,T2A,17.00,T2F,0,P1,4.601,P1V,2.198,P1F,0,P2,0.002,P2V,1.891,P2F,0,IgR,0
2025-09-03 20:36:38.651,T,448032,SR,144,SF,0,T1R,17.00,T1A,17.00,T1F,0,T2R,17.50,T2A,17.00,T2F,0,P1,4.621,P1V,2.202,P1F,0,P2,0.002,P2V,1.891,P2F,0,IgR,0
2025-09-03 20:36:38.877,T,448258,SR,144,SF,0,T1R,17.00,T1A,17.00,T1F,0,T2R,17.50,T2A,17.00,T2F,0,P1,4.606,P1V,2.199,P1F,0,P2,0.002,P2V,1.891,P2F,0,IgR,0
2025-09-03 20:36:39.103,T,448484,SR,144,SF,0,T1R,17.00,T1A,17.00,T1F,0,T2R,17.50,T2A,17.00,T2F,0,P1,4.585,P1V,2.196,P1F,0,P2,0.000,P2V,1.891,P2F,0,IgR,0
2025-09-03 20:36:39.330,T,448710,SR,144,SF,0,T1R,17.00,T1A,17.00,T1F,0,T2R,17.50,T2A,17.00,T2F,0,P1,4.611,P1V,2.200,P1F,0,P2,-0.001,P2V,1.890,P2F,0,IgR,0
2025-09-03 20:36:39.556,T,448936,SR,144,SF,0,T1R,17.00,T1A,17.00,T1F,0,T2R,17.50,T2A,17.00,T2F,0,P1,4.631,P1V,2.203,P1F,0,P2,0.008,P2V,1.895,P2F,0,IgR,0
2025-09-03 20:36:39.781,T,449162,SR,144,SF,0,T1R,17.00,T1A,17.00,T1F,0,T2R,17.50,T2A,17.00,T2F,0,P1,4.585,P1V,2.196,P1F,0,P2,0.002,P2V,1.891,P2F,0,IgR,0
2025-09-03 20:36:40.008,T,449388,SR,144,SF,0,T1R,17.00,T1A,17.00,T1F,0,T2R,17.50,T2A,17.00,T2F,0,P1,4.626,P1V,2.202,P1F,0,P2,0.002,P2V,1.891,P2F,0,IgR,0
2025-09-03 20:36:40.236,T,449614,SR,144,SF,0,T1R,17.00,T1A,17.00,T1F,0,T2R,17.50,T2A,17.00,T2F,0,P1,4.616,P1V,2.201,P1F,0,P2,0.002,P2V,1.891,P2F,0,IgR,0
2025-09-03 20:36:40.459,T,449840,SR,144,SF,0,T1R,17.00,T1A,17.00,T1F,0,T2R,17.50,T2A,17.00,T2F,0,P1,4.601,P1V,2.198,P1F,0,P2,0.003,P2V,1.892,P2F,0,IgR,0
2025-09-03 20:36:40.685,T,450066,SR,144,SF,0,T1R,17.00,T1A,17.00,T1F,0,T2R,17.50,T2A,17.00,T2F,0,P1,4.611,P1V,2.200,P1F,0,P2,0.002,P2V,1.891,P2F,0,IgR,0
2025-09-03 20:36:40.911,T,450292,SR,144,SF,0,T1R,17.00,T1A,17.00,T1F,0,T2R,17.50,T2A,17.00,T2F,0,P1,4.621,P1V,2.202,P1F,0,P2,0.000,P2V,1.891,P2F,0,IgR,0
2025-09-03 20:36:41.139,T,450519,SR,144,SF,0,T1R,17.00,T1A,17.00,T1F,0,T2R,17.50,T2A,17.00,T2F,0,P1,4.601,P1V,2.198,P1F,0,P2,0.002,P2V,1.891,P2F,0,IgR,0
2025-09-03 20:36:41.364,T,450744,SR,144,SF,0,T1R,17.00,T1A,17.00,T1F,0,T2R,17.50,T2A,17.00,T2F,0,P1,4.595,P1V,2.198,P1F,0,P2,0.003,P2V,1.892,P2F,0,IgR,0
2025-09-03 20:36:41.590,T,450970,SR,144,SF,0,T1R,17.00,T1A,17.00,T1F,0,T2R,17.50,T2A,17.00,T2F,0,P1,4.636,P1V,2.204,P1F,0,P2,0.003,P2V,1.892,P2F,0,IgR,0
2025-09-03 20:36:41.816,T,451196,SR,144,SF,0,T1R,17.00,T1A,17.00,T1F,0,T2R,17.50,T2A,17.00,T2F,0,P1,4.611,P1V,2.200,P1F,0,P2,0.004,P2V,1.893,P2F,0,IgR,0
2025-09-03 20:36:42.042,T,451422,SR,144,SF,0,T1R,17.00,T1A,17.00,T1F,0,T2R,17.50,T2A,17.00,T2F,0,P1,4.585,P1V,2.196,P1F,0,P2,0.000,P2V,1.891,P2F,0,IgR,0
2025-09-03 20:36:42.269,T,451648,SR,144,SF,0,T1R,17.00,T1A,17.00,T1F,0,T2R,17.50,T2A,17.00,T2F,0,P1,4.626,P1V,2.202,P1F,0,P2,0.004,P2V,1.893,P2F,0,IgR,0
2025-09-03 20:36:42.493,T,451874,SR,144,SF,0,T1R,17.00,T1A,17.00,T1F,0,T2R,17.50,T2A,17.00,T2F,0,P1,4.616,P1V,2.201,P1F,0,P2,0.002,P2V,1.891,P2F,0,IgR,0
2025-09-03 20:36:42.721,T,452100,SR,144,SF,0,T1R,17.00,T1A,17.00,T1F,0,T2R,17.75,T2A,17.00,T2F,0,P1,4.595,P1V,2.198,P1F,0,P2,0.000,P2V,1.891,P2F,0,IgR,0
2025-09-03 20:36:42.945,T,452326,SR,144,SF,0,T1R,17.00,T1A,17.00,T1F,0,T2R,17.75,T2A,17.00,T2F,0,P1,4.616,P1V,2.201,P1F,0,P2,0.003,P2V,1.892,P2F,0,IgR,0
2025-09-03 20:36:43.172,T,452552,SR,144,SF,0,T1R,17.00,T1A,17.00,T1F,0,T2R,17.50,T2A,17.00,T2F,0,P1,4.621,P1V,2.202,P1F,0,P2,0.004,P2V,1.893,P2F,0,IgR,0
2025-09-03 20:36:43.397,T,452778,SR,144,SF,0,T1R,17.00,T1A,17.00,T1F,0,T2R,17.50,T2A,17.00,T2F,0,P1,4.601,P1V,2.198,P1F,0,P2,0.000,P2V,1.891,P2F,0,IgR,0
2025-09-03 20:36:43.623,T,453004,SR,144,SF,0,T1R,17.00,T1A,17.00,T1F,0,T2R,17.50,T2A,17.00,T2F,0,P1,4.601,P1V,2.198,P1F,0,P2,0.002,P2V,1.891,P2F,0,IgR,0
2025-09-03 20:36:43.849,T,453230,SR,144,SF,0,T1R,17.00,T1A,17.00,T1F,0,T2R,17.50,T2A,17.00,T2F,0,P1,4.636,P1V,2.204,P1F,0,P2,0.004,P2V,1.893,P2F,0,IgR,0
2025-09-03 20:36:44.078,T,453456,SR,144,SF,0,T1R,17.00,T1A,17.00,T1F,0,T2R,17.75,T2A,17.00,T2F,0,P1,4.611,P1V,2.200,P1F,0,P2,0.000,P2V,1.891,P2F,0,IgR,0
2025-09-03 20:36:44.302,T,453682,SR,144,SF,0,T1R,17.00,T1A,17.00,T1F,0,T2R,17.50,T2A,17.00,T2F,0,P1,4.595,P1V,2.198,P1F,0,P2,0.002,P2V,1.891,P2F,0,IgR,0
2025-09-03 20:36:44.528,T,453909,SR,144,SF,0,T1R,17.00,T1A,17.00,T1F,0,T2R,17.75,T2A,17.00,T2F,0,P1,4.636,P1V,2.204,P1F,0,P2,0.003,P2V,1.892,P2F,0,IgR,0
2025-09-03 20:36:44.754,T,454134,SR,144,SF,0,T1R,17.00,T1A,17.00,T1F,0,T2R,17.75,T2A,17.00,T2F,0,P1,4.626,P1V,2.202,P1F,0,P2,0.002,P2V,1.891,P2F,0,IgR,0
2025-09-03 20:36:44.980,T,454360,SR,144,SF,0,T1R,17.00,T1A,17.00,T1F,0,T2R,17.75,T2A,17.00,T2F,0,P1,4.585,P1V,2.196,P1F,0,P2,0.002,P2V,1.891,P2F,0,IgR,0
2025-09-03 20:36:45.205,T,454586,SR,144,SF,0,T1R,17.00,T1A,17.00,T1F,0,T2R,17.75,T2A,17.00,T2F,0,P1,4.616,P1V,2.201,P1F,0,P2,0.003,P2V,1.892,P2F,0,IgR,0
2025-09-03 20:36:45.432,T,454812,SR,144,SF,0,T1R,17.00,T1A,17.00,T1F,0,T2R,17.75,T2A,17.00,T2F,0,P1,4.626,P1V,2.202,P1F,0,P2,0.002,P2V,1.891,P2F,0,IgR,0
2025-09-03 20:36:45.659,T,455038,SR,144,SF,0,T1R,17.00,T1A,17.00,T1F,0,T2R,17.75,T2A,17.00,T2F,0,P1,4.606,P1V,2.199,P1F,0,P2,0.003,P2V,1.892,P2F,0,IgR,0
2025-09-03 20:36:45.887,T,455264,SR,144,SF,0,T1R,17.00,T1A,17.00,T1F,0,T2R,17.75,T2A,17.00,T2F,0,P1,4.611,P1V,2.200,P1F,0,P2,0.002,P2V,1.891,P2F,0,IgR,0
2025-09-03 20:36:46.110,T,455490,SR,144,SF,0,T1R,17.00,T1A,17.00,T1F,0,T2R,17.75,T2A,17.00,T2F,0,P1,4.626,P1V,2.202,P1F,0,P2,0.003,P2V,1.892,P2F,0,IgR,0
2025-09-03 20:36:46.336,T,455716,SR,144,SF,0,T1R,17.00,T1A,17.00,T1F,0,T2R,17.75,T2A,17.00,T2F,0,P1,4.616,P1V,2.201,P1F,0,P2,0.003,P2V,1.892,P2F,0,IgR,0
2025-09-03 20:36:46.564,T,455942,SR,144,SF,0,T1R,17.00,T1A,17.00,T1F,0,T2R,17.75,T2A,17.00,T2F,0,P1,4.601,P1V,2.198,P1F,0,P2,0.002,P2V,1.891,P2F,0,IgR,0
2025-09-03 20:36:46.788,T,456168,SR,144,SF,0,T1R,17.00,T1A,17.00,T1F,0,T2R,17.75,T2A,17.00,T2F,0,P1,4.641,P1V,2.205,P1F,0,P2,0.002,P2V,1.891,P2F,0,IgR,0
2025-09-03 20:36:47.014,T,456394,SR,144,SF,0,T1R,17.25,T1A,17.00,T1F,0,T2R,17.75,T2A,17.00,T2F,0,P1,4.621,P1V,2.202,P1F,0,P2,0.004,P2V,1.893,P2F,0,IgR,0
2025-09-03 20:36:47.240,T,456620,SR,144,SF,0,T1R,17.00,T1A,17.00,T1F,0,T2R,17.75,T2A,17.00,T2F,0,P1,4.595,P1V,2.198,P1F,0,P2,0.003,P2V,1.892,P2F,0,IgR,0
2025-09-03 20:36:47.465,T,456846,SR,144,SF,0,T1R,17.00,T1A,17.00,T1F,0,T2R,17.75,T2A,17.00,T2F,0,P1,4.636,P1V,2.204,P1F,0,P2,0.002,P2V,1.891,P2F,0,IgR,0
2025-09-03 20:36:47.693,T,457072,SR,144,SF,0,T1R,17.00,T1A,17.00,T1F,0,T2R,17.75,T2A,17.00,T2F,0,P1,4.626,P1V,2.202,P1F,0,P2,0.002,P2V,1.891,P2F,0,IgR,0
2025-09-03 20:36:47.917,T,457298,SR,144,SF,0,T1R,17.00,T1A,17.00,T1F,0,T2R,17.75,T2A,17.00,T2F,0,P1,4.616,P1V,2.201,P1F,0,P2,0.002,P2V,1.891,P2F,0,IgR,0
2025-09-03 20:36:48.144,T,457524,SR,144,SF,0,T1R,17.00,T1A,17.00,T1F,0,T2R,17.75,T2A,17.00,T2F,0,P1,4.621,P1V,2.202,P1F,0,P2,0.002,P2V,1.891,P2F,0,IgR,0
2025-09-03 20:36:48.370,T,457750,SR,144,SF,0,T1R,17.00,T1A,17.00,T1F,0,T2R,17.75,T2A,17.00,T2F,0,P1,4.636,P1V,2.204,P1F,0,P2,0.002,P2V,1.891,P2F,0,IgR,0
2025-09-03 20:36:48.596,T,457976,SR,144,SF,0,T1R,17.00,T1A,17.00,T1F,0,T2R,17.75,T2A,17.00,T2F,0,P1,4.621,P1V,2.202,P1F,0,P2,0.003,P2V,1.892,P2F,0,IgR,0
2025-09-03 20:36:48.822,T,458202,SR,144,SF,0,T1R,17.00,T1A,17.00,T1F,0,T2R,17.75,T2A,17.00,T2F,0,P1,4.606,P1V,2.199,P1F,0,P2,0.002,P2V,1.891,P2F,0,IgR,0
2025-09-03 20:36:49.048,T,458428,SR,144,SF,0,T1R,17.00,T1A,17.00,T1F,0,T2R,17.75,T2A,17.00,T2F,0,P1,4.641,P1V,2.205,P1F,0,P2,0.003,P2V,1.892,P2F,0,IgR,0
2025-09-03 20:36:49.273,T,458654,SR,144,SF,0,T1R,17.00,T1A,17.00,T1F,0,T2R,17.75,T2A,17.00,T2F,0,P1,4.626,P1V,2.202,P1F,0,P2,0.002,P2V,1.891,P2F,0,IgR,0
2025-09-03 20:36:49.499,T,458880,SR,144,SF,0,T1R,17.00,T1A,17.00,T1F,0,T2R,17.75,T2A,17.00,T2F,0,P1,4.601,P1V,2.198,P1F,0,P2,0.002,P2V,1.891,P2F,0,IgR,0
2025-09-03 20:36:49.727,T,459106,SR,144,SF,0,T1R,17.00,T1A,17.00,T1F,0,T2R,17.75,T2A,17.00,T2F,0,P1,4.646,P1V,2.206,P1F,0,P2,0.003,P2V,1.892,P2F,0,IgR,0
2025-09-03 20:36:49.953,T,459332,SR,144,SF,0,T1R,17.00,T1A,17.00,T1F,0,T2R,17.75,T2A,17.00,T2F,0,P1,4.621,P1V,2.202,P1F,0,P2,0.002,P2V,1.891,P2F,0,IgR,0
2025-09-03 20:36:50.177,T,459558,SR,144,SF,0,T1R,17.00,T1A,17.00,T1F,0,T2R,17.75,T2A,17.00,T2F,0,P1,4.606,P1V,2.199,P1F,0,P2,0.003,P2V,1.892,P2F,0,IgR,0
2025-09-03 20:36:50.403,T,459784,SR,144,SF,0,T1R,17.00,T1A,17.00,T1F,0,T2R,17.75,T2A,17.00,T2F,0,P1,4.621,P1V,2.202,P1F,0,P2,0.000,P2V,1.891,P2F,0,IgR,0
2025-09-03 20:36:50.629,T,460010,SR,144,SF,0,T1R,17.00,T1A,17.00,T1F,0,T2R,17.75,T2A,17.00,T2F,0,P1,4.636,P1V,2.204,P1F,0,P2,0.003,P2V,1.892,P2F,0,IgR,0
2025-09-03 20:36:50.856,T,460236,SR,144,SF,0,T1R,17.00,T1A,17.00,T1F,0,T2R,17.75,T2A,17.00,T2F,0,P1,4.616,P1V,2.201,P1F,0,P2,0.003,P2V,1.892,P2F,0,IgR,0
2025-09-03 20:36:51.082,T,460462,SR,144,SF,0,T1R,17.00,T1A,17.00,T1F,0,T2R,17.75,T2A,17.00,T2F,0,P1,4.601,P1V,2.198,P1F,0,P2,0.000,P2V,1.891,P2F,0,IgR,0
2025-09-03 20:36:51.308,T,460689,SR,144,SF,0,T1R,17.00,T1A,17.00,T1F,0,T2R,17.75,T2A,17.00,T2F,0,P1,4.641,P1V,2.205,P1F,0,P2,0.003,P2V,1.892,P2F,0,IgR,0
2025-09-03 20:36:51.533,T,460914,SR,144,SF,0,T1R,17.00,T1A,17.00,T1F,0,T2R,17.75,T2A,17.00,T2F,0,P1,4.621,P1V,2.202,P1F,0,P2,0.002,P2V,1.891,P2F,0,IgR,0
2025-09-03 20:36:51.759,T,461140,SR,144,SF,0,T1R,17.00,T1A,17.00,T1F,0,T2R,17.75,T2A,17.00,T2F,0,P1,4.606,P1V,2.199,P1F,0,P2,0.002,P2V,1.891,P2F,0,IgR,0
2025-09-03 20:36:51.985,T,461366,SR,144,SF,0,T1R,17.00,T1A,17.00,T1F,0,T2R,17.75,T2A,17.00,T2F,0,P1,4.641,P1V,2.205,P1F,0,P2,0.003,P2V,1.892,P2F,0,IgR,0
2025-09-03 20:36:52.211,T,461592,SR,144,SF,0,T1R,17.00,T1A,17.00,T1F,0,T2R,17.75,T2A,17.00,T2F,0,P1,4.631,P1V,2.203,P1F,0,P2,0.002,P2V,1.891,P2F,0,IgR,0
2025-09-03 20:36:52.438,T,461818,SR,144,SF,0,T1R,17.00,T1A,17.00,T1F,0,T2R,17.75,T2A,17.00,T2F,0,P1,4.601,P1V,2.198,P1F,0,P2,0.003,P2V,1.892,P2F,0,IgR,0
2025-09-03 20:36:52.663,T,462044,SR,144,SF,0,T1R,17.00,T1A,17.00,T1F,0,T2R,17.75,T2A,17.00,T2F,0,P1,4.636,P1V,2.204,P1F,0,P2,0.002,P2V,1.891,P2F,0,IgR,0
2025-09-03 20:36:52.889,T,462270,SR,144,SF,0,T1R,17.00,T1A,17.00,T1F,0,T2R,17.75,T2A,17.00,T2F,0,P1,4.636,P1V,2.204,P1F,0,P2,0.000,P2V,1.891,P2F,0,IgR,0
2025-09-03 20:36:53.116,T,462496,SR,144,SF,0,T1R,17.00,T1A,17.00,T1F,0,T2R,17.75,T2A,17.00,T2F,0,P1,4.616,P1V,2.201,P1F,0,P2,0.002,P2V,1.891,P2F,0,IgR,0
2025-09-03 20:36:53.341,T,462722,SR,144,SF,0,T1R,17.00,T1A,17.00,T1F,0,T2R,17.75,T2A,17.00,T2F,0,P1,4.621,P1V,2.202,P1F,0,P2,0.003,P2V,1.892,P2F,0,IgR,0
2025-09-03 20:36:53.567,T,462948,SR,144,SF,0,T1R,17.00,T1A,17.00,T1F,0,T2R,17.75,T2A,17.00,T2F,0,P1,4.641,P1V,2.205,P1F,0,P2,0.003,P2V,1.892,P2F,0,IgR,0
2025-09-03 20:36:53.794,T,463174,SR,144,SF,0,T1R,17.25,T1A,17.00,T1F,0,T2R,17.75,T2A,17.00,T2F,0,P1,4.621,P1V,2.202,P1F,0,P2,0.003,P2V,1.892,P2F,0,IgR,0
2025-09-03 20:36:54.019,T,463400,SR,144,SF,0,T1R,17.00,T1A,17.00,T1F,0,T2R,17.75,T2A,17.00,T2F,0,P1,4.601,P1V,2.198,P1F,0,P2,0.003,P2V,1.892,P2F,0,IgR,0
2025-09-03 20:36:54.246,T,463626,SR,144,SF,0,T1R,17.00,T1A,17.00,T1F,0,T2R,17.75,T2A,17.00,T2F,0,P1,4.656,P1V,2.207,P1F,0,P2,0.003,P2V,1.892,P2F,0,IgR,0
2025-09-03 20:36:54.471,T,463852,SR,144,SF,0,T1R,17.00,T1A,17.00,T1F,0,T2R,17.75,T2A,17.00,T2F,0,P1,4.626,P1V,2.202,P1F,0,P2,0.002,P2V,1.891,P2F,0,IgR,0
2025-09-03 20:36:54.698,T,464078,SR,144,SF,0,T1R,17.00,T1A,17.00,T1F,0,T2R,17.75,T2A,17.00,T2F,0,P1,4.601,P1V,2.198,P1F,0,P2,0.002,P2V,1.891,P2F,0,IgR,0
2025-09-03 20:36:54.925,T,464304,SR,144,SF,0,T1R,17.00,T1A,17.00,T1F,0,T2R,17.75,T2A,17.00,T2F,0,P1,4.651,P1V,2.206,P1F,0,P2,0.004,P2V,1.893,P2F,0,IgR,0
2025-09-03 20:36:55.150,T,464530,SR,144,SF,0,T1R,17.00,T1A,17.00,T1F,0,T2R,17.75,T2A,17.00,T2F,0,P1,4.636,P1V,2.204,P1F,0,P2,0.003,P2V,1.892,P2F,0,IgR,0
2025-09-03 20:36:55.376,T,464756,SR,144,SF,0,T1R,17.25,T1A,17.00,T1F,0,T2R,17.75,T2A,17.00,T2F,0,P1,4.616,P1V,2.201,P1F,0,P2,0.004,P2V,1.893,P2F,0,IgR,0
2025-09-03 20:36:55.601,T,464982,SR,144,SF,0,T1R,17.00,T1A,17.00,T1F,0,T2R,17.75,T2A,17.00,T2F,0,P1,4.636,P1V,2.204,P1F,0,P2,0.002,P2V,1.891,P2F,0,IgR,0
2025-09-03 20:36:55.829,T,465208,SR,144,SF,0,T1R,17.00,T1A,17.00,T1F,0,T2R,17.75,T2A,17.00,T2F,0,P1,4.641,P1V,2.205,P1F,0,P2,0.002,P2V,1.891,P2F,0,IgR,0
2025-09-03 20:36:56.053,T,465434,SR,144,SF,0,T1R,17.00,T1A,17.00,T1F,0,T2R,17.75,T2A,17.00,T2F,0,P1,4.621,P1V,2.202,P1F,0,P2,0.003,P2V,1.892,P2F,0,IgR,0
2025-09-03 20:36:56.279,T,465660,SR,144,SF,0,T1R,17.00,T1A,17.00,T1F,0,T2R,17.75,T2A,17.00,T2F,0,P1,4.616,P1V,2.201,P1F,0,P2,0.002,P2V,1.891,P2F,0,IgR,0
2025-09-03 20:36:56.507,T,465886,SR,144,SF,0,T1R,17.00,T1A,17.00,T1F,0,T2R,17.75,T2A,17.00,T2F,0,P1,4.646,P1V,2.206,P1F,0,P2,0.003,P2V,1.892,P2F,0,IgR,0
2025-09-03 20:36:56.731,T,466112,SR,144,SF,0,T1R,17.00,T1A,17.00,T1F,0,T2R,17.75,T2A,17.00,T2F,0,P1,4.626,P1V,2.202,P1F,0,P2,0.000,P2V,1.891,P2F,0,IgR,0
2025-09-03 20:36:56.958,T,466339,SR,144,SF,0,T1R,17.00,T1A,17.00,T1F,0,T2R,17.75,T2A,17.00,T2F,0,P1,4.606,P1V,2.199,P1F,0,P2,0.002,P2V,1.891,P2F,0,IgR,0
2025-09-03 20:36:57.184,T,466564,SR,144,SF,0,T1R,17.00,T1A,17.00,T1F,0,T2R,17.75,T2A,17.00,T2F,0,P1,4.646,P1V,2.206,P1F,0,P2,0.004,P2V,1.893,P2F,0,IgR,0
2025-09-03 20:36:57.410,T,466790,SR,144,SF,0,T1R,17.25,T1A,17.00,T1F,0,T2R,17.75,T2A,17.00,T2F,0,P1,4.631,P1V,2.203,P1F,0,P2,0.003,P2V,1.892,P2F,0,IgR,0
2025-09-03 20:36:57.635,T,467016,SR,144,SF,0,T1R,17.00,T1A,17.00,T1F,0,T2R,17.75,T2A,17.00,T2F,0,P1,4.611,P1V,2.200,P1F,0,P2,0.003,P2V,1.892,P2F,0,IgR,0
2025-09-03 20:36:57.861,T,467242,SR,144,SF,0,T1R,17.00,T1A,17.00,T1F,0,T2R,17.75,T2A,17.00,T2F,0,P1,4.636,P1V,2.204,P1F,0,P2,0.003,P2V,1.892,P2F,0,IgR,0
2025-09-03 20:36:58.087,T,467468,SR,144,SF,0,T1R,17.00,T1A,17.00,T1F,0,T2R,17.75,T2A,17.00,T2F,0,P1,4.636,P1V,2.204,P1F,0,P2,0.003,P2V,1.892,P2F,0,IgR,0
2025-09-03 20:36:58.313,T,467694,SR,144,SF,0,T1R,17.00,T1A,17.00,T1F,0,T2R,17.75,T2A,17.00,T2F,0,P1,4.616,P1V,2.201,P1F,0,P2,0.002,P2V,1.891,P2F,0,IgR,0
2025-09-03 20:36:58.539,T,467920,SR,144,SF,0,T1R,17.00,T1A,17.00,T1F,0,T2R,17.75,T2A,17.00,T2F,0,P1,4.626,P1V,2.202,P1F,0,P2,0.002,P2V,1.891,P2F,0,IgR,0
2025-09-03 20:36:58.766,T,468146,SR,144,SF,0,T1R,17.00,T1A,17.00,T1F,0,T2R,17.75,T2A,17.00,T2F,0,P1,4.646,P1V,2.206,P1F,0,P2,0.003,P2V,1.892,P2F,0,IgR,0
2025-09-03 20:36:58.991,T,468372,SR,144,SF,0,T1R,17.00,T1A,17.00,T1F,0,T2R,17.75,T2A,17.00,T2F,0,P1,4.626,P1V,2.202,P1F,0,P2,0.004,P2V,1.893,P2F,0,IgR,0
2025-09-03 20:36:59.218,T,468598,SR,144,SF,0,T1R,17.00,T1A,17.00,T1F,0,T2R,17.75,T2A,17.00,T2F,0,P1,4.616,P1V,2.201,P1F,0,P2,0.002,P2V,1.891,P2F,0,IgR,0
2025-09-03 20:36:59.443,T,468824,SR,144,SF,0,T1R,17.00,T1A,17.00,T1F,0,T2R,17.75,T2A,17.00,T2F,0,P1,4.651,P1V,2.206,P1F,0,P2,0.002,P2V,1.891,P2F,0,IgR,0
2025-09-03 20:36:59.670,T,469050,SR,144,SF,0,T1R,17.00,T1A,17.00,T1F,0,T2R,17.75,T2A,17.00,T2F,0,P1,4.631,P1V,2.203,P1F,0,P2,0.003,P2V,1.892,P2F,0,IgR,0
2025-09-03 20:36:59.895,T,469276,SR,144,SF,0,T1R,17.00,T1A,17.00,T1F,0,T2R,17.75,T2A,17.00,T2F,0,P1,4.606,P1V,2.199,P1F,0,P2,0.002,P2V,1.891,P2F,0,IgR,0
2025-09-03 20:37:00.121,T,469502,SR,144,SF,0,T1R,17.00,T1A,17.00,T1F,0,T2R,17.75,T2A,17.00,T2F,0,P1,4.661,P1V,2.208,P1F,0,P2,0.004,P2V,1.893,P2F,0,IgR,0
2025-09-03 20:37:00.347,T,469728,SR,144,SF,0,T1R,17.00,T1A,17.00,T1F,0,T2R,17.75,T2A,17.00,T2F,0,P1,4.636,P1V,2.204,P1F,0,P2,0.003,P2V,1.892,P2F,0,IgR,0
2025-09-03 20:37:00.573,T,469954,SR,144,SF,0,T1R,17.00,T1A,17.00,T1F,0,T2R,17.75,T2A,17.00,T2F,0,P1,4.606,P1V,2.199,P1F,0,P2,0.002,P2V,1.891,P2F,0,IgR,0
2025-09-03 20:37:00.799,T,470180,SR,144,SF,0,T1R,17.00,T1A,17.00,T1F,0,T2R,18.00,T2A,17.00,T2F,0,P1,4.636,P1V,2.204,P1F,0,P2,0.003,P2V,1.892,P2F,0,IgR,0
2025-09-03 20:37:01.025,T,470406,SR,144,SF,0,T1R,17.00,T1A,17.00,T1F,0,T2R,17.75,T2A,17.00,T2F,0,P1,4.646,P1V,2.206,P1F,0,P2,0.000,P2V,1.891,P2F,0,IgR,0
2025-09-03 20:37:01.252,T,470632,SR,144,SF,0,T1R,17.25,T1A,17.00,T1F,0,T2R,17.75,T2A,17.00,T2F,0,P1,4.631,P1V,2.203,P1F,0,P2,0.000,P2V,1.891,P2F,0,IgR,0
2025-09-03 20:37:01.478,T,470858,SR,144,SF,0,T1R,17.00,T1A,17.00,T1F,0,T2R,17.75,T2A,17.00,T2F,0,P1,4.636,P1V,2.204,P1F,0,P2,0.002,P2V,1.891,P2F,0,IgR,0
2025-09-03 20:37:01.703,T,471084,SR,144,SF,0,T1R,17.00,T1A,17.00,T1F,0,T2R,17.75,T2A,17.00,T2F,0,P1,4.641,P1V,2.205,P1F,0,P2,0.004,P2V,1.893,P2F,0,IgR,0
2025-09-03 20:37:01.929,T,471310,SR,144,SF,0,T1R,17.00,T1A,17.00,T1F,0,T2R,18.00,T2A,17.00,T2F,0,P1,4.636,P1V,2.204,P1F,0,P2,0.002,P2V,1.891,P2F,0,IgR,0
2025-09-03 20:37:02.155,T,471536,SR,144,SF,0,T1R,17.00,T1A,17.00,T1F,0,T2R,17.75,T2A,17.00,T2F,0,P1,4.616,P1V,2.201,P1F,0,P2,0.003,P2V,1.892,P2F,0,IgR,0
2025-09-03 20:37:02.381,T,471762,SR,144,SF,0,T1R,17.00,T1A,17.00,T1F,0,T2R,17.75,T2A,17.00,T2F,0,P1,4.676,P1V,2.210,P1F,0,P2,0.004,P2V,1.893,P2F,0,IgR,0
2025-09-03 20:37:02.607,T,471988,SR,144,SF,0,T1R,17.25,T1A,17.00,T1F,0,T2R,17.75,T2A,17.00,T2F,0,P1,4.636,P1V,2.204,P1F,0,P2,0.003,P2V,1.892,P2F,0,IgR,0
2025-09-03 20:37:02.833,T,472214,SR,144,SF,0,T1R,17.00,T1A,17.00,T1F,0,T2R,17.75,T2A,17.00,T2F,0,P1,4.611,P1V,2.200,P1F,0,P2,0.002,P2V,1.891,P2F,0,IgR,0
2025-09-03 20:37:03.059,T,472440,SR,144,SF,0,T1R,17.00,T1A,17.00,T1F,0,T2R,17.75,T2A,17.00,T2F,0,P1,4.661,P1V,2.208,P1F,0,P2,0.003,P2V,1.892,P2F,0,IgR,0
2025-09-03 20:37:03.285,T,472666,SR,144,SF,0,T1R,17.25,T1A,17.00,T1F,0,T2R,17.75,T2A,17.00,T2F,0,P1,4.641,P1V,2.205,P1F,0,P2,0.002,P2V,1.891,P2F,0,IgR,0
2025-09-03 20:37:03.511,T,472892,SR,144,SF,0,T1R,17.25,T1A,17.00,T1F,0,T2R,17.75,T2A,17.00,T2F,0,P1,4.611,P1V,2.200,P1F,0,P2,0.000,P2V,1.891,P2F,0,IgR,0
2025-09-03 20:37:03.738,T,473118,SR,144,SF,0,T1R,17.00,T1A,17.00,T1F,0,T2R,18.00,T2A,17.40,T2F,0,P1,4.646,P1V,2.206,P1F,0,P2,0.002,P2V,1.891,P2F,0,IgR,0
2025-09-03 20:37:03.963,T,473344,SR,144,SF,0,T1R,17.00,T1A,17.00,T1F,0,T2R,17.75,T2A,17.40,T2F,0,P1,4.646,P1V,2.206,P1F,0,P2,0.002,P2V,1.891,P2F,0,IgR,0
2025-09-03 20:37:04.190,T,473570,SR,144,SF,0,T1R,17.25,T1A,17.00,T1F,0,T2R,17.75,T2A,17.40,T2F,0,P1,4.636,P1V,2.204,P1F,0,P2,0.003,P2V,1.892,P2F,0,IgR,0
2025-09-03 20:37:04.417,T,473797,SR,144,SF,0,T1R,17.00,T1A,17.00,T1F,0,T2R,17.75,T2A,17.40,T2F,0,P1,4.641,P1V,2.205,P1F,0,P2,0.002,P2V,1.891,P2F,0,IgR,0
2025-09-03 20:37:04.643,T,474023,SR,144,SF,0,T1R,17.25,T1A,17.00,T1F,0,T2R,17.75,T2A,17.40,T2F,0,P1,4.651,P1V,2.206,P1F,0,P2,0.004,P2V,1.893,P2F,0,IgR,0
2025-09-03 20:37:04.869,T,474250,SR,144,SF,0,T1R,17.25,T1A,17.00,T1F,0,T2R,17.75,T2A,17.00,T2F,0,P1,4.626,P1V,2.202,P1F,0,P2,0.002,P2V,1.891,P2F,0,IgR,0
2025-09-03 20:37:05.095,T,474476,SR,144,SF,0,T1R,17.25,T1A,17.00,T1F,0,T2R,17.75,T2A,17.00,T2F,0,P1,4.631,P1V,2.203,P1F,0,P2,0.003,P2V,1.892,P2F,0,IgR,0
2025-09-03 20:37:05.323,T,474702,SR,144,SF,0,T1R,17.25,T1A,17.00,T1F,0,T2R,18.00,T2A,17.00,T2F,0,P1,4.661,P1V,2.208,P1F,0,P2,0.002,P2V,1.891,P2F,0,IgR,0
2025-09-03 20:37:05.548,T,474928,SR,144,SF,0,T1R,17.25,T1A,17.00,T1F,0,T2R,18.00,T2A,17.00,T2F,0,P1,4.641,P1V,2.205,P1F,0,P2,0.003,P2V,1.892,P2F,0,IgR,0
2025-09-03 20:37:05.774,T,475154,SR,144,SF,0,T1R,17.00,T1A,17.00,T1F,0,T2R,17.75,T2A,17.00,T2F,0,P1,4.621,P1V,2.202,P1F,0,P2,0.002,P2V,1.891,P2F,0,IgR,0
2025-09-03 20:37:06.000,T,475380,SR,144,SF,0,T1R,17.25,T1A,17.00,T1F,0,T2R,17.75,T2A,17.00,T2F,0,P1,4.671,P1V,2.210,P1F,0,P2,0.003,P2V,1.892,P2F,0,IgR,0
2025-09-03 20:37:06.226,T,475606,SR,144,SF,0,T1R,17.00,T1A,17.00,T1F,0,T2R,17.75,T2A,17.00,T2F,0,P1,4.651,P1V,2.206,P1F,0,P2,0.002,P2V,1.891,P2F,0,IgR,0
2025-09-03 20:37:06.451,T,475832,SR,144,SF,0,T1R,17.25,T1A,17.00,T1F,0,T2R,18.00,T2A,17.00,T2F,0,P1,4.611,P1V,2.200,P1F,0,P2,0.002,P2V,1.891,P2F,0,IgR,0
2025-09-03 20:37:06.677,T,476058,SR,144,SF,0,T1R,17.25,T1A,17.00,T1F,0,T2R,18.00,T2A,17.00,T2F,0,P1,4.661,P1V,2.208,P1F,0,P2,0.003,P2V,1.892,P2F,0,IgR,0
2025-09-03 20:37:06.903,T,476284,SR,144,SF,0,T1R,17.25,T1A,17.00,T1F,0,T2R,17.75,T2A,17.00,T2F,0,P1,4.646,P1V,2.206,P1F,0,P2,0.004,P2V,1.893,P2F,0,IgR,0
2025-09-03 20:37:07.129,T,476510,SR,144,SF,0,T1R,17.25,T1A,17.00,T1F,0,T2R,18.00,T2A,18.00,T2F,0,P1,4.636,P1V,2.204,P1F,0,P2,0.003,P2V,1.892,P2F,0,IgR,0
2025-09-03 20:37:07.355,T,476736,SR,144,SF,0,T1R,17.25,T1A,17.00,T1F,0,T2R,18.00,T2A,18.00,T2F,0,P1,4.646,P1V,2.206,P1F,0,P2,0.000,P2V,1.891,P2F,0,IgR,0
2025-09-03 20:37:07.581,T,476962,SR,144,SF,0,T1R,17.25,T1A,17.00,T1F,0,T2R,18.00,T2A,18.00,T2F,0,P1,4.656,P1V,2.207,P1F,0,P2,0.002,P2V,1.891,P2F,0,IgR,0
2025-09-03 20:37:07.809,T,477188,SR,144,SF,0,T1R,17.25,T1A,17.00,T1F,0,T2R,17.75,T2A,18.00,T2F,0,P1,4.646,P1V,2.206,P1F,0,P2,0.003,P2V,1.892,P2F,0,IgR,0
2025-09-03 20:37:08.035,T,477414,SR,144,SF,0,T1R,17.25,T1A,17.00,T1F,0,T2R,18.00,T2A,18.00,T2F,0,P1,4.636,P1V,2.204,P1F,0,P2,-0.001,P2V,1.890,P2F,0,IgR,0
2025-09-03 20:37:08.260,T,477640,SR,144,SF,0,T1R,17.25,T1A,17.00,T1F,0,T2R,18.00,T2A,18.00,T2F,0,P1,4.661,P1V,2.208,P1F,0,P2,0.003,P2V,1.892,P2F,0,IgR,0
2025-09-03 20:37:08.485,T,477866,SR,144,SF,0,T1R,17.25,T1A,17.00,T1F,0,T2R,18.00,T2A,18.00,T2F,0,P1,4.646,P1V,2.206,P1F,0,P2,0.003,P2V,1.892,P2F,0,IgR,0
2025-09-03 20:37:08.711,T,478092,SR,144,SF,0,T1R,17.25,T1A,17.00,T1F,0,T2R,18.00,T2A,18.00,T2F,0,P1,4.621,P1V,2.202,P1F,0,P2,0.003,P2V,1.892,P2F,0,IgR,0
2025-09-03 20:37:08.937,T,478318,SR,144,SF,0,T1R,17.25,T1A,17.00,T1F,0,T2R,17.75,T2A,18.00,T2F,0,P1,4.676,P1V,2.210,P1F,0,P2,0.006,P2V,1.894,P2F,0,IgR,0
2025-09-03 20:37:09.164,T,478544,SR,144,SF,0,T1R,17.25,T1A,17.00,T1F,0,T2R,18.00,T2A,18.00,T2F,0,P1,4.646,P1V,2.206,P1F,0,P2,0.003,P2V,1.892,P2F,0,IgR,0
2025-09-03 20:37:09.391,T,478770,SR,144,SF,0,T1R,17.25,T1A,17.00,T1F,0,T2R,18.00,T2A,18.00,T2F,0,P1,4.621,P1V,2.202,P1F,0,P2,0.002,P2V,1.891,P2F,0,IgR,0
2025-09-03 20:37:09.616,T,478996,SR,144,SF,0,T1R,17.25,T1A,17.00,T1F,0,T2R,18.00,T2A,18.00,T2F,0,P1,4.651,P1V,2.206,P1F,0,P2,0.003,P2V,1.892,P2F,0,IgR,0
2025-09-03 20:37:09.843,T,479222,SR,144,SF,0,T1R,17.25,T1A,17.00,T1F,0,T2R,18.00,T2A,18.00,T2F,0,P1,4.656,P1V,2.207,P1F,0,P2,0.002,P2V,1.891,P2F,0,IgR,0
2025-09-03 20:37:10.069,T,479448,SR,144,SF,0,T1R,17.25,T1A,17.00,T1F,0,T2R,18.00,T2A,18.00,T2F,0,P1,4.646,P1V,2.206,P1F,0,P2,0.003,P2V,1.892,P2F,0,IgR,0
2025-09-03 20:37:10.293,T,479674,SR,144,SF,0,T1R,17.25,T1A,17.00,T1F,0,T2R,18.00,T2A,18.00,T2F,0,P1,4.641,P1V,2.205,P1F,0,P2,0.002,P2V,1.891,P2F,0,IgR,0
2025-09-03 20:37:10.519,T,479900,SR,144,SF,0,T1R,17.25,T1A,17.00,T1F,0,T2R,18.00,T2A,18.00,T2F,0,P1,4.661,P1V,2.208,P1F,0,P2,0.000,P2V,1.891,P2F,0,IgR,0
2025-09-03 20:37:10.745,T,480126,SR,144,SF,0,T1R,17.25,T1A,17.00,T1F,0,T2R,18.00,T2A,18.00,T2F,0,P1,4.646,P1V,2.206,P1F,0,P2,0.003,P2V,1.892,P2F,0,IgR,0
2025-09-03 20:37:10.972,T,480352,SR,144,SF,0,T1R,17.25,T1A,17.00,T1F,0,T2R,18.00,T2A,18.00,T2F,0,P1,4.636,P1V,2.204,P1F,0,P2,0.004,P2V,1.893,P2F,0,IgR,0
2025-09-03 20:37:11.197,T,480578,SR,144,SF,0,T1R,17.25,T1A,17.00,T1F,0,T2R,18.00,T2A,18.00,T2F,0,P1,4.671,P1V,2.210,P1F,0,P2,0.004,P2V,1.893,P2F,0,IgR,0
2025-09-03 20:37:11.423,T,480804,SR,144,SF,0,T1R,17.25,T1A,17.00,T1F,0,T2R,18.00,T2A,18.00,T2F,0,P1,4.651,P1V,2.206,P1F,0,P2,0.003,P2V,1.892,P2F,0,IgR,0
2025-09-03 20:37:11.649,T,481030,SR,144,SF,0,T1R,17.25,T1A,17.00,T1F,0,T2R,18.00,T2A,18.00,T2F,0,P1,4.616,P1V,2.201,P1F,0,P2,0.000,P2V,1.891,P2F,0,IgR,0
2025-09-03 20:37:11.875,T,481256,SR,144,SF,0,T1R,17.25,T1A,17.00,T1F,0,T2R,18.00,T2A,18.00,T2F,0,P1,4.661,P1V,2.208,P1F,0,P2,0.003,P2V,1.892,P2F,0,IgR,0
2025-09-03 20:37:12.102,T,481482,SR,144,SF,0,T1R,17.25,T1A,17.00,T1F,0,T2R,18.00,T2A,18.00,T2F,0,P1,4.656,P1V,2.207,P1F,0,P2,0.002,P2V,1.891,P2F,0,IgR,0
2025-09-03 20:37:12.327,T,481708,SR,144,SF,0,T1R,17.25,T1A,17.00,T1F,0,T2R,18.00,T2A,18.00,T2F,0,P1,4.636,P1V,2.204,P1F,0,P2,0.002,P2V,1.891,P2F,0,IgR,0
2025-09-03 20:37:12.552,T,481934,SR,144,SF,0,T1R,17.25,T1A,17.00,T1F,0,T2R,18.00,T2A,18.00,T2F,0,P1,4.651,P1V,2.206,P1F,0,P2,0.003,P2V,1.892,P2F,0,IgR,0
2025-09-03 20:37:12.778,T,482160,SR,144,SF,0,T1R,17.25,T1A,17.00,T1F,0,T2R,18.00,T2A,18.00,T2F,0,P1,4.651,P1V,2.206,P1F,0,P2,0.003,P2V,1.892,P2F,0,IgR,0
2025-09-03 20:37:13.005,T,482386,SR,144,SF,0,T1R,17.50,T1A,17.00,T1F,0,T2R,18.00,T2A,18.00,T2F,0,P1,4.651,P1V,2.206,P1F,0,P2,0.002,P2V,1.891,P2F,0,IgR,0
2025-09-03 20:37:13.231,T,482612,SR,144,SF,0,T1R,17.25,T1A,17.00,T1F,0,T2R,18.00,T2A,18.00,T2F,0,P1,4.636,P1V,2.204,P1F,0,P2,0.002,P2V,1.891,P2F,0,IgR,0
2025-09-03 20:37:13.457,T,482838,SR,144,SF,0,T1R,17.25,T1A,17.00,T1F,0,T2R,18.00,T2A,18.00,T2F,0,P1,4.666,P1V,2.209,P1F,0,P2,0.003,P2V,1.892,P2F,0,IgR,0
2025-09-03 20:37:13.683,T,483064,SR,144,SF,0,T1R,17.50,T1A,17.00,T1F,0,T2R,18.00,T2A,18.00,T2F,0,P1,4.641,P1V,2.205,P1F,0,P2,0.000,P2V,1.891,P2F,0,IgR,0
2025-09-03 20:37:13.909,T,483290,SR,144,SF,0,T1R,17.25,T1A,17.00,T1F,0,T2R,18.00,T2A,18.00,T2F,0,P1,4.626,P1V,2.202,P1F,0,P2,0.000,P2V,1.891,P2F,0,IgR,0
2025-09-03 20:37:14.135,T,483516,SR,144,SF,0,T1R,17.25,T1A,17.00,T1F,0,T2R,18.00,T2A,18.00,T2F,0,P1,4.671,P1V,2.210,P1F,0,P2,0.003,P2V,1.892,P2F,0,IgR,0
2025-09-03 20:37:14.361,T,483742,SR,144,SF,0,T1R,17.25,T1A,17.00,T1F,0,T2R,18.00,T2A,18.00,T2F,0,P1,4.651,P1V,2.206,P1F,0,P2,0.002,P2V,1.891,P2F,0,IgR,0
2025-09-03 20:37:14.586,T,483968,SR,144,SF,0,T1R,17.25,T1A,17.00,T1F,0,T2R,18.00,T2A,18.00,T2F,0,P1,4.621,P1V,2.202,P1F,0,P2,0.002,P2V,1.891,P2F,0,IgR,0
2025-09-03 20:37:14.812,T,484194,SR,144,SF,0,T1R,17.25,T1A,17.00,T1F,0,T2R,18.00,T2A,18.00,T2F,0,P1,4.661,P1V,2.208,P1F,0,P2,0.002,P2V,1.891,P2F,0,IgR,0
2025-09-03 20:37:15.039,T,484420,SR,144,SF,0,T1R,17.25,T1A,17.00,T1F,0,T2R,18.00,T2A,18.00,T2F,0,P1,4.656,P1V,2.207,P1F,0,P2,0.003,P2V,1.892,P2F,0,IgR,0
2025-09-03 20:37:15.265,T,484646,SR,144,SF,0,T1R,17.25,T1A,17.00,T1F,0,T2R,18.00,T2A,18.00,T2F,0,P1,4.641,P1V,2.205,P1F,0,P2,0.002,P2V,1.891,P2F,0,IgR,0
2025-09-03 20:37:15.492,T,484872,SR,144,SF,0,T1R,17.25,T1A,17.00,T1F,0,T2R,18.00,T2A,18.00,T2F,0,P1,4.646,P1V,2.206,P1F,0,P2,0.003,P2V,1.892,P2F,0,IgR,0
2025-09-03 20:37:15.720,T,485098,SR,144,SF,0,T1R,17.25,T1A,17.00,T1F,0,T2R,18.00,T2A,18.00,T2F,0,P1,4.661,P1V,2.208,P1F,0,P2,0.002,P2V,1.891,P2F,0,IgR,0
2025-09-03 20:37:15.944,T,485324,SR,144,SF,0,T1R,17.25,T1A,17.00,T1F,0,T2R,18.00,T2A,18.00,T2F,0,P1,4.646,P1V,2.206,P1F,0,P2,0.003,P2V,1.892,P2F,0,IgR,0
2025-09-03 20:37:16.169,T,485550,SR,144,SF,0,T1R,17.25,T1A,17.00,T1F,0,T2R,18.00,T2A,18.00,T2F,0,P1,4.646,P1V,2.206,P1F,0,P2,0.002,P2V,1.891,P2F,0,IgR,0
2025-09-03 20:37:16.396,T,485776,SR,144,SF,0,T1R,17.25,T1A,17.00,T1F,0,T2R,18.00,T2A,18.00,T2F,0,P1,4.682,P1V,2.211,P1F,0,P2,0.003,P2V,1.892,P2F,0,IgR,0
2025-09-03 20:37:16.622,T,486002,SR,144,SF,0,T1R,17.25,T1A,17.00,T1F,0,T2R,18.00,T2A,18.00,T2F,0,P1,4.661,P1V,2.208,P1F,0,P2,0.002,P2V,1.891,P2F,0,IgR,0
2025-09-03 20:37:16.846,T,486228,SR,144,SF,0,T1R,17.25,T1A,17.00,T1F,0,T2R,18.00,T2A,18.00,T2F,0,P1,4.626,P1V,2.202,P1F,0,P2,0.000,P2V,1.891,P2F,0,IgR,0
2025-09-03 20:37:17.074,T,486454,SR,144,SF,0,T1R,17.25,T1A,17.00,T1F,0,T2R,18.25,T2A,18.00,T2F,0,P1,4.671,P1V,2.210,P1F,0,P2,0.004,P2V,1.893,P2F,0,IgR,0
2025-09-03 20:37:17.299,T,486681,SR,144,SF,0,T1R,17.25,T1A,17.00,T1F,0,T2R,18.00,T2A,18.00,T2F,0,P1,4.656,P1V,2.207,P1F,0,P2,0.002,P2V,1.891,P2F,0,IgR,0
2025-09-03 20:37:17.525,T,486906,SR,144,SF,0,T1R,17.25,T1A,17.00,T1F,0,T2R,18.00,T2A,18.00,T2F,0,P1,4.636,P1V,2.204,P1F,0,P2,0.002,P2V,1.891,P2F,0,IgR,0
2025-09-03 20:37:17.751,T,487132,SR,144,SF,0,T1R,17.25,T1A,17.00,T1F,0,T2R,18.00,T2A,18.00,T2F,0,P1,4.666,P1V,2.209,P1F,0,P2,0.003,P2V,1.892,P2F,0,IgR,0
2025-09-03 20:37:17.977,T,487358,SR,144,SF,0,T1R,17.25,T1A,17.00,T1F,0,T2R,18.00,T2A,18.00,T2F,0,P1,4.666,P1V,2.209,P1F,0,P2,0.003,P2V,1.892,P2F,0,IgR,0
2025-09-03 20:37:18.208,T,487584,SR,144,SF,0,T1R,17.25,T1A,17.00,T1F,0,T2R,18.25,T2A,18.00,T2F,0,P1,4.646,P1V,2.206,P1F,0,P2,-0.001,P2V,1.890,P2F,0,IgR,0
2025-09-03 20:37:18.436,T,487811,SR,144,SF,0,T1R,17.25,T1A,17.00,T1F,0,T2R,18.00,T2A,18.00,T2F,0,P1,4.656,P1V,2.207,P1F,0,P2,0.003,P2V,1.892,P2F,0,IgR,0
2025-09-03 20:37:18.656,T,488037,SR,144,SF,0,T1R,17.25,T1A,17.00,T1F,0,T2R,18.25,T2A,18.00,T2F,0,P1,4.666,P1V,2.209,P1F,0,P2,0.002,P2V,1.891,P2F,0,IgR,0
2025-09-03 20:37:18.881,T,488263,SR,144,SF,0,T1R,17.25,T1A,17.00,T1F,0,T2R,18.00,T2A,18.00,T2F,0,P1,4.656,P1V,2.207,P1F,0,P2,0.002,P2V,1.891,P2F,0,IgR,0
2025-09-03 20:37:19.109,T,488489,SR,144,SF,0,T1R,17.25,T1A,17.00,T1F,0,T2R,18.25,T2A,18.00,T2F,0,P1,4.646,P1V,2.206,P1F,0,P2,0.004,P2V,1.893,P2F,0,IgR,0
2025-09-03 20:37:19.334,T,488715,SR,144,SF,0,T1R,17.25,T1A,17.00,T1F,0,T2R,18.25,T2A,18.00,T2F,0,P1,4.697,P1V,2.214,P1F,0,P2,0.007,P2V,1.895,P2F,0,IgR,0
2025-09-03 20:37:19.562,T,488942,SR,144,SF,0,T1R,17.25,T1A,17.00,T1F,0,T2R,18.00,T2A,18.00,T2F,0,P1,4.651,P1V,2.206,P1F,0,P2,0.004,P2V,1.893,P2F,0,IgR,0
2025-09-03 20:37:19.787,T,489168,SR,144,SF,0,T1R,17.25,T1A,17.00,T1F,0,T2R,18.25,T2A,18.00,T2F,0,P1,4.636,P1V,2.204,P1F,0,P2,0.002,P2V,1.891,P2F,0,IgR,0
2025-09-03 20:37:20.013,T,489394,SR,144,SF,0,T1R,17.25,T1A,17.00,T1F,0,T2R,18.00,T2A,18.00,T2F,0,P1,4.682,P1V,2.211,P1F,0,P2,0.003,P2V,1.892,P2F,0,IgR,0
2025-09-03 20:37:20.239,T,489620,SR,144,SF,0,T1R,17.25,T1A,17.00,T1F,0,T2R,18.00,T2A,18.00,T2F,0,P1,4.661,P1V,2.208,P1F,0,P2,0.003,P2V,1.892,P2F,0,IgR,0
2025-09-03 20:37:20.465,T,489846,SR,144,SF,0,T1R,17.50,T1A,17.00,T1F,0,T2R,18.25,T2A,18.00,T2F,0,P1,4.631,P1V,2.203,P1F,0,P2,0.000,P2V,1.891,P2F,0,IgR,0
2025-09-03 20:37:20.691,T,490072,SR,144,SF,0,T1R,17.25,T1A,17.00,T1F,0,T2R,18.00,T2A,18.00,T2F,0,P1,4.676,P1V,2.210,P1F,0,P2,0.003,P2V,1.892,P2F,0,IgR,0
2025-09-03 20:37:20.917,T,490298,SR,144,SF,0,T1R,17.25,T1A,17.00,T1F,0,T2R,18.00,T2A,18.00,T2F,0,P1,4.661,P1V,2.208,P1F,0,P2,0.002,P2V,1.891,P2F,0,IgR,0
2025-09-03 20:37:21.143,T,490524,SR,144,SF,0,T1R,17.25,T1A,17.00,T1F,0,T2R,18.00,T2A,18.00,T2F,0,P1,4.646,P1V,2.206,P1F,0,P2,0.002,P2V,1.891,P2F,0,IgR,0
2025-09-03 20:37:21.368,T,490750,SR,144,SF,0,T1R,17.25,T1A,17.00,T1F,0,T2R,18.00,T2A,18.00,T2F,0,P1,4.661,P1V,2.208,P1F,0,P2,0.002,P2V,1.891,P2F,0,IgR,0
2025-09-03 20:37:21.595,T,490976,SR,144,SF,0,T1R,17.25,T1A,17.00,T1F,0,T2R,18.00,T2A,18.00,T2F,0,P1,4.671,P1V,2.210,P1F,0,P2,0.003,P2V,1.892,P2F,0,IgR,0
2025-09-03 20:37:21.821,T,491202,SR,144,SF,0,T1R,17.25,T1A,17.00,T1F,0,T2R,18.25,T2A,18.00,T2F,0,P1,4.651,P1V,2.206,P1F,0,P2,0.000,P2V,1.891,P2F,0,IgR,0
2025-09-03 20:37:22.047,T,491428,SR,144,SF,0,T1R,17.25,T1A,17.00,T1F,0,T2R,18.00,T2A,18.00,T2F,0,P1,4.651,P1V,2.206,P1F,0,P2,0.003,P2V,1.892,P2F,0,IgR,0
2025-09-03 20:37:22.273,T,491654,SR,144,SF,0,T1R,17.25,T1A,17.00,T1F,0,T2R,18.25,T2A,18.00,T2F,0,P1,4.676,P1V,2.210,P1F,0,P2,0.003,P2V,1.892,P2F,0,IgR,0
2025-09-03 20:37:22.499,T,491880,SR,144,SF,0,T1R,17.25,T1A,17.00,T1F,0,T2R,18.25,T2A,18.00,T2F,0,P1,4.656,P1V,2.207,P1F,0,P2,0.002,P2V,1.891,P2F,0,IgR,0
2025-09-03 20:37:22.726,T,492106,SR,144,SF,0,T1R,17.25,T1A,17.00,T1F,0,T2R,18.00,T2A,18.00,T2F,0,P1,4.641,P1V,2.205,P1F,0,P2,0.002,P2V,1.891,P2F,0,IgR,0
2025-09-03 20:37:22.951,T,492332,SR,144,SF,0,T1R,17.25,T1A,17.00,T1F,0,T2R,18.25,T2A,18.00,T2F,0,P1,4.687,P1V,2.212,P1F,0,P2,0.002,P2V,1.891,P2F,0,IgR,0
2025-09-03 20:37:23.179,T,492559,SR,144,SF,0,T1R,17.25,T1A,17.00,T1F,0,T2R,18.25,T2A,18.00,T2F,0,P1,4.656,P1V,2.207,P1F,0,P2,0.003,P2V,1.892,P2F,0,IgR,0
2025-09-03 20:37:23.404,T,492785,SR,144,SF,0,T1R,17.25,T1A,17.00,T1F,0,T2R,18.25,T2A,18.00,T2F,0,P1,4.636,P1V,2.204,P1F,0,P2,0.003,P2V,1.892,P2F,0,IgR,0
2025-09-03 20:37:23.629,T,493011,SR,144,SF,0,T1R,17.50,T1A,17.00,T1F,0,T2R,18.00,T2A,18.00,T2F,0,P1,4.682,P1V,2.211,P1F,0,P2,0.003,P2V,1.892,P2F,0,IgR,0
2025-09-03 20:37:23.856,T,493237,SR,144,SF,0,T1R,17.25,T1A,17.00,T1F,0,T2R,18.00,T2A,18.00,T2F,0,P1,4.661,P1V,2.208,P1F,0,P2,0.002,P2V,1.891,P2F,0,IgR,0
2025-09-03 20:37:24.082,T,493463,SR,144,SF,0,T1R,17.50,T1A,17.00,T1F,0,T2R,18.25,T2A,18.00,T2F,0,P1,4.641,P1V,2.205,P1F,0,P2,0.003,P2V,1.892,P2F,0,IgR,0
2025-09-03 20:37:24.309,T,493689,SR,144,SF,0,T1R,17.25,T1A,17.00,T1F,0,T2R,18.25,T2A,18.00,T2F,0,P1,4.676,P1V,2.210,P1F,0,P2,0.004,P2V,1.893,P2F,0,IgR,0
2025-09-03 20:37:24.536,T,493915,SR,144,SF,0,T1R,17.25,T1A,17.00,T1F,0,T2R,18.00,T2A,18.00,T2F,0,P1,4.656,P1V,2.207,P1F,0,P2,-0.001,P2V,1.890,P2F,0,IgR,0
2025-09-03 20:37:24.760,T,494141,SR,144,SF,0,T1R,17.50,T1A,17.00,T1F,0,T2R,18.25,T2A,18.00,T2F,0,P1,4.651,P1V,2.206,P1F,0,P2,0.003,P2V,1.892,P2F,0,IgR,0
2025-09-03 20:37:24.987,T,494367,SR,144,SF,0,T1R,17.50,T1A,17.00,T1F,0,T2R,18.25,T2A,18.00,T2F,0,P1,4.656,P1V,2.207,P1F,0,P2,0.002,P2V,1.891,P2F,0,IgR,0
2025-09-03 20:37:25.212,T,494593,SR,144,SF,0,T1R,17.50,T1A,17.00,T1F,0,T2R,18.25,T2A,18.00,T2F,0,P1,4.676,P1V,2.210,P1F,0,P2,0.002,P2V,1.891,P2F,0,IgR,0
2025-09-03 20:37:25.439,T,494819,SR,144,SF,0,T1R,17.25,T1A,17.00,T1F,0,T2R,18.25,T2A,18.00,T2F,0,P1,4.661,P1V,2.208,P1F,0,P2,0.003,P2V,1.892,P2F,0,IgR,0
2025-09-03 20:37:25.663,T,495045,SR,144,SF,0,T1R,17.25,T1A,17.00,T1F,0,T2R,18.00,T2A,18.00,T2F,0,P1,4.641,P1V,2.205,P1F,0,P2,0.000,P2V,1.891,P2F,0,IgR,0
2025-09-03 20:37:25.890,T,495271,SR,144,SF,0,T1R,17.25,T1A,17.00,T1F,0,T2R,18.25,T2A,18.00,T2F,0,P1,4.687,P1V,2.212,P1F,0,P2,0.002,P2V,1.891,P2F,0,IgR,0
2025-09-03 20:37:26.115,T,495497,SR,144,SF,0,T1R,17.50,T1A,17.00,T1F,0,T2R,18.00,T2A,18.00,T2F,0,P1,4.661,P1V,2.208,P1F,0,P2,0.003,P2V,1.892,P2F,0,IgR,0
2025-09-03 20:37:26.342,T,495723,SR,144,SF,0,T1R,17.50,T1A,17.00,T1F,0,T2R,18.25,T2A,18.00,T2F,0,P1,4.641,P1V,2.205,P1F,0,P2,0.002,P2V,1.891,P2F,0,IgR,0
2025-09-03 20:37:26.568,T,495949,SR,144,SF,0,T1R,17.50,T1A,17.00,T1F,0,T2R,18.25,T2A,18.00,T2F,0,P1,4.676,P1V,2.210,P1F,0,P2,0.002,P2V,1.891,P2F,0,IgR,0
2025-09-03 20:37:26.794,T,496175,SR,144,SF,0,T1R,17.50,T1A,17.00,T1F,0,T2R,18.25,T2A,18.00,T2F,0,P1,4.666,P1V,2.209,P1F,0,P2,0.002,P2V,1.891,P2F,0,IgR,0
2025-09-03 20:37:27.020,T,496401,SR,144,SF,0,T1R,17.50,T1A,17.00,T1F,0,T2R,18.25,T2A,18.00,T2F,0,P1,4.656,P1V,2.207,P1F,0,P2,0.003,P2V,1.892,P2F,0,IgR,0
2025-09-03 20:37:27.247,T,496627,SR,144,SF,0,T1R,17.50,T1A,17.00,T1F,0,T2R,18.25,T2A,18.00,T2F,0,P1,4.656,P1V,2.207,P1F,0,P2,0.000,P2V,1.891,P2F,0,IgR,0
2025-09-03 20:37:27.473,T,496854,SR,144,SF,0,T1R,17.25,T1A,17.00,T1F,0,T2R,18.25,T2A,18.00,T2F,0,P1,4.676,P1V,2.210,P1F,0,P2,0.002,P2V,1.891,P2F,0,IgR,0
2025-09-03 20:37:27.698,T,497080,SR,144,SF,0,T1R,17.50,T1A,17.00,T1F,0,T2R,18.25,T2A,18.00,T2F,0,P1,4.661,P1V,2.208,P1F,0,P2,0.003,P2V,1.892,P2F,0,IgR,0
2025-09-03 20:37:27.924,T,497306,SR,144,SF,0,T1R,17.25,T1A,17.00,T1F,0,T2R,18.25,T2A,18.00,T2F,0,P1,4.656,P1V,2.207,P1F,0,P2,0.002,P2V,1.891,P2F,0,IgR,0
2025-09-03 20:37:28.153,T,497532,SR,144,SF,0,T1R,17.50,T1A,17.00,T1F,0,T2R,18.25,T2A,18.00,T2F,0,P1,4.682,P1V,2.211,P1F,0,P2,0.003,P2V,1.892,P2F,0,IgR,0
2025-09-03 20:37:28.377,T,497758,SR,144,SF,0,T1R,17.50,T1A,17.00,T1F,0,T2R,18.00,T2A,18.00,T2F,0,P1,4.661,P1V,2.208,P1F,0,P2,0.003,P2V,1.892,P2F,0,IgR,0
2025-09-03 20:37:28.603,T,497984,SR,144,SF,0,T1R,17.25,T1A,17.00,T1F,0,T2R,18.25,T2A,18.00,T2F,0,P1,4.646,P1V,2.206,P1F,0,P2,0.002,P2V,1.891,P2F,0,IgR,0
2025-09-03 20:37:28.831,T,498211,SR,144,SF,0,T1R,17.25,T1A,17.00,T1F,0,T2R,18.25,T2A,18.00,T2F,0,P1,4.697,P1V,2.214,P1F,0,P2,0.003,P2V,1.892,P2F,0,IgR,0
2025-09-03 20:37:29.056,T,498437,SR,144,SF,0,T1R,17.50,T1A,17.00,T1F,0,T2R,18.25,T2A,18.00,T2F,0,P1,4.661,P1V,2.208,P1F,0,P2,0.003,P2V,1.892,P2F,0,IgR,0
2025-09-03 20:37:29.282,T,498663,SR,144,SF,0,T1R,17.50,T1A,17.00,T1F,0,T2R,18.25,T2A,18.00,T2F,0,P1,4.636,P1V,2.204,P1F,0,P2,0.002,P2V,1.891,P2F,0,IgR,0
2025-09-03 20:37:29.508,T,498889,SR,144,SF,0,T1R,17.50,T1A,17.00,T1F,0,T2R,18.25,T2A,18.00,T2F,0,P1,4.682,P1V,2.211,P1F,0,P2,0.003,P2V,1.892,P2F,0,IgR,0
2025-09-03 20:37:29.734,T,499115,SR,144,SF,0,T1R,17.50,T1A,17.00,T1F,0,T2R,18.25,T2A,18.00,T2F,0,P1,4.687,P1V,2.212,P1F,0,P2,0.008,P2V,1.895,P2F,0,IgR,0
2025-09-03 20:37:29.959,T,499341,SR,144,SF,0,T1R,17.50,T1A,17.00,T1F,0,T2R,18.00,T2A,18.00,T2F,0,P1,4.641,P1V,2.205,P1F,0,P2,0.002,P2V,1.891,P2F,0,IgR,0
2025-09-03 20:37:30.185,T,499567,SR,144,SF,0,T1R,17.50,T1A,17.00,T1F,0,T2R,18.25,T2A,18.00,T2F,0,P1,4.671,P1V,2.210,P1F,0,P2,0.003,P2V,1.892,P2F,0,IgR,0
2025-09-03 20:37:30.412,T,499793,SR,144,SF,0,T1R,17.50,T1A,17.00,T1F,0,T2R,18.25,T2A,18.00,T2F,0,P1,4.676,P1V,2.210,P1F,0,P2,0.003,P2V,1.892,P2F,0,IgR,0
2025-09-03 20:37:30.638,T,500019,SR,144,SF,0,T1R,17.50,T1A,17.00,T1F,0,T2R,18.25,T2A,18.00,T2F,0,P1,4.656,P1V,2.207,P1F,0,P2,0.002,P2V,1.891,P2F,0,IgR,0
2025-09-03 20:37:30.864,T,500245,SR,144,SF,0,T1R,17.50,T1A,17.00,T1F,0,T2R,18.25,T2A,18.00,T2F,0,P1,4.656,P1V,2.207,P1F,0,P2,0.002,P2V,1.891,P2F,0,IgR,0
2025-09-03 20:37:31.090,T,500471,SR,144,SF,0,T1R,17.50,T1A,17.00,T1F,0,T2R,18.25,T2A,18.00,T2F,0,P1,4.687,P1V,2.212,P1F,0,P2,0.002,P2V,1.891,P2F,0,IgR,0
2025-09-03 20:37:31.316,T,500697,SR,144,SF,0,T1R,17.50,T1A,17.00,T1F,0,T2R,18.25,T2A,18.00,T2F,0,P1,4.666,P1V,2.209,P1F,0,P2,0.003,P2V,1.892,P2F,0,IgR,0
2025-09-03 20:37:31.542,T,500923,SR,144,SF,0,T1R,17.50,T1A,17.00,T1F,0,T2R,18.25,T2A,18.00,T2F,0,P1,4.646,P1V,2.206,P1F,0,P2,0.000,P2V,1.891,P2F,0,IgR,0
2025-09-03 20:37:31.768,T,501149,SR,144,SF,0,T1R,17.25,T1A,17.00,T1F,0,T2R,18.25,T2A,18.00,T2F,0,P1,4.687,P1V,2.212,P1F,0,P2,0.003,P2V,1.892,P2F,0,IgR,0
2025-09-03 20:37:31.994,T,501375,SR,144,SF,0,T1R,17.25,T1A,17.00,T1F,0,T2R,18.25,T2A,18.00,T2F,0,P1,4.671,P1V,2.210,P1F,0,P2,0.003,P2V,1.892,P2F,0,IgR,0
2025-09-03 20:37:32.220,T,501601,SR,144,SF,0,T1R,17.50,T1A,17.00,T1F,0,T2R,18.00,T2A,18.00,T2F,0,P1,4.636,P1V,2.204,P1F,0,P2,0.000,P2V,1.891,P2F,0,IgR,0
2025-09-03 20:37:32.445,T,501827,SR,144,SF,0,T1R,17.25,T1A,17.00,T1F,0,T2R,18.25,T2A,18.00,T2F,0,P1,4.682,P1V,2.211,P1F,0,P2,0.003,P2V,1.892,P2F,0,IgR,0
2025-09-03 20:37:32.672,T,502053,SR,144,SF,0,T1R,17.50,T1A,17.00,T1F,0,T2R,18.25,T2A,18.00,T2F,0,P1,4.676,P1V,2.210,P1F,0,P2,0.003,P2V,1.892,P2F,0,IgR,0
2025-09-03 20:37:32.898,T,502279,SR,144,SF,0,T1R,17.50,T1A,17.00,T1F,0,T2R,18.25,T2A,18.00,T2F,0,P1,4.666,P1V,2.209,P1F,0,P2,0.004,P2V,1.893,P2F,0,IgR,0
2025-09-03 20:37:33.124,T,502505,SR,144,SF,0,T1R,17.50,T1A,17.00,T1F,0,T2R,18.25,T2A,18.00,T2F,0,P1,4.661,P1V,2.208,P1F,0,P2,0.003,P2V,1.892,P2F,0,IgR,0
2025-09-03 20:37:33.350,T,502731,SR,144,SF,0,T1R,17.50,T1A,17.00,T1F,0,T2R,18.25,T2A,18.00,T2F,0,P1,4.676,P1V,2.210,P1F,0,P2,0.004,P2V,1.893,P2F,0,IgR,0
2025-09-03 20:37:33.576,T,502957,SR,144,SF,0,T1R,17.50,T1A,17.00,T1F,0,T2R,18.25,T2A,18.00,T2F,0,P1,4.656,P1V,2.207,P1F,0,P2,0.003,P2V,1.892,P2F,0,IgR,0
2025-09-03 20:37:33.802,T,503183,SR,144,SF,0,T1R,17.50,T1A,17.00,T1F,0,T2R,18.25,T2A,18.00,T2F,0,P1,4.646,P1V,2.206,P1F,0,P2,0.004,P2V,1.893,P2F,0,IgR,0
2025-09-03 20:37:34.028,T,503409,SR,144,SF,0,T1R,17.50,T1A,17.00,T1F,0,T2R,18.25,T2A,18.00,T2F,0,P1,4.697,P1V,2.214,P1F,0,P2,0.006,P2V,1.894,P2F,0,IgR,0
2025-09-03 20:37:34.253,T,503635,SR,144,SF,0,T1R,17.50,T1A,17.00,T1F,0,T2R,18.25,T2A,18.00,T2F,0,P1,4.676,P1V,2.210,P1F,0,P2,0.003,P2V,1.892,P2F,0,IgR,0
2025-09-03 20:37:34.479,T,503861,SR,144,SF,0,T1R,17.50,T1A,17.00,T1F,0,T2R,18.25,T2A,18.00,T2F,0,P1,4.641,P1V,2.205,P1F,0,P2,0.002,P2V,1.891,P2F,0,IgR,0
2025-09-03 20:37:34.705,T,504087,SR,144,SF,0,T1R,17.50,T1A,17.00,T1F,0,T2R,18.25,T2A,18.00,T2F,0,P1,4.682,P1V,2.211,P1F,0,P2,0.004,P2V,1.893,P2F,0,IgR,0
2025-09-03 20:37:34.932,T,504313,SR,144,SF,0,T1R,17.50,T1A,17.00,T1F,0,T2R,18.25,T2A,18.00,T2F,0,P1,4.676,P1V,2.210,P1F,0,P2,0.003,P2V,1.892,P2F,0,IgR,0
2025-09-03 20:37:35.158,T,504539,SR,144,SF,0,T1R,17.50,T1A,17.00,T1F,0,T2R,18.25,T2A,18.00,T2F,0,P1,4.671,P1V,2.210,P1F,0,P2,0.002,P2V,1.891,P2F,0,IgR,0
2025-09-03 20:37:35.384,T,504765,SR,144,SF,0,T1R,17.50,T1A,17.00,T1F,0,T2R,18.25,T2A,18.00,T2F,0,P1,4.661,P1V,2.208,P1F,0,P2,0.002,P2V,1.891,P2F,0,IgR,0
2025-09-03 20:37:35.610,T,504991,SR,144,SF,0,T1R,17.50,T1A,17.00,T1F,0,T2R,18.25,T2A,18.00,T2F,0,P1,4.682,P1V,2.211,P1F,0,P2,0.004,P2V,1.893,P2F,0,IgR,0
2025-09-03 20:37:35.836,T,505217,SR,144,SF,0,T1R,17.50,T1A,17.00,T1F,0,T2R,18.25,T2A,18.00,T2F,0,P1,4.676,P1V,2.210,P1F,0,P2,0.004,P2V,1.893,P2F,0,IgR,0
2025-09-03 20:37:36.062,T,505443,SR,144,SF,0,T1R,17.50,T1A,17.00,T1F,0,T2R,18.25,T2A,18.00,T2F,0,P1,4.656,P1V,2.207,P1F,0,P2,0.002,P2V,1.891,P2F,0,IgR,0
2025-09-03 20:37:36.287,T,505669,SR,144,SF,0,T1R,17.50,T1A,17.00,T1F,0,T2R,18.25,T2A,18.00,T2F,0,P1,4.692,P1V,2.213,P1F,0,P2,0.004,P2V,1.893,P2F,0,IgR,0
2025-09-03 20:37:36.513,T,505895,SR,144,SF,0,T1R,17.50,T1A,17.00,T1F,0,T2R,18.25,T2A,18.00,T2F,0,P1,4.671,P1V,2.210,P1F,0,P2,0.004,P2V,1.893,P2F,0,IgR,0
2025-09-03 20:37:36.739,T,506121,SR,144,SF,0,T1R,17.50,T1A,17.00,T1F,0,T2R,18.25,T2A,18.00,T2F,0,P1,4.646,P1V,2.206,P1F,0,P2,0.000,P2V,1.891,P2F,0,IgR,0
2025-09-03 20:37:36.965,T,506347,SR,144,SF,0,T1R,17.50,T1A,17.00,T1F,0,T2R,18.25,T2A,18.00,T2F,0,P1,4.687,P1V,2.212,P1F,0,P2,0.003,P2V,1.892,P2F,0,IgR,0
2025-09-03 20:37:37.191,T,506573,SR,144,SF,0,T1R,17.50,T1A,17.00,T1F,0,T2R,18.25,T2A,18.00,T2F,0,P1,4.682,P1V,2.211,P1F,0,P2,0.003,P2V,1.892,P2F,0,IgR,0
2025-09-03 20:37:37.418,T,506799,SR,144,SF,0,T1R,17.50,T1A,17.00,T1F,0,T2R,18.25,T2A,18.00,T2F,0,P1,4.661,P1V,2.208,P1F,0,P2,0.002,P2V,1.891,P2F,0,IgR,0
2025-09-03 20:37:37.644,T,507025,SR,144,SF,0,T1R,17.50,T1A,17.00,T1F,0,T2R,18.25,T2A,18.00,T2F,0,P1,4.661,P1V,2.208,P1F,0,P2,0.003,P2V,1.892,P2F,0,IgR,0
2025-09-03 20:37:37.870,T,507251,SR,144,SF,0,T1R,17.50,T1A,17.00,T1F,0,T2R,18.25,T2A,18.00,T2F,0,P1,4.682,P1V,2.211,P1F,0,P2,0.002,P2V,1.891,P2F,0,IgR,0
2025-09-03 20:37:38.096,T,507477,SR,144,SF,0,T1R,17.50,T1A,17.00,T1F,0,T2R,18.25,T2A,18.00,T2F,0,P1,4.682,P1V,2.211,P1F,0,P2,0.003,P2V,1.892,P2F,0,IgR,0
2025-09-03 20:37:38.321,T,507703,SR,144,SF,0,T1R,17.50,T1A,17.00,T1F,0,T2R,18.25,T2A,18.00,T2F,0,P1,4.656,P1V,2.207,P1F,0,P2,0.004,P2V,1.893,P2F,0,IgR,0
2025-09-03 20:37:38.547,T,507929,SR,144,SF,0,T1R,17.50,T1A,17.00,T1F,0,T2R,18.25,T2A,18.00,T2F,0,P1,4.697,P1V,2.214,P1F,0,P2,0.004,P2V,1.893,P2F,0,IgR,0
2025-09-03 20:37:38.774,T,508155,SR,144,SF,0,T1R,17.50,T1A,17.00,T1F,0,T2R,18.25,T2A,18.00,T2F,0,P1,4.676,P1V,2.210,P1F,0,P2,0.002,P2V,1.891,P2F,0,IgR,0
2025-09-03 20:37:38.999,T,508381,SR,144,SF,0,T1R,17.50,T1A,17.00,T1F,0,T2R,18.25,T2A,18.00,T2F,0,P1,4.651,P1V,2.206,P1F,0,P2,0.002,P2V,1.891,P2F,0,IgR,0
2025-09-03 20:37:39.225,T,508607,SR,144,SF,0,T1R,17.50,T1A,17.00,T1F,0,T2R,18.25,T2A,18.00,T2F,0,P1,4.682,P1V,2.211,P1F,0,P2,0.003,P2V,1.892,P2F,0,IgR,0
2025-09-03 20:37:39.451,T,508833,SR,144,SF,0,T1R,17.50,T1A,17.00,T1F,0,T2R,18.25,T2A,18.00,T2F,0,P1,4.682,P1V,2.211,P1F,0,P2,0.002,P2V,1.891,P2F,0,IgR,0
2025-09-03 20:37:39.678,T,509059,SR,144,SF,0,T1R,17.50,T1A,17.00,T1F,0,T2R,18.25,T2A,18.00,T2F,0,P1,4.661,P1V,2.208,P1F,0,P2,0.002,P2V,1.891,P2F,0,IgR,0
2025-09-03 20:37:39.904,T,509285,SR,144,SF,0,T1R,17.50,T1A,17.00,T1F,0,T2R,18.25,T2A,18.00,T2F,0,P1,4.661,P1V,2.208,P1F,0,P2,0.003,P2V,1.892,P2F,0,IgR,0
2025-09-03 20:37:40.130,T,509511,SR,144,SF,0,T1R,17.50,T1A,17.00,T1F,0,T2R,18.25,T2A,18.00,T2F,0,P1,4.687,P1V,2.212,P1F,0,P2,0.003,P2V,1.892,P2F,0,IgR,0
2025-09-03 20:37:40.356,T,509737,SR,144,SF,0,T1R,17.50,T1A,17.00,T1F,0,T2R,18.25,T2A,18.00,T2F,0,P1,4.666,P1V,2.209,P1F,0,P2,0.003,P2V,1.892,P2F,0,IgR,0
2025-09-03 20:37:40.581,T,509963,SR,144,SF,0,T1R,17.50,T1A,17.00,T1F,0,T2R,18.25,T2A,18.00,T2F,0,P1,4.651,P1V,2.206,P1F,0,P2,0.002,P2V,1.891,P2F,0,IgR,0
2025-09-03 20:37:40.807,T,510189,SR,144,SF,0,T1R,17.50,T1A,17.00,T1F,0,T2R,18.25,T2A,18.00,T2F,0,P1,4.697,P1V,2.214,P1F,0,P2,0.003,P2V,1.892,P2F,0,IgR,0
2025-09-03 20:37:41.033,T,510415,SR,144,SF,0,T1R,17.50,T1A,17.00,T1F,0,T2R,18.25,T2A,18.00,T2F,0,P1,4.676,P1V,2.210,P1F,0,P2,0.003,P2V,1.892,P2F,0,IgR,0
2025-09-03 20:37:41.259,T,510641,SR,144,SF,0,T1R,17.50,T1A,17.00,T1F,0,T2R,18.25,T2A,18.00,T2F,0,P1,4.651,P1V,2.206,P1F,0,P2,0.002,P2V,1.891,P2F,0,IgR,0
2025-09-03 20:37:41.486,T,510867,SR,144,SF,0,T1R,17.50,T1A,17.00,T1F,0,T2R,18.25,T2A,18.00,T2F,0,P1,4.702,P1V,2.215,P1F,0,P2,0.007,P2V,1.895,P2F,0,IgR,0
2025-09-03 20:37:41.712,T,511093,SR,144,SF,0,T1R,17.50,T1A,17.00,T1F,0,T2R,18.50,T2A,18.00,T2F,0,P1,4.702,P1V,2.215,P1F,0,P2,0.004,P2V,1.893,P2F,0,IgR,0
2025-09-03 20:37:41.938,T,511319,SR,144,SF,0,T1R,17.50,T1A,17.00,T1F,0,T2R,18.25,T2A,18.00,T2F,0,P1,4.666,P1V,2.209,P1F,0,P2,0.003,P2V,1.892,P2F,0,IgR,0
2025-09-03 20:37:42.164,T,511545,SR,144,SF,0,T1R,17.50,T1A,17.00,T1F,0,T2R,18.25,T2A,18.00,T2F,0,P1,4.661,P1V,2.208,P1F,0,P2,0.003,P2V,1.892,P2F,0,IgR,0
2025-09-03 20:37:42.390,T,511771,SR,144,SF,0,T1R,17.50,T1A,17.00,T1F,0,T2R,18.25,T2A,18.00,T2F,0,P1,4.692,P1V,2.213,P1F,0,P2,0.003,P2V,1.892,P2F,0,IgR,0
2025-09-03 20:37:42.615,T,511997,SR,144,SF,0,T1R,17.50,T1A,17.00,T1F,0,T2R,18.25,T2A,18.00,T2F,0,P1,4.671,P1V,2.210,P1F,0,P2,0.002,P2V,1.891,P2F,0,IgR,0
2025-09-03 20:37:42.841,T,512223,SR,144,SF,0,T1R,17.50,T1A,17.00,T1F,0,T2R,18.25,T2A,18.00,T2F,0,P1,4.651,P1V,2.206,P1F,0,P2,0.003,P2V,1.892,P2F,0,IgR,0
2025-09-03 20:37:43.067,T,512449,SR,144,SF,0,T1R,17.50,T1A,17.00,T1F,0,T2R,18.25,T2A,18.00,T2F,0,P1,4.697,P1V,2.214,P1F,0,P2,0.004,P2V,1.893,P2F,0,IgR,0
2025-09-03 20:37:43.293,T,512675,SR,144,SF,0,T1R,17.50,T1A,17.00,T1F,0,T2R,18.25,T2A,18.00,T2F,0,P1,4.676,P1V,2.210,P1F,0,P2,0.003,P2V,1.892,P2F,0,IgR,0
2025-09-03 20:37:43.519,T,512901,SR,144,SF,0,T1R,17.50,T1A,17.00,T1F,0,T2R,18.25,T2A,18.00,T2F,0,P1,4.656,P1V,2.207,P1F,0,P2,0.002,P2V,1.891,P2F,0,IgR,0
2025-09-03 20:37:43.746,T,513127,SR,144,SF,0,T1R,17.50,T1A,17.00,T1F,0,T2R,18.25,T2A,18.00,T2F,0,P1,4.682,P1V,2.211,P1F,0,P2,0.004,P2V,1.893,P2F,0,IgR,0
2025-09-03 20:37:43.972,T,513353,SR,144,SF,0,T1R,17.50,T1A,17.00,T1F,0,T2R,18.25,T2A,18.00,T2F,0,P1,4.676,P1V,2.210,P1F,0,P2,0.003,P2V,1.892,P2F,0,IgR,0
2025-09-03 20:37:44.198,T,513579,SR,144,SF,0,T1R,17.50,T1A,17.00,T1F,0,T2R,18.25,T2A,18.00,T2F,0,P1,4.661,P1V,2.208,P1F,0,P2,0.003,P2V,1.892,P2F,0,IgR,0
2025-09-03 20:37:44.423,T,513805,SR,144,SF,0,T1R,17.50,T1A,17.00,T1F,0,T2R,18.50,T2A,18.00,T2F,0,P1,4.671,P1V,2.210,P1F,0,P2,0.003,P2V,1.892,P2F,0,IgR,0
2025-09-03 20:37:44.649,T,514031,SR,144,SF,0,T1R,17.50,T1A,17.00,T1F,0,T2R,18.25,T2A,18.00,T2F,0,P1,4.692,P1V,2.213,P1F,0,P2,0.004,P2V,1.893,P2F,0,IgR,0
2025-09-03 20:37:44.875,T,514257,SR,144,SF,0,T1R,17.50,T1A,17.00,T1F,0,T2R,18.50,T2A,18.00,T2F,0,P1,4.676,P1V,2.210,P1F,0,P2,0.003,P2V,1.892,P2F,0,IgR,0
2025-09-03 20:37:45.101,T,514483,SR,144,SF,0,T1R,17.50,T1A,17.00,T1F,0,T2R,18.50,T2A,18.00,T2F,0,P1,4.651,P1V,2.206,P1F,0,P2,0.004,P2V,1.893,P2F,0,IgR,0
2025-09-03 20:37:45.327,T,514709,SR,144,SF,0,T1R,17.50,T1A,17.00,T1F,0,T2R,18.25,T2A,18.00,T2F,0,P1,4.702,P1V,2.215,P1F,0,P2,0.004,P2V,1.893,P2F,0,IgR,0
2025-09-03 20:37:45.553,T,514936,SR,144,SF,0,T1R,17.50,T1A,17.00,T1F,0,T2R,18.25,T2A,18.00,T2F,0,P1,4.676,P1V,2.210,P1F,0,P2,0.004,P2V,1.893,P2F,0,IgR,0
2025-09-03 20:37:45.779,T,515161,SR,144,SF,0,T1R,17.50,T1A,17.00,T1F,0,T2R,18.25,T2A,18.00,T2F,0,P1,4.656,P1V,2.207,P1F,0,P2,0.004,P2V,1.893,P2F,0,IgR,0
2025-09-03 20:37:46.006,T,515387,SR,144,SF,0,T1R,17.50,T1A,17.00,T1F,0,T2R,18.25,T2A,18.00,T2F,0,P1,4.687,P1V,2.212,P1F,0,P2,0.002,P2V,1.891,P2F,0,IgR,0
2025-09-03 20:37:46.232,T,515613,SR,144,SF,0,T1R,17.50,T1A,17.00,T1F,0,T2R,18.25,T2A,18.00,T2F,0,P1,4.682,P1V,2.211,P1F,0,P2,0.003,P2V,1.892,P2F,0,IgR,0
2025-09-03 20:37:46.457,T,515839,SR,144,SF,0,T1R,17.50,T1A,17.00,T1F,0,T2R,18.50,T2A,18.00,T2F,0,P1,4.671,P1V,2.210,P1F,0,P2,0.002,P2V,1.891,P2F,0,IgR,0
2025-09-03 20:37:46.684,T,516065,SR,144,SF,0,T1R,17.50,T1A,17.00,T1F,0,T2R,18.25,T2A,18.00,T2F,0,P1,4.666,P1V,2.209,P1F,0,P2,0.003,P2V,1.892,P2F,0,IgR,0
2025-09-03 20:37:46.909,T,516291,SR,144,SF,0,T1R,17.50,T1A,17.00,T1F,0,T2R,18.25,T2A,18.00,T2F,0,P1,4.702,P1V,2.215,P1F,0,P2,0.003,P2V,1.892,P2F,0,IgR,0
2025-09-03 20:37:47.135,T,516517,SR,144,SF,0,T1R,17.50,T1A,17.00,T1F,0,T2R,18.25,T2A,18.00,T2F,0,P1,4.656,P1V,2.207,P1F,0,P2,0.000,P2V,1.891,P2F,0,IgR,0
2025-09-03 20:37:47.361,T,516743,SR,144,SF,0,T1R,17.50,T1A,17.00,T1F,0,T2R,18.25,T2A,18.00,T2F,0,P1,4.656,P1V,2.207,P1F,0,P2,0.003,P2V,1.892,P2F,0,IgR,0
2025-09-03 20:37:47.587,T,516969,SR,144,SF,0,T1R,17.50,T1A,17.00,T1F,0,T2R,18.25,T2A,18.00,T2F,0,P1,4.697,P1V,2.214,P1F,0,P2,0.003,P2V,1.892,P2F,0,IgR,0
2025-09-03 20:37:47.813,T,517195,SR,144,SF,0,T1R,17.50,T1A,17.00,T1F,0,T2R,18.50,T2A,18.00,T2F,0,P1,4.682,P1V,2.211,P1F,0,P2,0.003,P2V,1.892,P2F,0,IgR,0
2025-09-03 20:37:48.039,T,517421,SR,144,SF,0,T1R,17.50,T1A,17.00,T1F,0,T2R,18.25,T2A,18.00,T2F,0,P1,4.666,P1V,2.209,P1F,0,P2,0.003,P2V,1.892,P2F,0,IgR,0
2025-09-03 20:37:48.265,T,517647,SR,144,SF,0,T1R,17.50,T1A,17.00,T1F,0,T2R,18.25,T2A,18.00,T2F,0,P1,4.682,P1V,2.211,P1F,0,P2,0.003,P2V,1.892,P2F,0,IgR,0
2025-09-03 20:37:48.492,T,517873,SR,144,SF,0,T1R,17.50,T1A,17.00,T1F,0,T2R,18.25,T2A,18.00,T2F,0,P1,4.687,P1V,2.212,P1F,0,P2,0.003,P2V,1.892,P2F,0,IgR,0
2025-09-03 20:37:48.718,T,518099,SR,144,SF,0,T1R,17.50,T1A,17.00,T1F,0,T2R,18.25,T2A,18.00,T2F,0,P1,4.666,P1V,2.209,P1F,0,P2,0.003,P2V,1.892,P2F,0,IgR,0
2025-09-03 20:37:48.943,T,518325,SR,144,SF,0,T1R,17.50,T1A,17.00,T1F,0,T2R,18.25,T2A,18.00,T2F,0,P1,4.661,P1V,2.208,P1F,0,P2,0.002,P2V,1.891,P2F,0,IgR,0
2025-09-03 20:37:49.169,T,518551,SR,144,SF,0,T1R,17.50,T1A,17.00,T1F,0,T2R,18.25,T2A,18.00,T2F,0,P1,4.712,P1V,2.216,P1F,0,P2,0.002,P2V,1.891,P2F,0,IgR,0
2025-09-03 20:37:49.395,T,518777,SR,144,SF,0,T1R,17.50,T1A,17.00,T1F,0,T2R,18.50,T2A,18.00,T2F,0,P1,4.682,P1V,2.211,P1F,0,P2,0.003,P2V,1.892,P2F,0,IgR,0
2025-09-03 20:37:49.621,T,519003,SR,144,SF,0,T1R,17.50,T1A,17.00,T1F,0,T2R,18.25,T2A,18.00,T2F,0,P1,4.656,P1V,2.207,P1F,0,P2,0.002,P2V,1.891,P2F,0,IgR,0
2025-09-03 20:37:49.847,T,519229,SR,144,SF,0,T1R,17.50,T1A,17.00,T1F,0,T2R,18.25,T2A,18.00,T2F,0,P1,4.697,P1V,2.214,P1F,0,P2,0.000,P2V,1.891,P2F,0,IgR,0
2025-09-03 20:37:50.073,T,519455,SR,144,SF,0,T1R,17.50,T1A,17.00,T1F,0,T2R,18.25,T2A,18.00,T2F,0,P1,4.682,P1V,2.211,P1F,0,P2,0.003,P2V,1.892,P2F,0,IgR,0
2025-09-03 20:37:50.300,T,519681,SR,144,SF,0,T1R,17.50,T1A,17.00,T1F,0,T2R,18.25,T2A,18.00,T2F,0,P1,4.671,P1V,2.210,P1F,0,P2,0.004,P2V,1.893,P2F,0,IgR,0
2025-09-03 20:37:50.526,T,519907,SR,144,SF,0,T1R,17.50,T1A,17.00,T1F,0,T2R,18.25,T2A,18.00,T2F,0,P1,4.676,P1V,2.210,P1F,0,P2,0.003,P2V,1.892,P2F,0,IgR,0
2025-09-03 20:37:50.752,T,520133,SR,144,SF,0,T1R,17.50,T1A,17.00,T1F,0,T2R,18.50,T2A,18.00,T2F,0,P1,4.697,P1V,2.214,P1F,0,P2,0.003,P2V,1.892,P2F,0,IgR,0
2025-09-03 20:37:50.977,T,520359,SR,144,SF,0,T1R,17.50,T1A,17.00,T1F,0,T2R,18.50,T2A,18.00,T2F,0,P1,4.676,P1V,2.210,P1F,0,P2,0.002,P2V,1.891,P2F,0,IgR,0
2025-09-03 20:37:51.204,T,520586,SR,144,SF,0,T1R,17.50,T1A,17.00,T1F,0,T2R,18.25,T2A,18.00,T2F,0,P1,4.661,P1V,2.208,P1F,0,P2,0.002,P2V,1.891,P2F,0,IgR,0
2025-09-03 20:37:51.429,T,520811,SR,144,SF,0,T1R,17.50,T1A,17.00,T1F,0,T2R,18.25,T2A,18.00,T2F,0,P1,4.707,P1V,2.215,P1F,0,P2,0.003,P2V,1.892,P2F,0,IgR,0
2025-09-03 20:37:51.655,T,521037,SR,144,SF,0,T1R,17.50,T1A,17.00,T1F,0,T2R,18.50,T2A,18.00,T2F,0,P1,4.682,P1V,2.211,P1F,0,P2,0.002,P2V,1.891,P2F,0,IgR,0
2025-09-03 20:37:51.881,T,521263,SR,144,SF,0,T1R,17.75,T1A,17.00,T1F,0,T2R,18.25,T2A,18.00,T2F,0,P1,4.651,P1V,2.206,P1F,0,P2,0.002,P2V,1.891,P2F,0,IgR,0
2025-09-03 20:37:52.107,T,521489,SR,144,SF,0,T1R,17.50,T1A,17.00,T1F,0,T2R,18.25,T2A,18.00,T2F,0,P1,4.697,P1V,2.214,P1F,0,P2,0.004,P2V,1.893,P2F,0,IgR,0
2025-09-03 20:37:52.334,T,521715,SR,144,SF,0,T1R,17.50,T1A,17.00,T1F,0,T2R,18.50,T2A,18.00,T2F,0,P1,4.682,P1V,2.211,P1F,0,P2,0.003,P2V,1.892,P2F,0,IgR,0
2025-09-03 20:37:52.560,T,521941,SR,144,SF,0,T1R,17.75,T1A,17.00,T1F,0,T2R,18.50,T2A,18.00,T2F,0,P1,4.676,P1V,2.210,P1F,0,P2,0.002,P2V,1.891,P2F,0,IgR,0
2025-09-03 20:37:52.786,T,522167,SR,144,SF,0,T1R,17.50,T1A,17.00,T1F,0,T2R,18.50,T2A,18.00,T2F,0,P1,4.687,P1V,2.212,P1F,0,P2,0.002,P2V,1.891,P2F,0,IgR,0
2025-09-03 20:37:53.011,T,522393,SR,144,SF,0,T1R,17.50,T1A,17.00,T1F,0,T2R,18.50,T2A,18.00,T2F,0,P1,4.687,P1V,2.212,P1F,0,P2,0.003,P2V,1.892,P2F,0,IgR,0
2025-09-03 20:37:53.237,T,522619,SR,144,SF,0,T1R,17.50,T1A,17.00,T1F,0,T2R,18.50,T2A,18.00,T2F,0,P1,4.682,P1V,2.211,P1F,0,P2,0.003,P2V,1.892,P2F,0,IgR,0
2025-09-03 20:37:53.463,T,522845,SR,144,SF,0,T1R,17.75,T1A,17.00,T1F,0,T2R,18.50,T2A,18.00,T2F,0,P1,4.666,P1V,2.209,P1F,0,P2,0.003,P2V,1.892,P2F,0,IgR,0
2025-09-03 20:37:53.689,T,523071,SR,144,SF,0,T1R,17.75,T1A,17.00,T1F,0,T2R,18.50,T2A,18.00,T2F,0,P1,4.712,P1V,2.216,P1F,0,P2,0.004,P2V,1.893,P2F,0,IgR,0
2025-09-03 20:37:53.915,T,523297,SR,144,SF,0,T1R,17.50,T1A,17.00,T1F,0,T2R,18.25,T2A,18.00,T2F,0,P1,4.692,P1V,2.213,P1F,0,P2,0.002,P2V,1.891,P2F,0,IgR,0
2025-09-03 20:37:54.141,T,523523,SR,144,SF,0,T1R,17.50,T1A,17.00,T1F,0,T2R,18.25,T2A,18.00,T2F,0,P1,4.656,P1V,2.207,P1F,0,P2,0.002,P2V,1.891,P2F,0,IgR,0
2025-09-03 20:37:54.367,T,523749,SR,144,SF,0,T1R,17.50,T1A,17.00,T1F,0,T2R,18.50,T2A,18.00,T2F,0,P1,4.697,P1V,2.214,P1F,0,P2,0.003,P2V,1.892,P2F,0,IgR,0
2025-09-03 20:37:54.593,T,523975,SR,144,SF,0,T1R,17.75,T1A,17.00,T1F,0,T2R,18.50,T2A,18.00,T2F,0,P1,4.692,P1V,2.213,P1F,0,P2,0.003,P2V,1.892,P2F,0,IgR,0
2025-09-03 20:37:54.819,T,524201,SR,144,SF,0,T1R,17.75,T1A,17.00,T1F,0,T2R,18.50,T2A,18.00,T2F,0,P1,4.676,P1V,2.210,P1F,0,P2,0.003,P2V,1.892,P2F,0,IgR,0
2025-09-03 20:37:55.045,T,524427,SR,144,SF,0,T1R,17.75,T1A,17.00,T1F,0,T2R,18.50,T2A,18.00,T2F,0,P1,4.682,P1V,2.211,P1F,0,P2,0.000,P2V,1.891,P2F,0,IgR,0
2025-09-03 20:37:55.272,T,524653,SR,144,SF,0,T1R,17.75,T1A,17.00,T1F,0,T2R,18.25,T2A,18.00,T2F,0,P1,4.697,P1V,2.214,P1F,0,P2,0.003,P2V,1.892,P2F,0,IgR,0
2025-09-03 20:37:55.498,T,524880,SR,144,SF,0,T1R,17.75,T1A,17.00,T1F,0,T2R,18.50,T2A,18.00,T2F,0,P1,4.676,P1V,2.210,P1F,0,P2,0.003,P2V,1.892,P2F,0,IgR,0
2025-09-03 20:37:55.724,T,525107,SR,144,SF,0,T1R,17.50,T1A,17.00,T1F,0,T2R,18.50,T2A,18.00,T2F,0,P1,4.671,P1V,2.210,P1F,0,P2,0.002,P2V,1.891,P2F,0,IgR,0
2025-09-03 20:37:55.950,T,525332,SR,144,SF,0,T1R,17.50,T1A,17.00,T1F,0,T2R,18.50,T2A,18.00,T2F,0,P1,4.702,P1V,2.215,P1F,0,P2,0.003,P2V,1.892,P2F,0,IgR,0
2025-09-03 20:37:56.176,T,525558,SR,144,SF,0,T1R,17.75,T1A,17.00,T1F,0,T2R,18.50,T2A,18.00,T2F,0,P1,4.692,P1V,2.213,P1F,0,P2,0.003,P2V,1.892,P2F,0,IgR,0
2025-09-03 20:37:56.402,T,525784,SR,144,SF,0,T1R,17.50,T1A,17.00,T1F,0,T2R,18.50,T2A,18.00,T2F,0,P1,4.666,P1V,2.209,P1F,0,P2,0.002,P2V,1.891,P2F,0,IgR,0
2025-09-03 20:37:56.628,T,526010,SR,144,SF,0,T1R,17.75,T1A,17.00,T1F,0,T2R,18.50,T2A,18.00,T2F,0,P1,4.702,P1V,2.215,P1F,0,P2,0.003,P2V,1.892,P2F,0,IgR,0
2025-09-03 20:37:56.854,T,526237,SR,144,SF,0,T1R,17.75,T1A,17.00,T1F,0,T2R,18.50,T2A,18.00,T2F,0,P1,4.697,P1V,2.214,P1F,0,P2,0.003,P2V,1.892,P2F,0,IgR,0
2025-09-03 20:37:57.082,T,526463,SR,144,SF,0,T1R,17.75,T1A,17.00,T1F,0,T2R,18.50,T2A,18.00,T2F,0,P1,4.666,P1V,2.209,P1F,0,P2,0.002,P2V,1.891,P2F,0,IgR,0
2025-09-03 20:37:57.308,T,526689,SR,144,SF,0,T1R,17.50,T1A,17.00,T1F,0,T2R,18.25,T2A,18.00,T2F,0,P1,4.687,P1V,2.212,P1F,0,P2,0.003,P2V,1.892,P2F,0,IgR,0
2025-09-03 20:37:57.535,T,526915,SR,144,SF,0,T1R,17.50,T1A,17.00,T1F,0,T2R,18.50,T2A,18.00,T2F,0,P1,4.697,P1V,2.214,P1F,0,P2,0.003,P2V,1.892,P2F,0,IgR,0
2025-09-03 20:37:57.759,T,527141,SR,144,SF,0,T1R,17.50,T1A,17.00,T1F,0,T2R,18.50,T2A,18.00,T2F,0,P1,4.671,P1V,2.210,P1F,0,P2,0.004,P2V,1.893,P2F,0,IgR,0
2025-09-03 20:37:57.985,T,527367,SR,144,SF,0,T1R,17.50,T1A,17.00,T1F,0,T2R,18.50,T2A,18.00,T2F,0,P1,4.671,P1V,2.210,P1F,0,P2,0.002,P2V,1.891,P2F,0,IgR,0
2025-09-03 20:37:58.211,T,527593,SR,144,SF,0,T1R,17.75,T1A,17.00,T1F,0,T2R,18.50,T2A,18.00,T2F,0,P1,4.692,P1V,2.213,P1F,0,P2,0.002,P2V,1.891,P2F,0,IgR,0
2025-09-03 20:37:58.437,T,527819,SR,144,SF,0,T1R,17.75,T1A,17.00,T1F,0,T2R,18.50,T2A,18.00,T2F,0,P1,4.692,P1V,2.213,P1F,0,P2,0.003,P2V,1.892,P2F,0,IgR,0
2025-09-03 20:37:58.664,T,528045,SR,144,SF,0,T1R,17.75,T1A,17.00,T1F,0,T2R,18.50,T2A,18.00,T2F,0,P1,4.661,P1V,2.208,P1F,0,P2,0.002,P2V,1.891,P2F,0,IgR,0
2025-09-03 20:37:58.889,T,528271,SR,144,SF,0,T1R,17.75,T1A,17.00,T1F,0,T2R,18.50,T2A,18.00,T2F,0,P1,4.712,P1V,2.216,P1F,0,P2,0.003,P2V,1.892,P2F,0,IgR,0
2025-09-03 20:37:59.116,T,528497,SR,144,SF,0,T1R,17.75,T1A,17.00,T1F,0,T2R,18.50,T2A,18.00,T2F,0,P1,4.687,P1V,2.212,P1F,0,P2,0.003,P2V,1.892,P2F,0,IgR,0
2025-09-03 20:37:59.341,T,528723,SR,144,SF,0,T1R,17.50,T1A,17.00,T1F,0,T2R,18.50,T2A,18.00,T2F,0,P1,4.666,P1V,2.209,P1F,0,P2,0.003,P2V,1.892,P2F,0,IgR,0
2025-09-03 20:37:59.567,T,528949,SR,144,SF,0,T1R,17.50,T1A,17.00,T1F,0,T2R,18.50,T2A,18.00,T2F,0,P1,4.692,P1V,2.213,P1F,0,P2,0.003,P2V,1.892,P2F,0,IgR,0
2025-09-03 20:37:59.793,T,529175,SR,144,SF,0,T1R,17.50,T1A,17.00,T1F,0,T2R,18.50,T2A,18.00,T2F,0,P1,4.702,P1V,2.215,P1F,0,P2,0.002,P2V,1.891,P2F,0,IgR,0
2025-09-03 20:38:00.020,T,529401,SR,144,SF,0,T1R,17.75,T1A,17.00,T1F,0,T2R,18.50,T2A,18.00,T2F,0,P1,4.682,P1V,2.211,P1F,0,P2,0.003,P2V,1.892,P2F,0,IgR,0
2025-09-03 20:38:00.245,T,529627,SR,144,SF,0,T1R,17.75,T1A,17.00,T1F,0,T2R,18.50,T2A,18.00,T2F,0,P1,4.676,P1V,2.210,P1F,0,P2,0.003,P2V,1.892,P2F,0,IgR,0
2025-09-03 20:38:00.471,T,529853,SR,144,SF,0,T1R,17.75,T1A,17.00,T1F,0,T2R,18.50,T2A,18.00,T2F,0,P1,4.712,P1V,2.216,P1F,0,P2,0.004,P2V,1.893,P2F,0,IgR,0
2025-09-03 20:38:00.698,T,530079,SR,144,SF,0,T1R,17.75,T1A,17.00,T1F,0,T2R,18.50,T2A,18.00,T2F,0,P1,4.687,P1V,2.212,P1F,0,P2,0.002,P2V,1.891,P2F,0,IgR,0
2025-09-03 20:38:00.924,T,530305,SR,144,SF,0,T1R,17.75,T1A,17.00,T1F,0,T2R,18.50,T2A,18.00,T2F,0,P1,4.656,P1V,2.207,P1F,0,P2,0.002,P2V,1.891,P2F,0,IgR,0
2025-09-03 20:38:01.149,T,530531,SR,144,SF,0,T1R,17.50,T1A,17.00,T1F,0,T2R,18.50,T2A,18.00,T2F,0,P1,4.707,P1V,2.215,P1F,0,P2,0.003,P2V,1.892,P2F,0,IgR,0
2025-09-03 20:38:01.376,T,530757,SR,144,SF,0,T1R,17.50,T1A,17.00,T1F,0,T2R,18.50,T2A,18.00,T2F,0,P1,4.692,P1V,2.213,P1F,0,P2,0.003,P2V,1.892,P2F,0,IgR,0
2025-09-03 20:38:01.601,T,530983,SR,144,SF,0,T1R,17.50,T1A,17.00,T1F,0,T2R,18.50,T2A,18.00,T2F,0,P1,4.682,P1V,2.211,P1F,0,P2,0.002,P2V,1.891,P2F,0,IgR,0
2025-09-03 20:38:01.828,T,531209,SR,144,SF,0,T1R,17.50,T1A,17.00,T1F,0,T2R,18.50,T2A,18.00,T2F,0,P1,4.682,P1V,2.211,P1F,0,P2,0.003,P2V,1.892,P2F,0,IgR,0
2025-09-03 20:38:02.053,T,531435,SR,144,SF,0,T1R,17.75,T1A,17.00,T1F,0,T2R,18.50,T2A,18.00,T2F,0,P1,4.697,P1V,2.214,P1F,0,P2,0.003,P2V,1.892,P2F,0,IgR,0
2025-09-03 20:38:02.279,T,531661,SR,144,SF,0,T1R,17.75,T1A,17.00,T1F,0,T2R,18.50,T2A,18.00,T2F,0,P1,4.687,P1V,2.212,P1F,0,P2,0.003,P2V,1.892,P2F,0,IgR,0
2025-09-03 20:38:02.505,T,531887,SR,144,SF,0,T1R,17.50,T1A,17.00,T1F,0,T2R,18.50,T2A,18.00,T2F,0,P1,4.666,P1V,2.209,P1F,0,P2,0.002,P2V,1.891,P2F,0,IgR,0
2025-09-03 20:38:02.731,T,532113,SR,144,SF,0,T1R,17.75,T1A,17.00,T1F,0,T2R,18.50,T2A,18.00,T2F,0,P1,4.712,P1V,2.216,P1F,0,P2,0.002,P2V,1.891,P2F,0,IgR,0
2025-09-03 20:38:02.957,T,532339,SR,144,SF,0,T1R,17.75,T1A,17.00,T1F,0,T2R,18.50,T2A,18.00,T2F,0,P1,4.692,P1V,2.213,P1F,0,P2,0.003,P2V,1.892,P2F,0,IgR,0
2025-09-03 20:38:03.183,T,532565,SR,144,SF,0,T1R,17.50,T1A,17.00,T1F,0,T2R,18.50,T2A,18.00,T2F,0,P1,4.666,P1V,2.209,P1F,0,P2,0.002,P2V,1.891,P2F,0,IgR,0
2025-09-03 20:38:03.409,T,532791,SR,144,SF,0,T1R,17.75,T1A,17.00,T1F,0,T2R,18.50,T2A,18.00,T2F,0,P1,4.702,P1V,2.215,P1F,0,P2,0.003,P2V,1.892,P2F,0,IgR,0
2025-09-03 20:38:03.635,T,533018,SR,144,SF,0,T1R,17.75,T1A,17.00,T1F,0,T2R,18.50,T2A,18.00,T2F,0,P1,4.697,P1V,2.214,P1F,0,P2,0.006,P2V,1.894,P2F,0,IgR,0
2025-09-03 20:38:03.862,T,533244,SR,144,SF,0,T1R,17.75,T1A,17.00,T1F,0,T2R,18.50,T2A,18.00,T2F,0,P1,4.666,P1V,2.209,P1F,0,P2,0.000,P2V,1.891,P2F,0,IgR,0
2025-09-03 20:38:04.088,T,533470,SR,144,SF,0,T1R,17.75,T1A,17.00,T1F,0,T2R,18.50,T2A,18.00,T2F,0,P1,4.676,P1V,2.210,P1F,0,P2,0.002,P2V,1.891,P2F,0,IgR,0
2025-09-03 20:38:04.314,T,533696,SR,144,SF,0,T1R,17.75,T1A,17.00,T1F,0,T2R,18.50,T2A,18.00,T2F,0,P1,4.702,P1V,2.215,P1F,0,P2,0.006,P2V,1.894,P2F,0,IgR,0
2025-09-03 20:38:04.540,T,533922,SR,144,SF,0,T1R,17.75,T1A,17.00,T1F,0,T2R,18.50,T2A,18.00,T2F,0,P1,4.682,P1V,2.211,P1F,0,P2,0.002,P2V,1.891,P2F,0,IgR,0
2025-09-03 20:38:04.766,T,534148,SR,144,SF,0,T1R,17.75,T1A,17.00,T1F,0,T2R,18.50,T2A,18.00,T2F,0,P1,4.666,P1V,2.209,P1F,0,P2,0.003,P2V,1.892,P2F,0,IgR,0
2025-09-03 20:38:04.992,T,534374,SR,144,SF,0,T1R,17.75,T1A,17.00,T1F,0,T2R,18.50,T2A,18.00,T2F,0,P1,4.712,P1V,2.216,P1F,0,P2,0.003,P2V,1.892,P2F,0,IgR,0
2025-09-03 20:38:05.218,T,534600,SR,144,SF,0,T1R,17.75,T1A,17.00,T1F,0,T2R,18.50,T2A,18.00,T2F,0,P1,4.692,P1V,2.213,P1F,0,P2,0.003,P2V,1.892,P2F,0,IgR,0
2025-09-03 20:38:05.444,T,534826,SR,144,SF,0,T1R,17.75,T1A,17.00,T1F,0,T2R,18.50,T2A,18.00,T2F,0,P1,4.666,P1V,2.209,P1F,0,P2,0.004,P2V,1.893,P2F,0,IgR,0
2025-09-03 20:38:05.671,T,535052,SR,144,SF,0,T1R,17.75,T1A,17.00,T1F,0,T2R,18.50,T2A,18.00,T2F,0,P1,4.697,P1V,2.214,P1F,0,P2,0.003,P2V,1.892,P2F,0,IgR,0
2025-09-03 20:38:05.896,T,535278,SR,144,SF,0,T1R,17.75,T1A,17.00,T1F,0,T2R,18.50,T2A,18.00,T2F,0,P1,4.697,P1V,2.214,P1F,0,P2,0.003,P2V,1.892,P2F,0,IgR,0
2025-09-03 20:38:06.122,T,535504,SR,144,SF,0,T1R,17.75,T1A,17.00,T1F,0,T2R,18.50,T2A,18.00,T2F,0,P1,4.687,P1V,2.212,P1F,0,P2,0.002,P2V,1.891,P2F,0,IgR,0
2025-09-03 20:38:06.348,T,535730,SR,144,SF,0,T1R,17.75,T1A,17.00,T1F,0,T2R,18.50,T2A,18.00,T2F,0,P1,4.682,P1V,2.211,P1F,0,P2,0.003,P2V,1.892,P2F,0,IgR,0
2025-09-03 20:38:06.574,T,535956,SR,144,SF,0,T1R,17.75,T1A,17.00,T1F,0,T2R,18.50,T2A,18.00,T2F,0,P1,4.707,P1V,2.215,P1F,0,P2,0.003,P2V,1.892,P2F,0,IgR,0
2025-09-03 20:38:06.800,T,536182,SR,144,SF,0,T1R,17.75,T1A,17.00,T1F,0,T2R,18.50,T2A,18.00,T2F,0,P1,4.687,P1V,2.212,P1F,0,P2,0.002,P2V,1.891,P2F,0,IgR,0
2025-09-03 20:38:07.026,T,536408,SR,144,SF,0,T1R,17.75,T1A,17.00,T1F,0,T2R,18.50,T2A,18.00,T2F,0,P1,4.671,P1V,2.210,P1F,0,P2,0.003,P2V,1.892,P2F,0,IgR,0
2025-09-03 20:38:07.252,T,536634,SR,144,SF,0,T1R,17.75,T1A,17.00,T1F,0,T2R,18.50,T2A,18.00,T2F,0,P1,4.712,P1V,2.216,P1F,0,P2,0.002,P2V,1.891,P2F,0,IgR,0
2025-09-03 20:38:07.478,T,536860,SR,144,SF,0,T1R,17.75,T1A,17.00,T1F,0,T2R,18.50,T2A,18.00,T2F,0,P1,4.687,P1V,2.212,P1F,0,P2,0.003,P2V,1.892,P2F,0,IgR,0
2025-09-03 20:38:07.704,T,537086,SR,144,SF,0,T1R,17.75,T1A,17.00,T1F,0,T2R,18.50,T2A,18.00,T2F,0,P1,4.666,P1V,2.209,P1F,0,P2,0.002,P2V,1.891,P2F,0,IgR,0
2025-09-03 20:38:07.929,T,537312,SR,144,SF,0,T1R,17.75,T1A,17.00,T1F,0,T2R,18.50,T2A,18.00,T2F,0,P1,4.697,P1V,2.214,P1F,0,P2,0.003,P2V,1.892,P2F,0,IgR,0
2025-09-03 20:38:08.156,T,537538,SR,144,SF,0,T1R,17.75,T1A,17.00,T1F,0,T2R,18.50,T2A,18.00,T2F,0,P1,4.697,P1V,2.214,P1F,0,P2,0.003,P2V,1.892,P2F,0,IgR,0
2025-09-03 20:38:08.382,T,537764,SR,144,SF,0,T1R,17.75,T1A,17.00,T1F,0,T2R,18.50,T2A,18.00,T2F,0,P1,4.682,P1V,2.211,P1F,0,P2,0.002,P2V,1.891,P2F,0,IgR,0
2025-09-03 20:38:08.608,T,537990,SR,144,SF,0,T1R,17.75,T1A,17.00,T1F,0,T2R,18.50,T2A,18.00,T2F,0,P1,4.687,P1V,2.212,P1F,0,P2,0.003,P2V,1.892,P2F,0,IgR,0
2025-09-03 20:38:08.834,T,538216,SR,144,SF,0,T1R,17.75,T1A,17.00,T1F,0,T2R,18.50,T2A,18.00,T2F,0,P1,4.717,P1V,2.217,P1F,0,P2,0.003,P2V,1.892,P2F,0,IgR,0
2025-09-03 20:38:09.060,T,538442,SR,144,SF,0,T1R,17.75,T1A,17.00,T1F,0,T2R,18.50,T2A,18.00,T2F,0,P1,4.692,P1V,2.213,P1F,0,P2,0.003,P2V,1.892,P2F,0,IgR,0
2025-09-03 20:38:09.286,T,538668,SR,144,SF,0,T1R,17.75,T1A,17.00,T1F,0,T2R,18.50,T2A,18.00,T2F,0,P1,4.666,P1V,2.209,P1F,0,P2,0.002,P2V,1.891,P2F,0,IgR,0
2025-09-03 20:38:09.512,T,538894,SR,144,SF,0,T1R,17.75,T1A,17.00,T1F,0,T2R,18.50,T2A,18.00,T2F,0,P1,4.707,P1V,2.215,P1F,0,P2,0.004,P2V,1.893,P2F,0,IgR,0
2025-09-03 20:38:09.738,T,539120,SR,144,SF,0,T1R,17.75,T1A,17.00,T1F,0,T2R,18.50,T2A,18.00,T2F,0,P1,4.692,P1V,2.213,P1F,0,P2,0.002,P2V,1.891,P2F,0,IgR,0
2025-09-03 20:38:09.964,T,539346,SR,144,SF,0,T1R,17.75,T1A,17.00,T1F,0,T2R,18.50,T2A,18.00,T2F,0,P1,4.687,P1V,2.212,P1F,0,P2,0.003,P2V,1.892,P2F,0,IgR,0
2025-09-03 20:38:10.189,T,539572,SR,144,SF,0,T1R,17.75,T1A,17.00,T1F,0,T2R,18.50,T2A,18.00,T2F,0,P1,4.697,P1V,2.214,P1F,0,P2,0.002,P2V,1.891,P2F,0,IgR,0
2025-09-03 20:38:10.416,T,539798,SR,144,SF,0,T1R,17.75,T1A,17.00,T1F,0,T2R,18.50,T2A,18.00,T2F,0,P1,4.702,P1V,2.215,P1F,0,P2,0.002,P2V,1.891,P2F,0,IgR,0
2025-09-03 20:38:10.642,T,540024,SR,144,SF,0,T1R,17.75,T1A,17.00,T1F,0,T2R,18.50,T2A,18.00,T2F,0,P1,4.692,P1V,2.213,P1F,0,P2,0.003,P2V,1.892,P2F,0,IgR,0
2025-09-03 20:38:10.868,T,540250,SR,144,SF,0,T1R,17.75,T1A,17.00,T1F,0,T2R,18.50,T2A,18.00,T2F,0,P1,4.682,P1V,2.211,P1F,0,P2,0.002,P2V,1.891,P2F,0,IgR,0
2025-09-03 20:38:11.094,T,540476,SR,144,SF,0,T1R,17.75,T1A,17.00,T1F,0,T2R,18.50,T2A,18.00,T2F,0,P1,4.712,P1V,2.216,P1F,0,P2,0.003,P2V,1.892,P2F,0,IgR,0
2025-09-03 20:38:11.320,T,540702,SR,144,SF,0,T1R,17.75,T1A,17.00,T1F,0,T2R,18.50,T2A,18.00,T2F,0,P1,4.702,P1V,2.215,P1F,0,P2,0.003,P2V,1.892,P2F,0,IgR,0
2025-09-03 20:38:11.546,T,540929,SR,144,SF,0,T1R,17.75,T1A,17.00,T1F,0,T2R,18.50,T2A,18.00,T2F,0,P1,4.671,P1V,2.210,P1F,0,P2,0.002,P2V,1.891,P2F,0,IgR,0
2025-09-03 20:38:11.772,T,541154,SR,144,SF,0,T1R,17.75,T1A,17.00,T1F,0,T2R,18.50,T2A,18.00,T2F,0,P1,4.717,P1V,2.217,P1F,0,P2,0.004,P2V,1.893,P2F,0,IgR,0
2025-09-03 20:38:11.998,T,541380,SR,144,SF,0,T1R,17.75,T1A,17.00,T1F,0,T2R,18.50,T2A,18.00,T2F,0,P1,4.697,P1V,2.214,P1F,0,P2,0.002,P2V,1.891,P2F,0,IgR,0
2025-09-03 20:38:12.223,T,541606,SR,144,SF,0,T1R,17.75,T1A,17.00,T1F,0,T2R,18.50,T2A,18.00,T2F,0,P1,4.682,P1V,2.211,P1F,0,P2,0.003,P2V,1.892,P2F,0,IgR,0
2025-09-03 20:38:12.450,T,541832,SR,144,SF,0,T1R,17.75,T1A,17.00,T1F,0,T2R,18.50,T2A,18.00,T2F,0,P1,4.692,P1V,2.213,P1F,0,P2,0.002,P2V,1.891,P2F,0,IgR,0
2025-09-03 20:38:12.676,T,542058,SR,144,SF,0,T1R,17.75,T1A,17.00,T1F,0,T2R,18.50,T2A,18.00,T2F,0,P1,4.702,P1V,2.215,P1F,0,P2,0.002,P2V,1.891,P2F,0,IgR,0
2025-09-03 20:38:12.902,T,542284,SR,144,SF,0,T1R,17.75,T1A,17.00,T1F,0,T2R,18.50,T2A,18.00,T2F,0,P1,4.687,P1V,2.212,P1F,0,P2,0.002,P2V,1.891,P2F,0,IgR,0
2025-09-03 20:38:13.128,T,542510,SR,144,SF,0,T1R,17.75,T1A,17.00,T1F,0,T2R,18.50,T2A,18.00,T2F,0,P1,4.676,P1V,2.210,P1F,0,P2,0.003,P2V,1.892,P2F,0,IgR,0
2025-09-03 20:38:13.354,T,542736,SR,144,SF,0,T1R,17.75,T1A,17.00,T1F,0,T2R,18.50,T2A,18.00,T2F,0,P1,4.722,P1V,2.218,P1F,0,P2,0.004,P2V,1.893,P2F,0,IgR,0
2025-09-03 20:38:13.580,T,542962,SR,144,SF,0,T1R,17.75,T1A,17.00,T1F,0,T2R,18.50,T2A,18.00,T2F,0,P1,4.697,P1V,2.214,P1F,0,P2,0.003,P2V,1.892,P2F,0,IgR,0
2025-09-03 20:38:13.806,T,543188,SR,144,SF,0,T1R,17.75,T1A,17.00,T1F,0,T2R,18.50,T2A,18.00,T2F,0,P1,4.671,P1V,2.210,P1F,0,P2,0.002,P2V,1.891,P2F,0,IgR,0
2025-09-03 20:38:14.032,T,543414,SR,144,SF,0,T1R,17.75,T1A,17.00,T1F,0,T2R,18.50,T2A,18.00,T2F,0,P1,4.717,P1V,2.217,P1F,0,P2,0.003,P2V,1.892,P2F,0,IgR,0
2025-09-03 20:38:14.258,T,543640,SR,144,SF,0,T1R,17.75,T1A,17.00,T1F,0,T2R,18.50,T2A,18.00,T2F,0,P1,4.707,P1V,2.215,P1F,0,P2,0.002,P2V,1.891,P2F,0,IgR,0
2025-09-03 20:38:14.483,T,543866,SR,144,SF,0,T1R,17.75,T1A,17.00,T1F,0,T2R,18.50,T2A,18.00,T2F,0,P1,4.682,P1V,2.211,P1F,0,P2,0.003,P2V,1.892,P2F,0,IgR,0
2025-09-03 20:38:14.710,T,544092,SR,144,SF,0,T1R,17.75,T1A,17.00,T1F,0,T2R,18.75,T2A,18.00,T2F,0,P1,4.692,P1V,2.213,P1F,0,P2,0.006,P2V,1.894,P2F,0,IgR,0
2025-09-03 20:38:14.937,T,544319,SR,144,SF,0,T1R,17.75,T1A,17.00,T1F,0,T2R,18.75,T2A,18.00,T2F,0,P1,4.707,P1V,2.215,P1F,0,P2,0.003,P2V,1.892,P2F,0,IgR,0
2025-09-03 20:38:15.164,T,544546,SR,144,SF,0,T1R,17.75,T1A,17.00,T1F,0,T2R,18.75,T2A,18.00,T2F,0,P1,4.692,P1V,2.213,P1F,0,P2,0.002,P2V,1.891,P2F,0,IgR,0
2025-09-03 20:38:15.391,T,544773,SR,144,SF,0,T1R,17.75,T1A,17.00,T1F,0,T2R,18.50,T2A,18.00,T2F,0,P1,4.707,P1V,2.215,P1F,0,P2,0.003,P2V,1.892,P2F,0,IgR,0
2025-09-03 20:38:15.617,T,544999,SR,144,SF,0,T1R,17.75,T1A,17.00,T1F,0,T2R,18.50,T2A,18.00,T2F,0,P1,4.712,P1V,2.216,P1F,0,P2,0.003,P2V,1.892,P2F,0,IgR,0
2025-09-03 20:38:15.843,T,545225,SR,144,SF,0,T1R,17.75,T1A,17.00,T1F,0,T2R,18.50,T2A,18.00,T2F,0,P1,4.692,P1V,2.213,P1F,0,P2,0.003,P2V,1.892,P2F,0,IgR,0
2025-09-03 20:38:16.069,T,545451,SR,144,SF,0,T1R,17.75,T1A,17.00,T1F,0,T2R,18.50,T2A,18.00,T2F,0,P1,4.692,P1V,2.213,P1F,0,P2,0.003,P2V,1.892,P2F,0,IgR,0
2025-09-03 20:38:16.296,T,545677,SR,144,SF,0,T1R,17.75,T1A,17.00,T1F,0,T2R,18.50,T2A,18.00,T2F,0,P1,4.712,P1V,2.216,P1F,0,P2,0.004,P2V,1.893,P2F,0,IgR,0
2025-09-03 20:38:16.520,T,545903,SR,144,SF,0,T1R,17.75,T1A,17.00,T1F,0,T2R,18.50,T2A,18.00,T2F,0,P1,4.697,P1V,2.214,P1F,0,P2,0.000,P2V,1.891,P2F,0,IgR,0
2025-09-03 20:38:16.747,T,546129,SR,144,SF,0,T1R,17.75,T1A,17.00,T1F,0,T2R,18.50,T2A,18.00,T2F,0,P1,4.682,P1V,2.211,P1F,0,P2,0.003,P2V,1.892,P2F,0,IgR,0
2025-09-03 20:38:16.973,T,546355,SR,144,SF,0,T1R,17.75,T1A,17.00,T1F,0,T2R,18.50,T2A,18.00,T2F,0,P1,4.717,P1V,2.217,P1F,0,P2,0.004,P2V,1.893,P2F,0,IgR,0
2025-09-03 20:38:17.199,T,546581,SR,144,SF,0,T1R,17.75,T1A,17.00,T1F,0,T2R,18.50,T2A,18.00,T2F,0,P1,4.702,P1V,2.215,P1F,0,P2,0.002,P2V,1.891,P2F,0,IgR,0
2025-09-03 20:38:17.425,T,546807,SR,144,SF,0,T1R,17.75,T1A,17.00,T1F,0,T2R,18.50,T2A,18.00,T2F,0,P1,4.666,P1V,2.209,P1F,0,P2,0.002,P2V,1.891,P2F,0,IgR,0
2025-09-03 20:38:17.651,T,547033,SR,144,SF,0,T1R,17.75,T1A,17.00,T1F,0,T2R,18.50,T2A,18.00,T2F,0,P1,4.707,P1V,2.215,P1F,0,P2,0.003,P2V,1.892,P2F,0,IgR,0
2025-09-03 20:38:17.877,T,547259,SR,144,SF,0,T1R,17.75,T1A,17.00,T1F,0,T2R,18.50,T2A,18.00,T2F,0,P1,4.707,P1V,2.215,P1F,0,P2,0.003,P2V,1.892,P2F,0,IgR,0
2025-09-03 20:38:18.103,T,547485,SR,144,SF,0,T1R,17.75,T1A,17.00,T1F,0,T2R,18.75,T2A,18.00,T2F,0,P1,4.687,P1V,2.212,P1F,0,P2,0.003,P2V,1.892,P2F,0,IgR,0
2025-09-03 20:38:18.331,T,547712,SR,144,SF,0,T1R,17.75,T1A,17.00,T1F,0,T2R,18.50,T2A,18.00,T2F,0,P1,4.692,P1V,2.213,P1F,0,P2,0.004,P2V,1.893,P2F,0,IgR,0
2025-09-03 20:38:18.556,T,547938,SR,144,SF,0,T1R,17.75,T1A,17.00,T1F,0,T2R,18.50,T2A,18.00,T2F,0,P1,4.707,P1V,2.215,P1F,0,P2,0.003,P2V,1.892,P2F,0,IgR,0
2025-09-03 20:38:18.782,T,548164,SR,144,SF,0,T1R,17.75,T1A,17.00,T1F,0,T2R,18.75,T2A,18.00,T2F,0,P1,4.687,P1V,2.212,P1F,0,P2,0.004,P2V,1.893,P2F,0,IgR,0
2025-09-03 20:38:19.008,T,548391,SR,144,SF,0,T1R,17.75,T1A,17.00,T1F,0,T2R,18.50,T2A,18.00,T2F,0,P1,4.692,P1V,2.213,P1F,0,P2,0.004,P2V,1.893,P2F,0,IgR,0
2025-09-03 20:38:19.235,T,548617,SR,144,SF,0,T1R,17.75,T1A,17.00,T1F,0,T2R,18.50,T2A,18.00,T2F,0,P1,4.707,P1V,2.215,P1F,0,P2,0.003,P2V,1.892,P2F,0,IgR,0
2025-09-03 20:38:19.461,T,548843,SR,144,SF,0,T1R,17.75,T1A,17.00,T1F,0,T2R,18.50,T2A,18.00,T2F,0,P1,4.697,P1V,2.214,P1F,0,P2,0.002,P2V,1.891,P2F,0,IgR,0
2025-09-03 20:38:19.687,T,549069,SR,144,SF,0,T1R,17.75,T1A,17.00,T1F,0,T2R,18.50,T2A,18.00,T2F,0,P1,4.682,P1V,2.211,P1F,0,P2,0.002,P2V,1.891,P2F,0,IgR,0
2025-09-03 20:38:19.913,T,549295,SR,144,SF,0,T1R,17.75,T1A,17.00,T1F,0,T2R,18.75,T2A,18.00,T2F,0,P1,4.717,P1V,2.217,P1F,0,P2,-0.001,P2V,1.890,P2F,0,IgR,0
2025-09-03 20:38:20.140,T,549522,SR,144,SF,0,T1R,17.75,T1A,17.00,T1F,0,T2R,18.50,T2A,18.00,T2F,0,P1,4.697,P1V,2.214,P1F,0,P2,0.000,P2V,1.891,P2F,0,IgR,0
2025-09-03 20:38:20.366,T,549748,SR,144,SF,0,T1R,17.75,T1A,17.00,T1F,0,T2R,18.50,T2A,18.00,T2F,0,P1,4.661,P1V,2.208,P1F,0,P2,0.003,P2V,1.892,P2F,0,IgR,0
2025-09-03 20:38:20.592,T,549974,SR,144,SF,0,T1R,17.75,T1A,17.00,T1F,0,T2R,18.75,T2A,18.00,T2F,0,P1,4.722,P1V,2.218,P1F,0,P2,0.006,P2V,1.894,P2F,0,IgR,0
2025-09-03 20:38:20.818,T,550201,SR,144,SF,0,T1R,17.75,T1A,17.00,T1F,0,T2R,18.50,T2A,18.00,T2F,0,P1,4.697,P1V,2.214,P1F,0,P2,0.003,P2V,1.892,P2F,0,IgR,0
2025-09-03 20:38:21.044,T,550427,SR,144,SF,0,T1R,17.75,T1A,17.00,T1F,0,T2R,18.50,T2A,18.00,T2F,0,P1,4.671,P1V,2.210,P1F,0,P2,0.002,P2V,1.891,P2F,0,IgR,0
2025-09-03 20:38:21.271,T,550653,SR,144,SF,0,T1R,17.75,T1A,17.00,T1F,0,T2R,18.75,T2A,18.00,T2F,0,P1,4.717,P1V,2.217,P1F,0,P2,0.003,P2V,1.892,P2F,0,IgR,0
2025-09-03 20:38:21.498,T,550880,SR,144,SF,0,T1R,17.75,T1A,17.00,T1F,0,T2R,18.75,T2A,18.00,T2F,0,P1,4.702,P1V,2.215,P1F,0,P2,0.002,P2V,1.891,P2F,0,IgR,0
2025-09-03 20:38:21.724,T,551107,SR,144,SF,0,T1R,17.75,T1A,17.00,T1F,0,T2R,18.50,T2A,18.00,T2F,0,P1,4.666,P1V,2.209,P1F,0,P2,0.004,P2V,1.893,P2F,0,IgR,0
2025-09-03 20:38:21.950,T,551332,SR,144,SF,0,T1R,17.75,T1A,17.00,T1F,0,T2R,18.50,T2A,18.00,T2F,0,P1,4.707,P1V,2.215,P1F,0,P2,0.003,P2V,1.892,P2F,0,IgR,0
2025-09-03 20:38:22.176,T,551558,SR,144,SF,0,T1R,17.75,T1A,17.00,T1F,0,T2R,18.50,T2A,18.00,T2F,0,P1,4.712,P1V,2.216,P1F,0,P2,0.003,P2V,1.892,P2F,0,IgR,0
2025-09-03 20:38:22.402,T,551784,SR,144,SF,0,T1R,17.75,T1A,17.00,T1F,0,T2R,18.50,T2A,18.00,T2F,0,P1,4.692,P1V,2.213,P1F,0,P2,0.003,P2V,1.892,P2F,0,IgR,0
2025-09-03 20:38:22.628,T,552010,SR,144,SF,0,T1R,17.75,T1A,17.00,T1F,0,T2R,18.75,T2A,18.00,T2F,0,P1,4.687,P1V,2.212,P1F,0,P2,0.003,P2V,1.892,P2F,0,IgR,0
2025-09-03 20:38:22.854,T,552237,SR,144,SF,0,T1R,17.75,T1A,17.00,T1F,0,T2R,18.50,T2A,18.00,T2F,0,P1,4.707,P1V,2.215,P1F,0,P2,0.003,P2V,1.892,P2F,0,IgR,0
2025-09-03 20:38:23.080,T,552463,SR,144,SF,0,T1R,17.75,T1A,17.00,T1F,0,T2R,18.50,T2A,18.00,T2F,0,P1,4.692,P1V,2.213,P1F,0,P2,0.006,P2V,1.894,P2F,0,IgR,0
2025-09-03 20:38:23.306,T,552689,SR,144,SF,0,T1R,17.75,T1A,17.00,T1F,0,T2R,18.50,T2A,18.00,T2F,0,P1,4.682,P1V,2.211,P1F,0,P2,0.003,P2V,1.892,P2F,0,IgR,0
2025-09-03 20:38:23.533,T,552915,SR,144,SF,0,T1R,17.75,T1A,17.00,T1F,0,T2R,18.50,T2A,18.00,T2F,0,P1,4.727,P1V,2.219,P1F,0,P2,0.000,P2V,1.891,P2F,0,IgR,0
2025-09-03 20:38:23.759,T,553141,SR,144,SF,0,T1R,17.75,T1A,17.00,T1F,0,T2R,18.50,T2A,18.00,T2F,0,P1,4.697,P1V,2.214,P1F,0,P2,0.002,P2V,1.891,P2F,0,IgR,0
2025-09-03 20:38:23.985,T,553367,SR,144,SF,0,T1R,17.75,T1A,17.00,T1F,0,T2R,18.50,T2A,18.00,T2F,0,P1,4.671,P1V,2.210,P1F,0,P2,0.002,P2V,1.891,P2F,0,IgR,0
2025-09-03 20:38:24.211,T,553593,SR,144,SF,0,T1R,17.75,T1A,17.00,T1F,0,T2R,18.50,T2A,18.00,T2F,0,P1,4.717,P1V,2.217,P1F,0,P2,0.002,P2V,1.891,P2F,0,IgR,0
2025-09-03 20:38:24.437,T,553819,SR,144,SF,0,T1R,17.75,T1A,17.00,T1F,0,T2R,18.75,T2A,18.00,T2F,0,P1,4.707,P1V,2.215,P1F,0,P2,0.003,P2V,1.892,P2F,0,IgR,0
2025-09-03 20:38:24.663,T,554045,SR,144,SF,0,T1R,17.75,T1A,17.00,T1F,0,T2R,18.75,T2A,18.00,T2F,0,P1,4.682,P1V,2.211,P1F,0,P2,0.003,P2V,1.892,P2F,0,IgR,0
2025-09-03 20:38:24.890,T,554272,SR,144,SF,0,T1R,17.75,T1A,17.00,T1F,0,T2R,18.75,T2A,18.00,T2F,0,P1,4.722,P1V,2.218,P1F,0,P2,0.006,P2V,1.894,P2F,0,IgR,0
2025-09-03 20:38:25.117,T,554499,SR,144,SF,0,T1R,17.75,T1A,17.00,T1F,0,T2R,18.75,T2A,18.00,T2F,0,P1,4.707,P1V,2.215,P1F,0,P2,0.003,P2V,1.892,P2F,0,IgR,0
2025-09-03 20:38:25.343,T,554726,SR,144,SF,0,T1R,17.75,T1A,17.00,T1F,0,T2R,18.75,T2A,18.00,T2F,0,P1,4.676,P1V,2.210,P1F,0,P2,0.000,P2V,1.891,P2F,0,IgR,0
2025-09-03 20:38:25.569,T,554952,SR,144,SF,0,T1R,17.75,T1A,17.00,T1F,0,T2R,18.75,T2A,18.00,T2F,0,P1,4.712,P1V,2.216,P1F,0,P2,0.003,P2V,1.892,P2F,0,IgR,0
2025-09-03 20:38:25.796,T,555179,SR,144,SF,0,T1R,17.75,T1A,17.00,T1F,0,T2R,18.50,T2A,18.00,T2F,0,P1,4.707,P1V,2.215,P1F,0,P2,0.004,P2V,1.893,P2F,0,IgR,0
2025-09-03 20:38:26.023,T,555405,SR,144,SF,0,T1R,18.00,T1A,17.00,T1F,0,T2R,18.50,T2A,18.00,T2F,0,P1,4.692,P1V,2.213,P1F,0,P2,0.003,P2V,1.892,P2F,0,IgR,0
2025-09-03 20:38:26.249,T,555631,SR,144,SF,0,T1R,18.00,T1A,18.00,T1F,0,T2R,18.75,T2A,18.00,T2F,0,P1,4.702,P1V,2.215,P1F,0,P2,0.003,P2V,1.892,P2F,0,IgR,0
2025-09-03 20:38:26.475,T,555857,SR,144,SF,0,T1R,17.75,T1A,18.00,T1F,0,T2R,18.75,T2A,18.00,T2F,0,P1,4.712,P1V,2.216,P1F,0,P2,0.002,P2V,1.891,P2F,0,IgR,0
2025-09-03 20:38:26.702,T,556084,SR,144,SF,0,T1R,17.75,T1A,18.00,T1F,0,T2R,18.75,T2A,18.00,T2F,0,P1,4.692,P1V,2.213,P1F,0,P2,0.003,P2V,1.892,P2F,0,IgR,0
2025-09-03 20:38:26.928,T,556311,SR,144,SF,0,T1R,18.00,T1A,18.00,T1F,0,T2R,18.50,T2A,18.00,T2F,0,P1,4.697,P1V,2.214,P1F,0,P2,0.004,P2V,1.893,P2F,0,IgR,0
2025-09-03 20:38:27.154,T,556537,SR,144,SF,0,T1R,18.00,T1A,18.00,T1F,0,T2R,18.50,T2A,18.00,T2F,0,P1,4.712,P1V,2.216,P1F,0,P2,0.003,P2V,1.892,P2F,0,IgR,0
2025-09-03 20:38:27.380,T,556763,SR,144,SF,0,T1R,17.75,T1A,17.00,T1F,0,T2R,18.75,T2A,18.00,T2F,0,P1,4.702,P1V,2.215,P1F,0,P2,0.002,P2V,1.891,P2F,0,IgR,0
2025-09-03 20:38:27.607,T,556990,SR,144,SF,0,T1R,17.75,T1A,17.00,T1F,0,T2R,18.75,T2A,18.00,T2F,0,P1,4.692,P1V,2.213,P1F,0,P2,0.003,P2V,1.892,P2F,0,IgR,0
2025-09-03 20:38:27.835,T,557217,SR,144,SF,0,T1R,18.00,T1A,17.00,T1F,0,T2R,18.75,T2A,18.00,T2F,0,P1,4.717,P1V,2.217,P1F,0,P2,0.004,P2V,1.893,P2F,0,IgR,0
2025-09-03 20:38:28.060,T,557443,SR,144,SF,0,T1R,18.00,T1A,17.00,T1F,0,T2R,18.75,T2A,18.00,T2F,0,P1,4.692,P1V,2.213,P1F,0,P2,0.003,P2V,1.892,P2F,0,IgR,0
2025-09-03 20:38:28.287,T,557669,SR,144,SF,0,T1R,17.75,T1A,17.00,T1F,0,T2R,18.75,T2A,18.00,T2F,0,P1,4.692,P1V,2.213,P1F,0,P2,0.003,P2V,1.892,P2F,0,IgR,0
2025-09-03 20:38:28.514,T,557896,SR,144,SF,0,T1R,17.75,T1A,17.00,T1F,0,T2R,18.50,T2A,18.00,T2F,0,P1,4.717,P1V,2.217,P1F,0,P2,0.004,P2V,1.893,P2F,0,IgR,0
2025-09-03 20:38:28.740,T,558122,SR,144,SF,0,T1R,17.75,T1A,17.00,T1F,0,T2R,18.75,T2A,18.00,T2F,0,P1,4.702,P1V,2.215,P1F,0,P2,0.004,P2V,1.893,P2F,0,IgR,0
2025-09-03 20:38:28.966,T,558348,SR,144,SF,0,T1R,18.00,T1A,17.00,T1F,0,T2R,18.75,T2A,18.00,T2F,0,P1,4.697,P1V,2.214,P1F,0,P2,0.006,P2V,1.894,P2F,0,IgR,0
2025-09-03 20:38:29.191,T,558574,SR,144,SF,0,T1R,17.75,T1A,17.00,T1F,0,T2R,18.50,T2A,18.00,T2F,0,P1,4.727,P1V,2.219,P1F,0,P2,0.003,P2V,1.892,P2F,0,IgR,0
2025-09-03 20:38:29.417,T,558800,SR,144,SF,0,T1R,17.75,T1A,17.00,T1F,0,T2R,18.75,T2A,18.00,T2F,0,P1,4.707,P1V,2.215,P1F,0,P2,0.003,P2V,1.892,P2F,0,IgR,0
2025-09-03 20:38:29.643,T,559026,SR,144,SF,0,T1R,18.00,T1A,18.00,T1F,0,T2R,18.75,T2A,18.00,T2F,0,P1,4.676,P1V,2.210,P1F,0,P2,0.002,P2V,1.891,P2F,0,IgR,0
2025-09-03 20:38:29.869,T,559252,SR,144,SF,0,T1R,17.75,T1A,18.00,T1F,0,T2R,18.75,T2A,18.00,T2F,0,P1,4.717,P1V,2.217,P1F,0,P2,0.003,P2V,1.892,P2F,0,IgR,0
2025-09-03 20:38:30.096,T,559479,SR,144,SF,0,T1R,17.75,T1A,18.00,T1F,0,T2R,18.75,T2A,18.00,T2F,0,P1,4.712,P1V,2.216,P1F,0,P2,0.002,P2V,1.891,P2F,0,IgR,0
2025-09-03 20:38:30.324,T,559706,SR,144,SF,0,T1R,18.00,T1A,18.00,T1F,0,T2R,18.75,T2A,18.00,T2F,0,P1,4.682,P1V,2.211,P1F,0,P2,0.003,P2V,1.892,P2F,0,IgR,0
2025-09-03 20:38:30.550,T,559932,SR,144,SF,0,T1R,18.00,T1A,18.00,T1F,0,T2R,18.50,T2A,18.00,T2F,0,P1,4.712,P1V,2.216,P1F,0,P2,0.003,P2V,1.892,P2F,0,IgR,0
2025-09-03 20:38:30.776,T,560158,SR,144,SF,0,T1R,17.75,T1A,17.00,T1F,0,T2R,18.50,T2A,18.00,T2F,0,P1,4.712,P1V,2.216,P1F,0,P2,0.004,P2V,1.893,P2F,0,IgR,0
2025-09-03 20:38:31.001,T,560384,SR,144,SF,0,T1R,18.00,T1A,17.00,T1F,0,T2R,18.75,T2A,18.00,T2F,0,P1,4.697,P1V,2.214,P1F,0,P2,0.003,P2V,1.892,P2F,0,IgR,0
2025-09-03 20:38:31.227,T,560610,SR,144,SF,0,T1R,18.00,T1A,17.00,T1F,0,T2R,18.75,T2A,18.00,T2F,0,P1,4.697,P1V,2.214,P1F,0,P2,0.003,P2V,1.892,P2F,0,IgR,0
2025-09-03 20:38:31.454,T,560836,SR,144,SF,0,T1R,17.75,T1A,17.00,T1F,0,T2R,18.75,T2A,18.00,T2F,0,P1,4.722,P1V,2.218,P1F,0,P2,0.002,P2V,1.891,P2F,0,IgR,0
2025-09-03 20:38:31.681,T,561063,SR,144,SF,0,T1R,17.75,T1A,17.00,T1F,0,T2R,18.75,T2A,18.00,T2F,0,P1,4.697,P1V,2.214,P1F,0,P2,0.003,P2V,1.892,P2F,0,IgR,0
2025-09-03 20:38:31.907,T,561290,SR,144,SF,0,T1R,17.75,T1A,17.00,T1F,0,T2R,18.75,T2A,18.00,T2F,0,P1,4.697,P1V,2.214,P1F,0,P2,0.003,P2V,1.892,P2F,0,IgR,0
2025-09-03 20:38:32.134,T,561517,SR,144,SF,0,T1R,18.00,T1A,17.00,T1F,0,T2R,18.75,T2A,18.00,T2F,0,P1,4.717,P1V,2.217,P1F,0,P2,0.003,P2V,1.892,P2F,0,IgR,0
2025-09-03 20:38:32.360,T,561743,SR,144,SF,0,T1R,18.00,T1A,17.00,T1F,0,T2R,18.75,T2A,18.00,T2F,0,P1,4.697,P1V,2.214,P1F,0,P2,0.004,P2V,1.893,P2F,0,IgR,0
2025-09-03 20:38:32.587,T,561969,SR,144,SF,0,T1R,18.00,T1A,17.00,T1F,0,T2R,18.75,T2A,18.00,T2F,0,P1,4.692,P1V,2.213,P1F,0,P2,0.002,P2V,1.891,P2F,0,IgR,0
2025-09-03 20:38:32.813,T,562195,SR,144,SF,0,T1R,18.00,T1A,17.00,T1F,0,T2R,18.75,T2A,18.00,T2F,0,P1,4.732,P1V,2.219,P1F,0,P2,0.003,P2V,1.892,P2F,0,IgR,0
2025-09-03 20:38:33.039,T,562421,SR,144,SF,0,T1R,18.00,T1A,18.00,T1F,0,T2R,18.75,T2A,18.00,T2F,0,P1,4.707,P1V,2.215,P1F,0,P2,0.003,P2V,1.892,P2F,0,IgR,0
2025-09-03 20:38:33.264,T,562647,SR,144,SF,0,T1R,18.00,T1A,18.00,T1F,0,T2R,18.75,T2A,18.00,T2F,0,P1,4.671,P1V,2.210,P1F,0,P2,-0.002,P2V,1.889,P2F,0,IgR,0
2025-09-03 20:38:33.490,T,562873,SR,144,SF,0,T1R,18.00,T1A,18.00,T1F,0,T2R,18.75,T2A,18.00,T2F,0,P1,4.722,P1V,2.218,P1F,0,P2,0.003,P2V,1.892,P2F,0,IgR,0
2025-09-03 20:38:33.718,T,563099,SR,144,SF,0,T1R,17.75,T1A,18.00,T1F,0,T2R,18.75,T2A,18.00,T2F,0,P1,4.717,P1V,2.217,P1F,0,P2,0.003,P2V,1.892,P2F,0,IgR,0
2025-09-03 20:38:33.944,T,563326,SR,144,SF,0,T1R,18.00,T1A,18.00,T1F,0,T2R,18.50,T2A,18.00,T2F,0,P1,4.676,P1V,2.210,P1F,0,P2,0.003,P2V,1.892,P2F,0,IgR,0
2025-09-03 20:38:34.169,T,563552,SR,144,SF,0,T1R,18.00,T1A,18.00,T1F,0,T2R,18.75,T2A,18.00,T2F,0,P1,4.717,P1V,2.217,P1F,0,P2,0.004,P2V,1.893,P2F,0,IgR,0
2025-09-03 20:38:34.396,T,563778,SR,144,SF,0,T1R,18.00,T1A,18.00,T1F,0,T2R,18.75,T2A,18.00,T2F,0,P1,4.707,P1V,2.215,P1F,0,P2,0.003,P2V,1.892,P2F,0,IgR,0
2025-09-03 20:38:34.622,T,564004,SR,144,SF,0,T1R,18.00,T1A,18.00,T1F,0,T2R,18.75,T2A,18.00,T2F,0,P1,4.697,P1V,2.214,P1F,0,P2,0.000,P2V,1.891,P2F,0,IgR,0
2025-09-03 20:38:34.848,T,564230,SR,144,SF,0,T1R,18.00,T1A,18.00,T1F,0,T2R,18.75,T2A,18.00,T2F,0,P1,4.697,P1V,2.214,P1F,0,P2,0.003,P2V,1.892,P2F,0,IgR,0
2025-09-03 20:38:35.074,T,564456,SR,144,SF,0,T1R,17.75,T1A,18.00,T1F,0,T2R,18.75,T2A,18.00,T2F,0,P1,4.727,P1V,2.219,P1F,0,P2,0.002,P2V,1.891,P2F,0,IgR,0
2025-09-03 20:38:35.300,T,564683,SR,144,SF,0,T1R,18.00,T1A,18.00,T1F,0,T2R,18.75,T2A,18.00,T2F,0,P1,4.707,P1V,2.215,P1F,0,P2,0.004,P2V,1.893,P2F,0,IgR,0
2025-09-03 20:38:35.526,T,564909,SR,144,SF,0,T1R,18.00,T1A,18.00,T1F,0,T2R,18.50,T2A,18.00,T2F,0,P1,4.692,P1V,2.213,P1F,0,P2,0.002,P2V,1.891,P2F,0,IgR,0
2025-09-03 20:38:35.752,T,565135,SR,144,SF,0,T1R,18.00,T1A,18.00,T1F,0,T2R,18.75,T2A,18.00,T2F,0,P1,4.737,P1V,2.220,P1F,0,P2,0.004,P2V,1.893,P2F,0,IgR,0
2025-09-03 20:38:35.978,T,565361,SR,144,SF,0,T1R,18.00,T1A,18.00,T1F,0,T2R,18.75,T2A,18.00,T2F,0,P1,4.712,P1V,2.216,P1F,0,P2,0.003,P2V,1.892,P2F,0,IgR,0
2025-09-03 20:38:36.204,T,565587,SR,144,SF,0,T1R,18.00,T1A,18.00,T1F,0,T2R,18.75,T2A,18.00,T2F,0,P1,4.687,P1V,2.212,P1F,0,P2,0.002,P2V,1.891,P2F,0,IgR,0
2025-09-03 20:38:36.430,T,565813,SR,144,SF,0,T1R,18.00,T1A,18.00,T1F,0,T2R,18.75,T2A,18.00,T2F,0,P1,4.732,P1V,2.219,P1F,0,P2,0.004,P2V,1.893,P2F,0,IgR,0
2025-09-03 20:38:36.657,T,566039,SR,144,SF,0,T1R,17.75,T1A,18.00,T1F,0,T2R,18.75,T2A,18.00,T2F,0,P1,4.717,P1V,2.217,P1F,0,P2,0.003,P2V,1.892,P2F,0,IgR,0
2025-09-03 20:38:36.884,T,566266,SR,144,SF,0,T1R,17.75,T1A,18.00,T1F,0,T2R,18.75,T2A,18.00,T2F,0,P1,4.687,P1V,2.212,P1F,0,P2,0.002,P2V,1.891,P2F,0,IgR,0
2025-09-03 20:38:37.111,T,566493,SR,144,SF,0,T1R,18.00,T1A,18.00,T1F,0,T2R,18.75,T2A,18.00,T2F,0,P1,4.727,P1V,2.219,P1F,0,P2,0.004,P2V,1.893,P2F,0,IgR,0
2025-09-03 20:38:37.336,T,566719,SR,144,SF,0,T1R,18.00,T1A,18.00,T1F,0,T2R,18.75,T2A,18.00,T2F,0,P1,4.712,P1V,2.216,P1F,0,P2,0.002,P2V,1.891,P2F,0,IgR,0
2025-09-03 20:38:37.562,T,566945,SR,144,SF,0,T1R,18.00,T1A,18.00,T1F,0,T2R,18.75,T2A,18.00,T2F,0,P1,4.687,P1V,2.212,P1F,0,P2,0.003,P2V,1.892,P2F,0,IgR,0
2025-09-03 20:38:37.788,T,567171,SR,144,SF,0,T1R,18.00,T1A,18.00,T1F,0,T2R,18.75,T2A,18.00,T2F,0,P1,4.712,P1V,2.216,P1F,0,P2,0.004,P2V,1.893,P2F,0,IgR,0
2025-09-03 20:38:38.015,T,567397,SR,144,SF,0,T1R,18.00,T1A,18.00,T1F,0,T2R,18.75,T2A,18.00,T2F,0,P1,4.722,P1V,2.218,P1F,0,P2,0.002,P2V,1.891,P2F,0,IgR,0
2025-09-03 20:38:38.240,T,567623,SR,144,SF,0,T1R,18.00,T1A,18.00,T1F,0,T2R,18.75,T2A,18.00,T2F,0,P1,4.702,P1V,2.215,P1F,0,P2,0.003,P2V,1.892,P2F,0,IgR,0
2025-09-03 20:38:38.466,T,567849,SR,144,SF,0,T1R,18.00,T1A,18.00,T1F,0,T2R,18.75,T2A,18.00,T2F,0,P1,4.676,P1V,2.210,P1F,0,P2,-0.001,P2V,1.890,P2F,0,IgR,0
2025-09-03 20:38:38.692,T,568076,SR,144,SF,0,T1R,-83.00,T1A,-83.00,T1F,0,T2R,1.75,T2A,1.00,T2F,0,P1,4.722,P1V,2.218,P1F,0,P2,0.002,P2V,1.891,P2F,0,IgR,0
2025-09-03 20:38:38.918,T,568301,SR,144,SF,0,T1R,-2.00,T1A,-83.00,T1F,0,T2R,6.50,T2A,1.00,T2F,0,P1,4.707,P1V,2.215,P1F,0,P2,0.003,P2V,1.892,P2F,0,IgR,0
2025-09-03 20:38:39.143,T,568526,SR,144,SF,0,T1R,-5.25,T1A,-83.00,T1F,0,T2R,13.00,T2A,1.00,T2F,0,P1,4.687,P1V,2.212,P1F,0,P2,0.004,P2V,1.893,P2F,0,IgR,0
2025-09-03 20:38:39.370,T,568752,SR,144,SF,0,T1R,-10.75,T1A,-83.00,T1F,0,T2R,10.75,T2A,1.00,T2F,0,P1,4.722,P1V,2.218,P1F,0,P2,0.004,P2V,1.893,P2F,0,IgR,0
2025-09-03 20:38:39.595,T,568978,SR,144,SF,0,T1R,-1.25,T1A,-83.00,T1F,0,T2R,13.75,T2A,1.00,T2F,0,P1,4.722,P1V,2.218,P1F,0,P2,0.004,P2V,1.893,P2F,0,IgR,0
2025-09-03 20:38:39.821,T,569205,SR,144,SF,0,T1R,12.00,T1A,12.00,T1F,0,T2R,16.25,T2A,16.00,T2F,0,P1,4.692,P1V,2.213,P1F,0,P2,0.002,P2V,1.891,P2F,0,IgR,0
2025-09-03 20:38:40.047,T,569430,SR,144,SF,0,T1R,11.00,T1A,12.00,T1F,0,T2R,16.50,T2A,16.00,T2F,0,P1,4.712,P1V,2.216,P1F,0,P2,0.002,P2V,1.891,P2F,0,IgR,0
2025-09-03 20:38:40.273,T,569656,SR,144,SF,0,T1R,17.00,T1A,12.00,T1F,0,T2R,18.50,T2A,16.00,T2F,0,P1,4.722,P1V,2.218,P1F,0,P2,0.002,P2V,1.891,P2F,0,IgR,0
2025-09-03 20:38:40.499,T,569882,SR,144,SF,0,T1R,7.00,T1A,12.00,T1F,0,T2R,17.75,T2A,16.00,T2F,0,P1,4.707,P1V,2.215,P1F,0,P2,0.002,P2V,1.891,P2F,0,IgR,0
2025-09-03 20:38:40.725,T,570108,SR,144,SF,0,T1R,11.00,T1A,12.00,T1F,0,T2R,16.25,T2A,16.00,T2F,0,P1,4.697,P1V,2.214,P1F,0,P2,0.003,P2V,1.892,P2F,0,IgR,0
2025-09-03 20:38:40.951,T,570335,SR,144,SF,0,T1R,14.25,T1A,14.00,T1F,0,T2R,17.75,T2A,17.00,T2F,0,P1,4.737,P1V,2.220,P1F,0,P2,0.003,P2V,1.892,P2F,0,IgR,0
2025-09-03 20:38:41.178,T,570561,SR,144,SF,0,T1R,-14.25,T1A,14.00,T1F,0,T2R,2.00,T2A,17.00,T2F,0,P1,4.707,P1V,2.215,P1F,0,P2,0.003,P2V,1.892,P2F,0,IgR,0
2025-09-03 20:38:41.404,T,570787,SR,144,SF,0,T1R,-69.75,T1A,14.00,T1F,0,T2R,-0.50,T2A,17.00,T2F,0,P1,4.687,P1V,2.212,P1F,0,P2,0.002,P2V,1.891,P2F,0,IgR,0
2025-09-03 20:38:41.630,T,571013,SR,144,SF,0,T1R,18.00,T1A,14.00,T1F,0,T2R,18.75,T2A,17.00,T2F,0,P1,4.737,P1V,2.220,P1F,0,P2,0.003,P2V,1.892,P2F,0,IgR,0
2025-09-03 20:38:41.856,T,571239,SR,144,SF,0,T1R,18.00,T1A,14.00,T1F,0,T2R,18.75,T2A,17.00,T2F,0,P1,4.712,P1V,2.216,P1F,0,P2,0.003,P2V,1.892,P2F,0,IgR,0
2025-09-03 20:38:42.082,T,571465,SR,144,SF,0,T1R,18.00,T1A,18.00,T1F,0,T2R,18.75,T2A,18.00,T2F,0,P1,4.682,P1V,2.211,P1F,0,P2,0.003,P2V,1.892,P2F,0,IgR,0
2025-09-03 20:38:42.308,T,571691,SR,144,SF,0,T1R,18.00,T1A,18.00,T1F,0,T2R,18.75,T2A,18.00,T2F,0,P1,4.722,P1V,2.218,P1F,0,P2,0.003,P2V,1.892,P2F,0,IgR,0
2025-09-03 20:38:42.534,T,571917,SR,144,SF,0,T1R,18.00,T1A,18.00,T1F,0,T2R,18.75,T2A,18.00,T2F,0,P1,4.722,P1V,2.218,P1F,0,P2,0.003,P2V,1.892,P2F,0,IgR,0
2025-09-03 20:38:42.760,T,572143,SR,144,SF,0,T1R,18.00,T1A,18.00,T1F,0,T2R,18.75,T2A,18.00,T2F,0,P1,4.702,P1V,2.215,P1F,0,P2,0.003,P2V,1.892,P2F,0,IgR,0
2025-09-03 20:38:42.986,T,572369,SR,144,SF,0,T1R,18.00,T1A,18.00,T1F,0,T2R,18.75,T2A,18.00,T2F,0,P1,4.702,P1V,2.215,P1F,0,P2,0.003,P2V,1.892,P2F,0,IgR,0
2025-09-03 20:38:43.213,T,572595,SR,144,SF,0,T1R,18.00,T1A,18.00,T1F,0,T2R,18.75,T2A,18.00,T2F,0,P1,4.722,P1V,2.218,P1F,0,P2,0.003,P2V,1.892,P2F,0,IgR,0
2025-09-03 20:38:43.439,T,572821,SR,144,SF,0,T1R,18.00,T1A,18.00,T1F,0,T2R,18.75,T2A,18.00,T2F,0,P1,4.707,P1V,2.215,P1F,0,P2,0.002,P2V,1.891,P2F,0,IgR,0
2025-09-03 20:38:43.665,T,573047,SR,144,SF,0,T1R,17.75,T1A,18.00,T1F,0,T2R,18.75,T2A,18.00,T2F,0,P1,4.692,P1V,2.213,P1F,0,P2,0.003,P2V,1.892,P2F,0,IgR,0
2025-09-03 20:38:43.892,T,573274,SR,144,SF,0,T1R,17.75,T1A,18.00,T1F,0,T2R,18.75,T2A,18.00,T2F,0,P1,4.727,P1V,2.219,P1F,0,P2,0.003,P2V,1.892,P2F,0,IgR,0
2025-09-03 20:38:44.118,T,573501,SR,144,SF,0,T1R,18.00,T1A,18.00,T1F,0,T2R,18.75,T2A,18.00,T2F,0,P1,4.707,P1V,2.215,P1F,0,P2,0.003,P2V,1.892,P2F,0,IgR,0
2025-09-03 20:38:44.344,T,573727,SR,144,SF,0,T1R,18.00,T1A,18.00,T1F,0,T2R,18.75,T2A,18.00,T2F,0,P1,4.692,P1V,2.213,P1F,0,P2,0.003,P2V,1.892,P2F,0,IgR,0
2025-09-03 20:38:44.570,T,573953,SR,144,SF,0,T1R,18.00,T1A,18.00,T1F,0,T2R,18.75,T2A,18.00,T2F,0,P1,4.742,P1V,2.221,P1F,0,P2,0.003,P2V,1.892,P2F,0,IgR,0
2025-09-03 20:38:44.796,T,574179,SR,144,SF,0,T1R,18.00,T1A,18.00,T1F,0,T2R,18.75,T2A,18.00,T2F,0,P1,4.707,P1V,2.215,P1F,0,P2,0.003,P2V,1.892,P2F,0,IgR,0
2025-09-03 20:38:45.022,T,574405,SR,144,SF,0,T1R,18.00,T1A,18.00,T1F,0,T2R,18.75,T2A,18.00,T2F,0,P1,4.682,P1V,2.211,P1F,0,P2,0.002,P2V,1.891,P2F,0,IgR,0
2025-09-03 20:38:45.248,T,574631,SR,144,SF,0,T1R,18.00,T1A,18.00,T1F,0,T2R,18.75,T2A,18.00,T2F,0,P1,4.727,P1V,2.219,P1F,0,P2,0.004,P2V,1.893,P2F,0,IgR,0
2025-09-03 20:38:45.475,T,574857,SR,144,SF,0,T1R,18.00,T1A,18.00,T1F,0,T2R,18.75,T2A,18.00,T2F,0,P1,4.717,P1V,2.217,P1F,0,P2,0.003,P2V,1.892,P2F,0,IgR,0
2025-09-03 20:38:45.701,T,575083,SR,144,SF,0,T1R,17.75,T1A,18.00,T1F,0,T2R,18.75,T2A,18.00,T2F,0,P1,4.697,P1V,2.214,P1F,0,P2,0.003,P2V,1.892,P2F,0,IgR,0
2025-09-03 20:38:45.927,T,575310,SR,144,SF,0,T1R,18.00,T1A,18.00,T1F,0,T2R,18.75,T2A,18.00,T2F,0,P1,4.727,P1V,2.219,P1F,0,P2,0.003,P2V,1.892,P2F,0,IgR,0
2025-09-03 20:38:46.153,T,575536,SR,144,SF,0,T1R,18.00,T1A,18.00,T1F,0,T2R,18.75,T2A,18.00,T2F,0,P1,4.717,P1V,2.217,P1F,0,P2,0.003,P2V,1.892,P2F,0,IgR,0
2025-09-03 20:38:46.379,T,575762,SR,144,SF,0,T1R,17.75,T1A,18.00,T1F,0,T2R,18.75,T2A,18.00,T2F,0,P1,4.702,P1V,2.215,P1F,0,P2,0.003,P2V,1.892,P2F,0,IgR,0
2025-09-03 20:38:46.606,T,575989,SR,144,SF,0,T1R,17.75,T1A,17.00,T1F,0,T2R,18.75,T2A,18.00,T2F,0,P1,4.712,P1V,2.216,P1F,0,P2,0.003,P2V,1.892,P2F,0,IgR,0
2025-09-03 20:38:46.832,T,576215,SR,144,SF,0,T1R,18.00,T1A,17.00,T1F,0,T2R,18.75,T2A,18.00,T2F,0,P1,4.727,P1V,2.219,P1F,0,P2,0.003,P2V,1.892,P2F,0,IgR,0
2025-09-03 20:38:47.058,T,576441,SR,144,SF,0,T1R,17.75,T1A,17.00,T1F,0,T2R,18.75,T2A,18.00,T2F,0,P1,4.702,P1V,2.215,P1F,0,P2,0.003,P2V,1.892,P2F,0,IgR,0
2025-09-03 20:38:47.284,T,576667,SR,144,SF,0,T1R,18.00,T1A,17.00,T1F,0,T2R,18.75,T2A,18.00,T2F,0,P1,4.707,P1V,2.215,P1F,0,P2,0.003,P2V,1.892,P2F,0,IgR,0
2025-09-03 20:38:47.510,T,576893,SR,144,SF,0,T1R,18.00,T1A,17.00,T1F,0,T2R,18.75,T2A,18.00,T2F,0,P1,4.722,P1V,2.218,P1F,0,P2,0.004,P2V,1.893,P2F,0,IgR,0
2025-09-03 20:38:47.736,T,577119,SR,144,SF,0,T1R,18.00,T1A,18.00,T1F,0,T2R,18.75,T2A,18.00,T2F,0,P1,4.707,P1V,2.215,P1F,0,P2,0.003,P2V,1.892,P2F,0,IgR,0
2025-09-03 20:38:47.961,T,577345,SR,144,SF,0,T1R,18.00,T1A,18.00,T1F,0,T2R,18.75,T2A,18.00,T2F,0,P1,4.697,P1V,2.214,P1F,0,P2,0.003,P2V,1.892,P2F,0,IgR,0
2025-09-03 20:38:48.188,T,577571,SR,144,SF,0,T1R,18.00,T1A,18.00,T1F,0,T2R,18.75,T2A,18.00,T2F,0,P1,4.737,P1V,2.220,P1F,0,P2,0.004,P2V,1.893,P2F,0,IgR,0
2025-09-03 20:38:48.414,T,577797,SR,144,SF,0,T1R,18.00,T1A,18.00,T1F,0,T2R,18.75,T2A,18.00,T2F,0,P1,4.717,P1V,2.217,P1F,0,P2,0.002,P2V,1.891,P2F,0,IgR,0
2025-09-03 20:38:48.640,T,578023,SR,144,SF,0,T1R,18.00,T1A,18.00,T1F,0,T2R,18.75,T2A,18.00,T2F,0,P1,4.687,P1V,2.212,P1F,0,P2,0.002,P2V,1.891,P2F,0,IgR,0
2025-09-03 20:38:48.866,T,578249,SR,144,SF,0,T1R,18.00,T1A,18.00,T1F,0,T2R,18.75,T2A,18.00,T2F,0,P1,4.727,P1V,2.219,P1F,0,P2,0.003,P2V,1.892,P2F,0,IgR,0
2025-09-03 20:38:49.092,T,578475,SR,144,SF,0,T1R,18.00,T1A,18.00,T1F,0,T2R,18.75,T2A,18.00,T2F,0,P1,4.727,P1V,2.219,P1F,0,P2,0.004,P2V,1.893,P2F,0,IgR,0
2025-09-03 20:38:49.318,T,578701,SR,144,SF,0,T1R,18.00,T1A,18.00,T1F,0,T2R,19.00,T2A,18.00,T2F,0,P1,4.712,P1V,2.216,P1F,0,P2,0.003,P2V,1.892,P2F,0,IgR,0
2025-09-03 20:38:49.544,T,578927,SR,144,SF,0,T1R,18.00,T1A,18.00,T1F,0,T2R,18.75,T2A,18.00,T2F,0,P1,4.717,P1V,2.217,P1F,0,P2,0.003,P2V,1.892,P2F,0,IgR,0
2025-09-03 20:38:49.770,T,579153,SR,144,SF,0,T1R,17.75,T1A,18.00,T1F,0,T2R,18.75,T2A,18.00,T2F,0,P1,4.722,P1V,2.218,P1F,0,P2,0.004,P2V,1.893,P2F,0,IgR,0
2025-09-03 20:38:49.997,T,579380,SR,144,SF,0,T1R,18.00,T1A,18.00,T1F,0,T2R,18.75,T2A,18.00,T2F,0,P1,4.707,P1V,2.215,P1F,0,P2,0.004,P2V,1.893,P2F,0,IgR,0
2025-09-03 20:38:50.223,T,579606,SR,144,SF,0,T1R,18.00,T1A,18.00,T1F,0,T2R,18.75,T2A,18.00,T2F,0,P1,4.707,P1V,2.215,P1F,0,P2,0.004,P2V,1.893,P2F,0,IgR,0
2025-09-03 20:38:50.449,T,579832,SR,144,SF,0,T1R,18.00,T1A,18.00,T1F,0,T2R,18.75,T2A,18.00,T2F,0,P1,4.727,P1V,2.219,P1F,0,P2,0.002,P2V,1.891,P2F,0,IgR,0
2025-09-03 20:38:50.675,T,580058,SR,144,SF,0,T1R,18.00,T1A,18.00,T1F,0,T2R,18.75,T2A,18.00,T2F,0,P1,4.712,P1V,2.216,P1F,0,P2,0.004,P2V,1.893,P2F,0,IgR,0
2025-09-03 20:38:50.901,T,580284,SR,144,SF,0,T1R,18.00,T1A,18.00,T1F,0,T2R,18.75,T2A,18.00,T2F,0,P1,4.702,P1V,2.215,P1F,0,P2,0.002,P2V,1.891,P2F,0,IgR,0
2025-09-03 20:38:51.127,T,580510,SR,144,SF,0,T1R,18.00,T1A,18.00,T1F,0,T2R,18.75,T2A,18.00,T2F,0,P1,4.742,P1V,2.221,P1F,0,P2,0.004,P2V,1.893,P2F,0,IgR,0
2025-09-03 20:38:51.353,T,580736,SR,144,SF,0,T1R,18.00,T1A,18.00,T1F,0,T2R,18.75,T2A,18.00,T2F,0,P1,4.722,P1V,2.218,P1F,0,P2,0.003,P2V,1.892,P2F,0,IgR,0
2025-09-03 20:38:51.579,T,580962,SR,144,SF,0,T1R,18.00,T1A,18.00,T1F,0,T2R,18.75,T2A,18.00,T2F,0,P1,4.687,P1V,2.212,P1F,0,P2,0.002,P2V,1.891,P2F,0,IgR,0
2025-09-03 20:38:51.806,T,581188,SR,144,SF,0,T1R,18.00,T1A,18.00,T1F,0,T2R,18.75,T2A,18.00,T2F,0,P1,4.732,P1V,2.219,P1F,0,P2,0.003,P2V,1.892,P2F,0,IgR,0
2025-09-03 20:38:52.031,T,581414,SR,144,SF,0,T1R,18.00,T1A,18.00,T1F,0,T2R,18.75,T2A,18.00,T2F,0,P1,4.727,P1V,2.219,P1F,0,P2,0.004,P2V,1.893,P2F,0,IgR,0
2025-09-03 20:38:52.257,T,581640,SR,144,SF,0,T1R,18.00,T1A,18.00,T1F,0,T2R,18.75,T2A,18.00,T2F,0,P1,4.707,P1V,2.215,P1F,0,P2,0.003,P2V,1.892,P2F,0,IgR,0
2025-09-03 20:38:52.483,T,581866,SR,144,SF,0,T1R,18.00,T1A,18.00,T1F,0,T2R,18.75,T2A,18.00,T2F,0,P1,4.717,P1V,2.217,P1F,0,P2,0.003,P2V,1.892,P2F,0,IgR,0
2025-09-03 20:38:52.709,T,582092,SR,144,SF,0,T1R,18.00,T1A,18.00,T1F,0,T2R,18.75,T2A,18.00,T2F,0,P1,4.722,P1V,2.218,P1F,0,P2,0.002,P2V,1.891,P2F,0,IgR,0
2025-09-03 20:38:52.935,T,582318,SR,144,SF,0,T1R,18.00,T1A,18.00,T1F,0,T2R,18.75,T2A,18.00,T2F,0,P1,4.707,P1V,2.215,P1F,0,P2,0.003,P2V,1.892,P2F,0,IgR,0
2025-09-03 20:38:53.161,T,582544,SR,144,SF,0,T1R,18.00,T1A,18.00,T1F,0,T2R,18.75,T2A,18.00,T2F,0,P1,4.697,P1V,2.214,P1F,0,P2,0.004,P2V,1.893,P2F,0,IgR,0
2025-09-03 20:38:53.387,T,582770,SR,144,SF,0,T1R,17.75,T1A,17.00,T1F,0,T2R,18.75,T2A,18.00,T2F,0,P1,4.737,P1V,2.220,P1F,0,P2,0.003,P2V,1.892,P2F,0,IgR,0
2025-09-03 20:38:53.614,T,582997,SR,144,SF,0,T1R,18.00,T1A,17.00,T1F,0,T2R,18.75,T2A,18.00,T2F,0,P1,4.712,P1V,2.216,P1F,0,P2,0.002,P2V,1.891,P2F,0,IgR,0
2025-09-03 20:38:53.840,T,583223,SR,144,SF,0,T1R,18.00,T1A,17.00,T1F,0,T2R,18.75,T2A,18.00,T2F,0,P1,4.697,P1V,2.214,P1F,0,P2,0.002,P2V,1.891,P2F,0,IgR,0
2025-09-03 20:38:54.065,T,583449,SR,144,SF,0,T1R,18.00,T1A,17.00,T1F,0,T2R,19.00,T2A,18.00,T2F,0,P1,4.742,P1V,2.221,P1F,0,P2,0.003,P2V,1.892,P2F,0,IgR,0
2025-09-03 20:38:54.292,T,583675,SR,144,SF,0,T1R,18.00,T1A,17.00,T1F,0,T2R,18.75,T2A,18.00,T2F,0,P1,4.717,P1V,2.217,P1F,0,P2,0.004,P2V,1.893,P2F,0,IgR,0
2025-09-03 20:38:54.518,T,583901,SR,144,SF,0,T1R,18.00,T1A,18.00,T1F,0,T2R,18.75,T2A,18.00,T2F,0,P1,4.692,P1V,2.213,P1F,0,P2,0.003,P2V,1.892,P2F,0,IgR,0
2025-09-03 20:38:54.744,T,584127,SR,144,SF,0,T1R,18.00,T1A,18.00,T1F,0,T2R,18.75,T2A,18.00,T2F,0,P1,4.727,P1V,2.219,P1F,0,P2,0.004,P2V,1.893,P2F,0,IgR,0
2025-09-03 20:38:54.970,T,584353,SR,144,SF,0,T1R,18.00,T1A,18.00,T1F,0,T2R,18.75,T2A,18.00,T2F,0,P1,4.727,P1V,2.219,P1F,0,P2,0.004,P2V,1.893,P2F,0,IgR,0
2025-09-03 20:38:55.196,T,584579,SR,144,SF,0,T1R,18.00,T1A,18.00,T1F,0,T2R,18.75,T2A,18.00,T2F,0,P1,4.707,P1V,2.215,P1F,0,P2,0.004,P2V,1.893,P2F,0,IgR,0
2025-09-03 20:38:55.422,T,584805,SR,144,SF,0,T1R,18.00,T1A,18.00,T1F,0,T2R,18.75,T2A,18.00,T2F,0,P1,4.717,P1V,2.217,P1F,0,P2,0.003,P2V,1.892,P2F,0,IgR,0
2025-09-03 20:38:55.648,T,585031,SR,144,SF,0,T1R,18.00,T1A,18.00,T1F,0,T2R,18.75,T2A,18.00,T2F,0,P1,4.732,P1V,2.219,P1F,0,P2,0.004,P2V,1.893,P2F,0,IgR,0
2025-09-03 20:38:55.874,T,585257,SR,144,SF,0,T1R,18.00,T1A,18.00,T1F,0,T2R,18.75,T2A,18.00,T2F,0,P1,4.712,P1V,2.216,P1F,0,P2,0.003,P2V,1.892,P2F,0,IgR,0
2025-09-03 20:38:56.100,T,585483,SR,144,SF,0,T1R,18.00,T1A,18.00,T1F,0,T2R,18.75,T2A,18.00,T2F,0,P1,4.702,P1V,2.215,P1F,0,P2,0.002,P2V,1.891,P2F,0,IgR,0
2025-09-03 20:38:56.326,T,585709,SR,144,SF,0,T1R,18.00,T1A,18.00,T1F,0,T2R,18.75,T2A,18.00,T2F,0,P1,4.752,P1V,2.223,P1F,0,P2,0.004,P2V,1.893,P2F,0,IgR,0
2025-09-03 20:38:56.551,T,585935,SR,144,SF,0,T1R,18.00,T1A,18.00,T1F,0,T2R,18.75,T2A,18.00,T2F,0,P1,4.722,P1V,2.218,P1F,0,P2,0.003,P2V,1.892,P2F,0,IgR,0
2025-09-03 20:38:56.778,T,586161,SR,144,SF,0,T1R,18.00,T1A,18.00,T1F,0,T2R,18.75,T2A,18.00,T2F,0,P1,4.692,P1V,2.213,P1F,0,P2,0.002,P2V,1.891,P2F,0,IgR,0
2025-09-03 20:38:57.004,T,586387,SR,144,SF,0,T1R,18.00,T1A,18.00,T1F,0,T2R,18.75,T2A,18.00,T2F,0,P1,4.732,P1V,2.219,P1F,0,P2,0.003,P2V,1.892,P2F,0,IgR,0
2025-09-03 20:38:57.230,T,586613,SR,144,SF,0,T1R,18.00,T1A,18.00,T1F,0,T2R,18.75,T2A,18.00,T2F,0,P1,4.727,P1V,2.219,P1F,0,P2,0.004,P2V,1.893,P2F,0,IgR,0
2025-09-03 20:38:57.456,T,586839,SR,144,SF,0,T1R,18.00,T1A,18.00,T1F,0,T2R,18.75,T2A,18.00,T2F,0,P1,4.697,P1V,2.214,P1F,0,P2,0.003,P2V,1.892,P2F,0,IgR,0
2025-09-03 20:38:57.682,T,587065,SR,144,SF,0,T1R,18.00,T1A,18.00,T1F,0,T2R,18.75,T2A,18.00,T2F,0,P1,4.717,P1V,2.217,P1F,0,P2,0.003,P2V,1.892,P2F,0,IgR,0
2025-09-03 20:38:57.908,T,587291,SR,144,SF,0,T1R,18.00,T1A,18.00,T1F,0,T2R,18.75,T2A,18.00,T2F,0,P1,4.722,P1V,2.218,P1F,0,P2,0.003,P2V,1.892,P2F,0,IgR,0
2025-09-03 20:38:58.133,T,587517,SR,144,SF,0,T1R,18.00,T1A,18.00,T1F,0,T2R,19.00,T2A,18.00,T2F,0,P1,4.712,P1V,2.216,P1F,0,P2,0.003,P2V,1.892,P2F,0,IgR,0
2025-09-03 20:38:58.360,T,587743,SR,144,SF,0,T1R,18.00,T1A,18.00,T1F,0,T2R,18.75,T2A,18.00,T2F,0,P1,4.702,P1V,2.215,P1F,0,P2,0.003,P2V,1.892,P2F,0,IgR,0
2025-09-03 20:38:58.585,T,587969,SR,144,SF,0,T1R,18.00,T1A,18.00,T1F,0,T2R,18.75,T2A,18.00,T2F,0,P1,4.737,P1V,2.220,P1F,0,P2,0.003,P2V,1.892,P2F,0,IgR,0
2025-09-03 20:38:58.811,T,588195,SR,144,SF,0,T1R,18.00,T1A,18.00,T1F,0,T2R,19.00,T2A,18.00,T2F,0,P1,4.722,P1V,2.218,P1F,0,P2,0.002,P2V,1.891,P2F,0,IgR,0
2025-09-03 20:38:59.038,T,588422,SR,144,SF,0,T1R,18.00,T1A,18.00,T1F,0,T2R,19.00,T2A,19.00,T2F,0,P1,4.697,P1V,2.214,P1F,0,P2,0.004,P2V,1.893,P2F,0,IgR,0
2025-09-03 20:38:59.264,T,588647,SR,144,SF,0,T1R,18.00,T1A,18.00,T1F,0,T2R,18.75,T2A,19.00,T2F,0,P1,4.742,P1V,2.221,P1F,0,P2,0.003,P2V,1.892,P2F,0,IgR,0
2025-09-03 20:38:59.490,T,588873,SR,144,SF,0,T1R,18.00,T1A,18.00,T1F,0,T2R,19.00,T2A,19.00,T2F,0,P1,4.712,P1V,2.216,P1F,0,P2,0.002,P2V,1.891,P2F,0,IgR,0
2025-09-03 20:38:59.716,T,589099,SR,144,SF,0,T1R,18.00,T1A,18.00,T1F,0,T2R,18.75,T2A,19.00,T2F,0,P1,4.697,P1V,2.214,P1F,0,P2,0.002,P2V,1.891,P2F,0,IgR,0
2025-09-03 20:38:59.942,T,589325,SR,144,SF,0,T1R,18.00,T1A,18.00,T1F,0,T2R,18.75,T2A,19.00,T2F,0,P1,4.732,P1V,2.219,P1F,0,P2,0.003,P2V,1.892,P2F,0,IgR,0
2025-09-03 20:39:00.168,T,589551,SR,144,SF,0,T1R,18.00,T1A,18.00,T1F,0,T2R,18.75,T2A,18.00,T2F,0,P1,4.732,P1V,2.219,P1F,0,P2,0.003,P2V,1.892,P2F,0,IgR,0
2025-09-03 20:39:00.394,T,589777,SR,144,SF,0,T1R,18.00,T1A,18.00,T1F,0,T2R,18.75,T2A,18.00,T2F,0,P1,4.707,P1V,2.215,P1F,0,P2,0.003,P2V,1.892,P2F,0,IgR,0
2025-09-03 20:39:00.620,T,590003,SR,144,SF,0,T1R,18.00,T1A,18.00,T1F,0,T2R,18.75,T2A,18.00,T2F,0,P1,4.712,P1V,2.216,P1F,0,P2,0.003,P2V,1.892,P2F,0,IgR,0
2025-09-03 20:39:00.846,T,590229,SR,144,SF,0,T1R,18.00,T1A,18.00,T1F,0,T2R,19.00,T2A,18.00,T2F,0,P1,4.732,P1V,2.219,P1F,0,P2,0.003,P2V,1.892,P2F,0,IgR,0
2025-09-03 20:39:01.071,T,590455,SR,144,SF,0,T1R,18.00,T1A,18.00,T1F,0,T2R,19.00,T2A,18.00,T2F,0,P1,4.722,P1V,2.218,P1F,0,P2,0.003,P2V,1.892,P2F,0,IgR,0
2025-09-03 20:39:01.298,T,590682,SR,144,SF,0,T1R,18.00,T1A,18.00,T1F,0,T2R,18.75,T2A,18.00,T2F,0,P1,4.697,P1V,2.214,P1F,0,P2,0.003,P2V,1.892,P2F,0,IgR,0
2025-09-03 20:39:01.524,T,590907,SR,144,SF,0,T1R,18.00,T1A,18.00,T1F,0,T2R,18.75,T2A,18.00,T2F,0,P1,4.752,P1V,2.223,P1F,0,P2,0.003,P2V,1.892,P2F,0,IgR,0
2025-09-03 20:39:01.750,T,591133,SR,144,SF,0,T1R,18.00,T1A,18.00,T1F,0,T2R,18.75,T2A,18.00,T2F,0,P1,4.722,P1V,2.218,P1F,0,P2,0.002,P2V,1.891,P2F,0,IgR,0
2025-09-03 20:39:01.976,T,591359,SR,144,SF,0,T1R,18.00,T1A,18.00,T1F,0,T2R,18.75,T2A,18.00,T2F,0,P1,4.687,P1V,2.212,P1F,0,P2,0.003,P2V,1.892,P2F,0,IgR,0
2025-09-03 20:39:02.202,T,591585,SR,144,SF,0,T1R,18.25,T1A,18.00,T1F,0,T2R,19.00,T2A,18.00,T2F,0,P1,4.742,P1V,2.221,P1F,0,P2,0.003,P2V,1.892,P2F,0,IgR,0
2025-09-03 20:39:02.427,T,591811,SR,144,SF,0,T1R,18.00,T1A,18.00,T1F,0,T2R,19.00,T2A,19.00,T2F,0,P1,4.727,P1V,2.219,P1F,0,P2,0.002,P2V,1.891,P2F,0,IgR,0
2025-09-03 20:39:02.653,T,592037,SR,144,SF,0,T1R,18.00,T1A,18.00,T1F,0,T2R,19.00,T2A,19.00,T2F,0,P1,4.702,P1V,2.215,P1F,0,P2,0.003,P2V,1.892,P2F,0,IgR,0
2025-09-03 20:39:02.879,T,592263,SR,144,SF,0,T1R,18.00,T1A,18.00,T1F,0,T2R,18.75,T2A,19.00,T2F,0,P1,4.722,P1V,2.218,P1F,0,P2,0.003,P2V,1.892,P2F,0,IgR,0
2025-09-03 20:39:03.106,T,592489,SR,144,SF,0,T1R,18.00,T1A,18.00,T1F,0,T2R,19.00,T2A,19.00,T2F,0,P1,4.722,P1V,2.218,P1F,0,P2,0.003,P2V,1.892,P2F,0,IgR,0
2025-09-03 20:39:03.332,T,592715,SR,144,SF,0,T1R,18.00,T1A,18.00,T1F,0,T2R,18.75,T2A,19.00,T2F,0,P1,4.712,P1V,2.216,P1F,0,P2,0.004,P2V,1.893,P2F,0,IgR,0
2025-09-03 20:39:03.558,T,592941,SR,144,SF,0,T1R,18.00,T1A,18.00,T1F,0,T2R,18.75,T2A,18.00,T2F,0,P1,4.707,P1V,2.215,P1F,0,P2,0.003,P2V,1.892,P2F,0,IgR,0
2025-09-03 20:39:03.784,T,593167,SR,144,SF,0,T1R,18.00,T1A,18.00,T1F,0,T2R,19.00,T2A,18.00,T2F,0,P1,4.732,P1V,2.219,P1F,0,P2,0.002,P2V,1.891,P2F,0,IgR,0
2025-09-03 20:39:04.010,T,593393,SR,144,SF,0,T1R,18.00,T1A,18.00,T1F,0,T2R,19.00,T2A,18.00,T2F,0,P1,4.722,P1V,2.218,P1F,0,P2,0.004,P2V,1.893,P2F,0,IgR,0
2025-09-03 20:39:04.236,T,593619,SR,144,SF,0,T1R,18.00,T1A,18.00,T1F,0,T2R,19.00,T2A,18.00,T2F,0,P1,4.692,P1V,2.213,P1F,0,P2,0.002,P2V,1.891,P2F,0,IgR,0
2025-09-03 20:39:04.462,T,593845,SR,144,SF,0,T1R,18.00,T1A,18.00,T1F,0,T2R,18.75,T2A,18.00,T2F,0,P1,4.747,P1V,2.222,P1F,0,P2,0.004,P2V,1.893,P2F,0,IgR,0
2025-09-03 20:39:04.687,T,594071,SR,144,SF,0,T1R,18.00,T1A,18.00,T1F,0,T2R,19.00,T2A,19.00,T2F,0,P1,4.717,P1V,2.217,P1F,0,P2,0.002,P2V,1.891,P2F,0,IgR,0
2025-09-03 20:39:04.913,T,594297,SR,144,SF,0,T1R,18.00,T1A,18.00,T1F,0,T2R,19.00,T2A,19.00,T2F,0,P1,4.697,P1V,2.214,P1F,0,P2,0.003,P2V,1.892,P2F,0,IgR,0
2025-09-03 20:39:05.139,T,594523,SR,144,SF,0,T1R,18.00,T1A,18.00,T1F,0,T2R,18.75,T2A,19.00,T2F,0,P1,4.727,P1V,2.219,P1F,0,P2,0.004,P2V,1.893,P2F,0,IgR,0
2025-09-03 20:39:05.365,T,594749,SR,144,SF,0,T1R,18.00,T1A,18.00,T1F,0,T2R,18.75,T2A,19.00,T2F,0,P1,4.722,P1V,2.218,P1F,0,P2,0.003,P2V,1.892,P2F,0,IgR,0
2025-09-03 20:39:05.591,T,594975,SR,144,SF,0,T1R,18.00,T1A,18.00,T1F,0,T2R,19.00,T2A,19.00,T2F,0,P1,4.717,P1V,2.217,P1F,0,P2,0.004,P2V,1.893,P2F,0,IgR,0
2025-09-03 20:39:05.818,T,595202,SR,144,SF,0,T1R,18.25,T1A,18.00,T1F,0,T2R,18.75,T2A,18.00,T2F,0,P1,4.717,P1V,2.217,P1F,0,P2,0.003,P2V,1.892,P2F,0,IgR,0
2025-09-03 20:39:06.045,T,595428,SR,144,SF,0,T1R,18.00,T1A,18.00,T1F,0,T2R,18.75,T2A,18.00,T2F,0,P1,4.737,P1V,2.220,P1F,0,P2,0.006,P2V,1.894,P2F,0,IgR,0
2025-09-03 20:39:06.271,T,595654,SR,144,SF,0,T1R,18.25,T1A,18.00,T1F,0,T2R,19.00,T2A,18.00,T2F,0,P1,4.717,P1V,2.217,P1F,0,P2,0.004,P2V,1.893,P2F,0,IgR,0
2025-09-03 20:39:06.497,T,595880,SR,144,SF,0,T1R,18.00,T1A,18.00,T1F,0,T2R,18.75,T2A,18.00,T2F,0,P1,4.722,P1V,2.218,P1F,0,P2,0.003,P2V,1.892,P2F,0,IgR,0
2025-09-03 20:39:06.723,T,596106,SR,144,SF,0,T1R,18.00,T1A,18.00,T1F,0,T2R,18.75,T2A,18.00,T2F,0,P1,4.742,P1V,2.221,P1F,0,P2,0.003,P2V,1.892,P2F,0,IgR,0
2025-09-03 20:39:06.948,T,596332,SR,144,SF,0,T1R,18.00,T1A,18.00,T1F,0,T2R,19.00,T2A,19.00,T2F,0,P1,4.732,P1V,2.219,P1F,0,P2,0.002,P2V,1.891,P2F,0,IgR,0
2025-09-03 20:39:07.174,T,596558,SR,144,SF,0,T1R,18.00,T1A,18.00,T1F,0,T2R,19.00,T2A,19.00,T2F,0,P1,4.702,P1V,2.215,P1F,0,P2,0.004,P2V,1.893,P2F,0,IgR,0
2025-09-03 20:39:07.400,T,596784,SR,144,SF,0,T1R,18.25,T1A,18.00,T1F,0,T2R,19.00,T2A,19.00,T2F,0,P1,4.752,P1V,2.223,P1F,0,P2,0.004,P2V,1.893,P2F,0,IgR,0
2025-09-03 20:39:07.626,T,597010,SR,144,SF,0,T1R,18.25,T1A,18.00,T1F,0,T2R,19.00,T2A,19.00,T2F,0,P1,4.732,P1V,2.219,P1F,0,P2,0.003,P2V,1.892,P2F,0,IgR,0
2025-09-03 20:39:07.852,T,597236,SR,144,SF,0,T1R,18.00,T1A,18.00,T1F,0,T2R,19.00,T2A,19.00,T2F,0,P1,4.697,P1V,2.214,P1F,0,P2,0.002,P2V,1.891,P2F,0,IgR,0
2025-09-03 20:39:08.079,T,597463,SR,144,SF,0,T1R,18.00,T1A,18.00,T1F,0,T2R,19.00,T2A,19.00,T2F,0,P1,4.742,P1V,2.221,P1F,0,P2,0.006,P2V,1.894,P2F,0,IgR,0
2025-09-03 20:39:08.305,T,597688,SR,144,SF,0,T1R,18.25,T1A,18.00,T1F,0,T2R,19.00,T2A,19.00,T2F,0,P1,4.737,P1V,2.220,P1F,0,P2,0.003,P2V,1.892,P2F,0,IgR,0
2025-09-03 20:39:08.531,T,597914,SR,144,SF,0,T1R,18.25,T1A,18.00,T1F,0,T2R,19.00,T2A,19.00,T2F,0,P1,4.712,P1V,2.216,P1F,0,P2,0.003,P2V,1.892,P2F,0,IgR,0
2025-09-03 20:39:08.758,T,598140,SR,144,SF,0,T1R,18.00,T1A,18.00,T1F,0,T2R,18.75,T2A,19.00,T2F,0,P1,4.722,P1V,2.218,P1F,0,P2,0.002,P2V,1.891,P2F,0,IgR,0
2025-09-03 20:39:08.983,T,598366,SR,144,SF,0,T1R,18.00,T1A,18.00,T1F,0,T2R,19.00,T2A,19.00,T2F,0,P1,4.732,P1V,2.219,P1F,0,P2,0.002,P2V,1.891,P2F,0,IgR,0
2025-09-03 20:39:09.208,T,598593,SR,144,SF,0,T1R,18.00,T1A,18.00,T1F,0,T2R,19.00,T2A,19.00,T2F,0,P1,4.712,P1V,2.216,P1F,0,P2,0.003,P2V,1.892,P2F,0,IgR,0
2025-09-03 20:39:09.435,T,598818,SR,144,SF,0,T1R,18.25,T1A,18.00,T1F,0,T2R,19.00,T2A,19.00,T2F,0,P1,4.712,P1V,2.216,P1F,0,P2,0.000,P2V,1.891,P2F,0,IgR,0
2025-09-03 20:39:09.660,T,599044,SR,144,SF,0,T1R,18.00,T1A,18.00,T1F,0,T2R,18.75,T2A,19.00,T2F,0,P1,4.737,P1V,2.220,P1F,0,P2,0.003,P2V,1.892,P2F,0,IgR,0
2025-09-03 20:39:09.887,T,599270,SR,144,SF,0,T1R,18.00,T1A,18.00,T1F,0,T2R,19.00,T2A,19.00,T2F,0,P1,4.722,P1V,2.218,P1F,0,P2,0.003,P2V,1.892,P2F,0,IgR,0
2025-09-03 20:39:10.113,T,599496,SR,144,SF,0,T1R,18.00,T1A,18.00,T1F,0,T2R,19.00,T2A,19.00,T2F,0,P1,4.707,P1V,2.215,P1F,0,P2,0.003,P2V,1.892,P2F,0,IgR,0
2025-09-03 20:39:10.339,T,599722,SR,144,SF,0,T1R,18.25,T1A,18.00,T1F,0,T2R,19.00,T2A,19.00,T2F,0,P1,4.747,P1V,2.222,P1F,0,P2,0.006,P2V,1.894,P2F,0,IgR,0
2025-09-03 20:39:10.565,T,599948,SR,144,SF,0,T1R,18.25,T1A,18.00,T1F,0,T2R,19.00,T2A,19.00,T2F,0,P1,4.727,P1V,2.219,P1F,0,P2,0.003,P2V,1.892,P2F,0,IgR,0
2025-09-03 20:39:10.791,T,600174,SR,144,SF,0,T1R,18.25,T1A,18.00,T1F,0,T2R,19.00,T2A,19.00,T2F,0,P1,4.692,P1V,2.213,P1F,0,P2,0.002,P2V,1.891,P2F,0,IgR,0
2025-09-03 20:39:11.016,T,600400,SR,144,SF,0,T1R,18.00,T1A,18.00,T1F,0,T2R,19.00,T2A,19.00,T2F,0,P1,4.732,P1V,2.219,P1F,0,P2,0.004,P2V,1.893,P2F,0,IgR,0
2025-09-03 20:39:11.242,T,600626,SR,144,SF,0,T1R,18.00,T1A,18.00,T1F,0,T2R,19.00,T2A,19.00,T2F,0,P1,4.732,P1V,2.219,P1F,0,P2,0.003,P2V,1.892,P2F,0,IgR,0
2025-09-03 20:39:11.468,T,600853,SR,144,SF,0,T1R,18.00,T1A,18.00,T1F,0,T2R,19.00,T2A,19.00,T2F,0,P1,4.717,P1V,2.217,P1F,0,P2,0.003,P2V,1.892,P2F,0,IgR,0
2025-09-03 20:39:11.694,T,601078,SR,144,SF,0,T1R,18.00,T1A,18.00,T1F,0,T2R,19.00,T2A,19.00,T2F,0,P1,4.742,P1V,2.221,P1F,0,P2,0.008,P2V,1.895,P2F,0,IgR,0
2025-09-03 20:39:11.921,T,601304,SR,144,SF,0,T1R,18.00,T1A,18.00,T1F,0,T2R,19.00,T2A,19.00,T2F,0,P1,4.732,P1V,2.219,P1F,0,P2,0.004,P2V,1.893,P2F,0,IgR,0
2025-09-03 20:39:12.146,T,601530,SR,144,SF,0,T1R,18.00,T1A,18.00,T1F,0,T2R,19.00,T2A,19.00,T2F,0,P1,4.717,P1V,2.217,P1F,0,P2,0.004,P2V,1.893,P2F,0,IgR,0
2025-09-03 20:39:12.372,T,601756,SR,144,SF,0,T1R,18.00,T1A,18.00,T1F,0,T2R,19.00,T2A,19.00,T2F,0,P1,4.707,P1V,2.215,P1F,0,P2,0.004,P2V,1.893,P2F,0,IgR,0
2025-09-03 20:39:12.599,T,601982,SR,144,SF,0,T1R,18.00,T1A,18.00,T1F,0,T2R,19.00,T2A,19.00,T2F,0,P1,4.747,P1V,2.222,P1F,0,P2,0.004,P2V,1.893,P2F,0,IgR,0
2025-09-03 20:39:12.824,T,602208,SR,144,SF,0,T1R,18.00,T1A,18.00,T1F,0,T2R,19.00,T2A,19.00,T2F,0,P1,4.722,P1V,2.218,P1F,0,P2,0.003,P2V,1.892,P2F,0,IgR,0
2025-09-03 20:39:13.050,T,602434,SR,144,SF,0,T1R,18.00,T1A,18.00,T1F,0,T2R,19.00,T2A,19.00,T2F,0,P1,4.702,P1V,2.215,P1F,0,P2,0.002,P2V,1.891,P2F,0,IgR,0
2025-09-03 20:39:13.277,T,602660,SR,144,SF,0,T1R,18.00,T1A,18.00,T1F,0,T2R,18.75,T2A,19.00,T2F,0,P1,4.752,P1V,2.223,P1F,0,P2,0.004,P2V,1.893,P2F,0,IgR,0
2025-09-03 20:39:13.502,T,602886,SR,144,SF,0,T1R,18.00,T1A,18.00,T1F,0,T2R,19.00,T2A,19.00,T2F,0,P1,4.727,P1V,2.219,P1F,0,P2,0.004,P2V,1.893,P2F,0,IgR,0
2025-09-03 20:39:13.728,T,603113,SR,144,SF,0,T1R,18.25,T1A,18.00,T1F,0,T2R,19.00,T2A,19.00,T2F,0,P1,4.702,P1V,2.215,P1F,0,P2,0.002,P2V,1.891,P2F,0,IgR,0
2025-09-03 20:39:13.954,T,603338,SR,144,SF,0,T1R,18.00,T1A,18.00,T1F,0,T2R,19.00,T2A,19.00,T2F,0,P1,4.722,P1V,2.218,P1F,0,P2,0.003,P2V,1.892,P2F,0,IgR,0
2025-09-03 20:39:14.180,T,603564,SR,144,SF,0,T1R,18.00,T1A,18.00,T1F,0,T2R,19.00,T2A,19.00,T2F,0,P1,4.737,P1V,2.220,P1F,0,P2,0.004,P2V,1.893,P2F,0,IgR,0
2025-09-03 20:39:14.407,T,603790,SR,144,SF,0,T1R,18.00,T1A,18.00,T1F,0,T2R,19.00,T2A,19.00,T2F,0,P1,4.722,P1V,2.218,P1F,0,P2,0.003,P2V,1.892,P2F,0,IgR,0
2025-09-03 20:39:14.633,T,604016,SR,144,SF,0,T1R,18.00,T1A,18.00,T1F,0,T2R,19.00,T2A,19.00,T2F,0,P1,4.722,P1V,2.218,P1F,0,P2,0.004,P2V,1.893,P2F,0,IgR,0
2025-09-03 20:39:14.859,T,604243,SR,144,SF,0,T1R,18.00,T1A,18.00,T1F,0,T2R,19.00,T2A,19.00,T2F,0,P1,4.737,P1V,2.220,P1F,0,P2,0.002,P2V,1.891,P2F,0,IgR,0
2025-09-03 20:39:15.084,T,604468,SR,144,SF,0,T1R,18.00,T1A,18.00,T1F,0,T2R,19.00,T2A,19.00,T2F,0,P1,4.722,P1V,2.218,P1F,0,P2,0.003,P2V,1.892,P2F,0,IgR,0
2025-09-03 20:39:15.310,T,604694,SR,144,SF,0,T1R,18.00,T1A,18.00,T1F,0,T2R,19.00,T2A,19.00,T2F,0,P1,4.712,P1V,2.216,P1F,0,P2,0.003,P2V,1.892,P2F,0,IgR,0
2025-09-03 20:39:15.537,T,604920,SR,144,SF,0,T1R,18.25,T1A,18.00,T1F,0,T2R,19.00,T2A,19.00,T2F,0,P1,4.752,P1V,2.223,P1F,0,P2,0.004,P2V,1.893,P2F,0,IgR,0
2025-09-03 20:39:15.762,T,605146,SR,144,SF,0,T1R,18.25,T1A,18.00,T1F,0,T2R,19.00,T2A,19.00,T2F,0,P1,4.722,P1V,2.218,P1F,0,P2,0.002,P2V,1.891,P2F,0,IgR,0
2025-09-03 20:39:15.988,T,605372,SR,144,SF,0,T1R,18.25,T1A,18.00,T1F,0,T2R,19.00,T2A,19.00,T2F,0,P1,4.702,P1V,2.215,P1F,0,P2,0.003,P2V,1.892,P2F,0,IgR,0
2025-09-03 20:39:16.214,T,605598,SR,144,SF,0,T1R,18.00,T1A,18.00,T1F,0,T2R,19.00,T2A,19.00,T2F,0,P1,4.742,P1V,2.221,P1F,0,P2,0.004,P2V,1.893,P2F,0,IgR,0
2025-09-03 20:39:16.441,T,605824,SR,144,SF,0,T1R,18.25,T1A,18.00,T1F,0,T2R,19.00,T2A,19.00,T2F,0,P1,4.737,P1V,2.220,P1F,0,P2,0.002,P2V,1.891,P2F,0,IgR,0
2025-09-03 20:39:16.667,T,606050,SR,144,SF,0,T1R,18.25,T1A,18.00,T1F,0,T2R,19.00,T2A,19.00,T2F,0,P1,4.702,P1V,2.215,P1F,0,P2,0.002,P2V,1.891,P2F,0,IgR,0
2025-09-03 20:39:16.893,T,606276,SR,144,SF,0,T1R,18.00,T1A,18.00,T1F,0,T2R,19.00,T2A,19.00,T2F,0,P1,4.727,P1V,2.219,P1F,0,P2,0.003,P2V,1.892,P2F,0,IgR,0
2025-09-03 20:39:17.119,T,606503,SR,144,SF,0,T1R,18.25,T1A,18.00,T1F,0,T2R,19.00,T2A,19.00,T2F,0,P1,4.737,P1V,2.220,P1F,0,P2,0.004,P2V,1.893,P2F,0,IgR,0
2025-09-03 20:39:17.345,T,606728,SR,144,SF,0,T1R,18.25,T1A,18.00,T1F,0,T2R,19.00,T2A,19.00,T2F,0,P1,4.717,P1V,2.217,P1F,0,P2,0.004,P2V,1.893,P2F,0,IgR,0
2025-09-03 20:39:17.571,T,606954,SR,144,SF,0,T1R,18.25,T1A,18.00,T1F,0,T2R,19.00,T2A,19.00,T2F,0,P1,4.707,P1V,2.215,P1F,0,P2,0.004,P2V,1.893,P2F,0,IgR,0
2025-09-03 20:39:17.796,T,607180,SR,144,SF,0,T1R,18.00,T1A,18.00,T1F,0,T2R,19.00,T2A,19.00,T2F,0,P1,4.737,P1V,2.220,P1F,0,P2,0.006,P2V,1.894,P2F,0,IgR,0
2025-09-03 20:39:18.022,T,607406,SR,144,SF,0,T1R,18.25,T1A,18.00,T1F,0,T2R,19.00,T2A,19.00,T2F,0,P1,4.722,P1V,2.218,P1F,0,P2,0.003,P2V,1.892,P2F,0,IgR,0
2025-09-03 20:39:18.248,T,607632,SR,144,SF,0,T1R,18.25,T1A,18.00,T1F,0,T2R,19.00,T2A,19.00,T2F,0,P1,4.697,P1V,2.214,P1F,0,P2,0.002,P2V,1.891,P2F,0,IgR,0
2025-09-03 20:39:18.474,T,607858,SR,144,SF,0,T1R,18.25,T1A,18.00,T1F,0,T2R,19.00,T2A,19.00,T2F,0,P1,4.747,P1V,2.222,P1F,0,P2,0.003,P2V,1.892,P2F,0,IgR,0
2025-09-03 20:39:18.700,T,608084,SR,144,SF,0,T1R,18.25,T1A,18.00,T1F,0,T2R,19.00,T2A,19.00,T2F,0,P1,4.727,P1V,2.219,P1F,0,P2,0.004,P2V,1.893,P2F,0,IgR,0
2025-09-03 20:39:18.927,T,608310,SR,144,SF,0,T1R,18.25,T1A,18.00,T1F,0,T2R,19.00,T2A,19.00,T2F,0,P1,4.697,P1V,2.214,P1F,0,P2,0.003,P2V,1.892,P2F,0,IgR,0
2025-09-03 20:39:19.153,T,608536,SR,144,SF,0,T1R,18.25,T1A,18.00,T1F,0,T2R,19.00,T2A,19.00,T2F,0,P1,4.742,P1V,2.221,P1F,0,P2,0.002,P2V,1.891,P2F,0,IgR,0
2025-09-03 20:39:19.380,T,608762,SR,144,SF,0,T1R,18.00,T1A,18.00,T1F,0,T2R,19.00,T2A,19.00,T2F,0,P1,4.737,P1V,2.220,P1F,0,P2,0.003,P2V,1.892,P2F,0,IgR,0
2025-09-03 20:39:19.605,T,608988,SR,144,SF,0,T1R,18.25,T1A,18.00,T1F,0,T2R,19.00,T2A,19.00,T2F,0,P1,4.717,P1V,2.217,P1F,0,P2,0.003,P2V,1.892,P2F,0,IgR,0
2025-09-03 20:39:19.830,T,609214,SR,144,SF,0,T1R,18.25,T1A,18.00,T1F,0,T2R,19.00,T2A,19.00,T2F,0,P1,4.732,P1V,2.219,P1F,0,P2,0.003,P2V,1.892,P2F,0,IgR,0
2025-09-03 20:39:20.056,T,609440,SR,144,SF,0,T1R,18.25,T1A,18.00,T1F,0,T2R,19.00,T2A,19.00,T2F,0,P1,4.732,P1V,2.219,P1F,0,P2,0.003,P2V,1.892,P2F,0,IgR,0
2025-09-03 20:39:20.282,T,609666,SR,144,SF,0,T1R,18.25,T1A,18.00,T1F,0,T2R,19.00,T2A,19.00,T2F,0,P1,4.722,P1V,2.218,P1F,0,P2,0.003,P2V,1.892,P2F,0,IgR,0
2025-09-03 20:39:20.509,T,609892,SR,144,SF,0,T1R,18.25,T1A,18.00,T1F,0,T2R,19.00,T2A,19.00,T2F,0,P1,4.717,P1V,2.217,P1F,0,P2,0.003,P2V,1.892,P2F,0,IgR,0
2025-09-03 20:39:20.735,T,610118,SR,144,SF,0,T1R,18.25,T1A,18.00,T1F,0,T2R,19.00,T2A,19.00,T2F,0,P1,4.747,P1V,2.222,P1F,0,P2,0.002,P2V,1.891,P2F,0,IgR,0
2025-09-03 20:39:20.960,T,610344,SR,144,SF,0,T1R,18.25,T1A,18.00,T1F,0,T2R,19.00,T2A,19.00,T2F,0,P1,4.732,P1V,2.219,P1F,0,P2,0.003,P2V,1.892,P2F,0,IgR,0
2025-09-03 20:39:21.186,T,610570,SR,144,SF,0,T1R,18.25,T1A,18.00,T1F,0,T2R,19.00,T2A,19.00,T2F,0,P1,4.707,P1V,2.215,P1F,0,P2,0.002,P2V,1.891,P2F,0,IgR,0
2025-09-03 20:39:21.413,T,610796,SR,144,SF,0,T1R,18.25,T1A,18.00,T1F,0,T2R,19.00,T2A,19.00,T2F,0,P1,4.752,P1V,2.223,P1F,0,P2,0.003,P2V,1.892,P2F,0,IgR,0
2025-09-03 20:39:21.638,T,611022,SR,144,SF,0,T1R,18.00,T1A,18.00,T1F,0,T2R,19.00,T2A,19.00,T2F,0,P1,4.732,P1V,2.219,P1F,0,P2,0.003,P2V,1.892,P2F,0,IgR,0
2025-09-03 20:39:21.864,T,611248,SR,144,SF,0,T1R,18.25,T1A,18.00,T1F,0,T2R,19.00,T2A,19.00,T2F,0,P1,4.707,P1V,2.215,P1F,0,P2,0.002,P2V,1.891,P2F,0,IgR,0
2025-09-03 20:39:22.090,T,611474,SR,144,SF,0,T1R,18.25,T1A,18.00,T1F,0,T2R,19.00,T2A,19.00,T2F,0,P1,4.742,P1V,2.221,P1F,0,P2,0.004,P2V,1.893,P2F,0,IgR,0
2025-09-03 20:39:22.316,T,611700,SR,144,SF,0,T1R,18.25,T1A,18.00,T1F,0,T2R,19.00,T2A,19.00,T2F,0,P1,4.737,P1V,2.220,P1F,0,P2,0.002,P2V,1.891,P2F,0,IgR,0
2025-09-03 20:39:22.545,T,611926,SR,144,SF,0,T1R,18.00,T1A,18.00,T1F,0,T2R,19.00,T2A,19.00,T2F,0,P1,4.717,P1V,2.217,P1F,0,P2,0.002,P2V,1.891,P2F,0,IgR,0
2025-09-03 20:39:22.771,T,612153,SR,144,SF,0,T1R,18.25,T1A,18.00,T1F,0,T2R,19.00,T2A,19.00,T2F,0,P1,4.732,P1V,2.219,P1F,0,P2,0.003,P2V,1.892,P2F,0,IgR,0
2025-09-03 20:39:22.994,T,612378,SR,144,SF,0,T1R,18.00,T1A,18.00,T1F,0,T2R,19.00,T2A,19.00,T2F,0,P1,4.742,P1V,2.221,P1F,0,P2,0.004,P2V,1.893,P2F,0,IgR,0
2025-09-03 20:39:23.221,T,612604,SR,144,SF,0,T1R,18.25,T1A,18.00,T1F,0,T2R,19.00,T2A,19.00,T2F,0,P1,4.722,P1V,2.218,P1F,0,P2,0.003,P2V,1.892,P2F,0,IgR,0
2025-09-03 20:39:23.446,T,612830,SR,144,SF,0,T1R,18.25,T1A,18.00,T1F,0,T2R,19.00,T2A,19.00,T2F,0,P1,4.722,P1V,2.218,P1F,0,P2,0.007,P2V,1.895,P2F,0,IgR,0
2025-09-03 20:39:23.673,T,613056,SR,144,SF,0,T1R,18.25,T1A,18.00,T1F,0,T2R,19.00,T2A,19.00,T2F,0,P1,4.758,P1V,2.223,P1F,0,P2,0.004,P2V,1.893,P2F,0,IgR,0
2025-09-03 20:39:23.899,T,613282,SR,144,SF,0,T1R,18.25,T1A,18.00,T1F,0,T2R,19.00,T2A,19.00,T2F,0,P1,4.737,P1V,2.220,P1F,0,P2,0.003,P2V,1.892,P2F,0,IgR,0
2025-09-03 20:39:24.124,T,613508,SR,144,SF,0,T1R,18.00,T1A,18.00,T1F,0,T2R,19.00,T2A,19.00,T2F,0,P1,4.702,P1V,2.215,P1F,0,P2,0.002,P2V,1.891,P2F,0,IgR,0
2025-09-03 20:39:24.351,T,613734,SR,144,SF,0,T1R,18.00,T1A,18.00,T1F,0,T2R,19.00,T2A,19.00,T2F,0,P1,4.747,P1V,2.222,P1F,0,P2,0.003,P2V,1.892,P2F,0,IgR,0
2025-09-03 20:39:24.577,T,613960,SR,144,SF,0,T1R,18.25,T1A,18.00,T1F,0,T2R,19.00,T2A,19.00,T2F,0,P1,4.727,P1V,2.219,P1F,0,P2,0.002,P2V,1.891,P2F,0,IgR,0
2025-09-03 20:39:24.802,T,614186,SR,144,SF,0,T1R,18.25,T1A,18.00,T1F,0,T2R,19.00,T2A,19.00,T2F,0,P1,4.712,P1V,2.216,P1F,0,P2,0.002,P2V,1.891,P2F,0,IgR,0
2025-09-03 20:39:25.028,T,614412,SR,144,SF,0,T1R,18.25,T1A,18.00,T1F,0,T2R,19.00,T2A,19.00,T2F,0,P1,4.747,P1V,2.222,P1F,0,P2,0.006,P2V,1.894,P2F,0,IgR,0
2025-09-03 20:39:25.254,T,614638,SR,144,SF,0,T1R,18.25,T1A,18.00,T1F,0,T2R,19.00,T2A,19.00,T2F,0,P1,4.732,P1V,2.219,P1F,0,P2,0.004,P2V,1.893,P2F,0,IgR,0
2025-09-03 20:39:25.481,T,614864,SR,144,SF,0,T1R,18.25,T1A,18.00,T1F,0,T2R,19.00,T2A,19.00,T2F,0,P1,4.727,P1V,2.219,P1F,0,P2,0.004,P2V,1.893,P2F,0,IgR,0
2025-09-03 20:39:25.707,T,615090,SR,144,SF,0,T1R,18.25,T1A,18.00,T1F,0,T2R,19.00,T2A,19.00,T2F,0,P1,4.717,P1V,2.217,P1F,0,P2,0.004,P2V,1.893,P2F,0,IgR,0
2025-09-03 20:39:25.933,T,615316,SR,144,SF,0,T1R,18.25,T1A,18.00,T1F,0,T2R,19.00,T2A,19.00,T2F,0,P1,4.742,P1V,2.221,P1F,0,P2,0.003,P2V,1.892,P2F,0,IgR,0
2025-09-03 20:39:26.159,T,615542,SR,144,SF,0,T1R,18.25,T1A,18.00,T1F,0,T2R,19.00,T2A,19.00,T2F,0,P1,4.727,P1V,2.219,P1F,0,P2,0.003,P2V,1.892,P2F,0,IgR,0
2025-09-03 20:39:26.384,T,615768,SR,144,SF,0,T1R,18.25,T1A,18.00,T1F,0,T2R,19.00,T2A,19.00,T2F,0,P1,4.707,P1V,2.215,P1F,0,P2,0.002,P2V,1.891,P2F,0,IgR,0
2025-09-03 20:39:26.610,T,615994,SR,144,SF,0,T1R,18.25,T1A,18.00,T1F,0,T2R,19.00,T2A,19.00,T2F,0,P1,4.752,P1V,2.223,P1F,0,P2,0.002,P2V,1.891,P2F,0,IgR,0
2025-09-03 20:39:26.836,T,616220,SR,144,SF,0,T1R,18.25,T1A,18.00,T1F,0,T2R,19.00,T2A,19.00,T2F,0,P1,4.732,P1V,2.219,P1F,0,P2,0.004,P2V,1.893,P2F,0,IgR,0
2025-09-03 20:39:27.062,T,616446,SR,144,SF,0,T1R,18.25,T1A,18.00,T1F,0,T2R,19.00,T2A,19.00,T2F,0,P1,4.707,P1V,2.215,P1F,0,P2,0.003,P2V,1.892,P2F,0,IgR,0
2025-09-03 20:39:27.290,T,616672,SR,144,SF,0,T1R,18.25,T1A,18.00,T1F,0,T2R,19.00,T2A,19.00,T2F,0,P1,4.742,P1V,2.221,P1F,0,P2,0.003,P2V,1.892,P2F,0,IgR,0
2025-09-03 20:39:27.515,T,616898,SR,144,SF,0,T1R,18.25,T1A,18.00,T1F,0,T2R,19.00,T2A,19.00,T2F,0,P1,4.737,P1V,2.220,P1F,0,P2,0.004,P2V,1.893,P2F,0,IgR,0
2025-09-03 20:39:27.740,T,617124,SR,144,SF,0,T1R,18.25,T1A,18.00,T1F,0,T2R,19.00,T2A,19.00,T2F,0,P1,4.727,P1V,2.219,P1F,0,P2,0.003,P2V,1.892,P2F,0,IgR,0
2025-09-03 20:39:27.967,T,617350,SR,144,SF,0,T1R,18.25,T1A,18.00,T1F,0,T2R,19.00,T2A,19.00,T2F,0,P1,4.732,P1V,2.219,P1F,0,P2,0.003,P2V,1.892,P2F,0,IgR,0
2025-09-03 20:39:28.192,T,617576,SR,144,SF,0,T1R,18.25,T1A,18.00,T1F,0,T2R,19.00,T2A,19.00,T2F,0,P1,4.742,P1V,2.221,P1F,0,P2,0.003,P2V,1.892,P2F,0,IgR,0
2025-09-03 20:39:28.418,T,617802,SR,144,SF,0,T1R,18.25,T1A,18.00,T1F,0,T2R,19.00,T2A,19.00,T2F,0,P1,4.722,P1V,2.218,P1F,0,P2,0.004,P2V,1.893,P2F,0,IgR,0
2025-09-03 20:39:28.644,T,618028,SR,144,SF,0,T1R,18.25,T1A,18.00,T1F,0,T2R,19.00,T2A,19.00,T2F,0,P1,4.717,P1V,2.217,P1F,0,P2,0.003,P2V,1.892,P2F,0,IgR,0
2025-09-03 20:39:28.870,T,618254,SR,144,SF,0,T1R,18.25,T1A,18.00,T1F,0,T2R,19.00,T2A,19.00,T2F,0,P1,4.758,P1V,2.223,P1F,0,P2,0.003,P2V,1.892,P2F,0,IgR,0
2025-09-03 20:39:29.096,T,618480,SR,144,SF,0,T1R,18.25,T1A,18.00,T1F,0,T2R,19.00,T2A,19.00,T2F,0,P1,4.732,P1V,2.219,P1F,0,P2,0.003,P2V,1.892,P2F,0,IgR,0
2025-09-03 20:39:29.322,T,618706,SR,144,SF,0,T1R,18.00,T1A,18.00,T1F,0,T2R,19.00,T2A,19.00,T2F,0,P1,4.692,P1V,2.213,P1F,0,P2,0.000,P2V,1.891,P2F,0,IgR,0
2025-09-03 20:39:29.548,T,618932,SR,144,SF,0,T1R,18.00,T1A,18.00,T1F,0,T2R,19.00,T2A,19.00,T2F,0,P1,4.768,P1V,2.225,P1F,0,P2,0.008,P2V,1.895,P2F,0,IgR,0
2025-09-03 20:39:29.774,T,619158,SR,144,SF,0,T1R,18.25,T1A,18.00,T1F,0,T2R,19.00,T2A,19.00,T2F,0,P1,4.732,P1V,2.219,P1F,0,P2,0.003,P2V,1.892,P2F,0,IgR,0
2025-09-03 20:39:30.001,T,619384,SR,144,SF,0,T1R,18.25,T1A,18.00,T1F,0,T2R,19.00,T2A,19.00,T2F,0,P1,4.722,P1V,2.218,P1F,0,P2,0.002,P2V,1.891,P2F,0,IgR,0
2025-09-03 20:39:30.227,T,619610,SR,144,SF,0,T1R,18.25,T1A,18.00,T1F,0,T2R,19.00,T2A,19.00,T2F,0,P1,4.732,P1V,2.219,P1F,0,P2,0.003,P2V,1.892,P2F,0,IgR,0
2025-09-03 20:39:30.452,T,619836,SR,144,SF,0,T1R,18.25,T1A,18.00,T1F,0,T2R,19.00,T2A,19.00,T2F,0,P1,4.737,P1V,2.220,P1F,0,P2,0.003,P2V,1.892,P2F,0,IgR,0
2025-09-03 20:39:30.678,T,620062,SR,144,SF,0,T1R,18.25,T1A,18.00,T1F,0,T2R,19.00,T2A,19.00,T2F,0,P1,4.732,P1V,2.219,P1F,0,P2,0.002,P2V,1.891,P2F,0,IgR,0
2025-09-03 20:39:30.904,T,620288,SR,144,SF,0,T1R,18.00,T1A,18.00,T1F,0,T2R,19.00,T2A,19.00,T2F,0,P1,4.722,P1V,2.218,P1F,0,P2,0.002,P2V,1.891,P2F,0,IgR,0
2025-09-03 20:39:31.130,T,620514,SR,144,SF,0,T1R,18.25,T1A,18.00,T1F,0,T2R,19.00,T2A,19.00,T2F,0,P1,4.758,P1V,2.223,P1F,0,P2,0.000,P2V,1.891,P2F,0,IgR,0
2025-09-03 20:39:31.356,T,620740,SR,144,SF,0,T1R,18.25,T1A,18.00,T1F,0,T2R,19.00,T2A,19.00,T2F,0,P1,4.727,P1V,2.219,P1F,0,P2,0.003,P2V,1.892,P2F,0,IgR,0
2025-09-03 20:39:31.582,T,620966,SR,144,SF,0,T1R,18.25,T1A,18.00,T1F,0,T2R,19.00,T2A,19.00,T2F,0,P1,4.702,P1V,2.215,P1F,0,P2,0.002,P2V,1.891,P2F,0,IgR,0
2025-09-03 20:39:31.808,T,621192,SR,144,SF,0,T1R,18.25,T1A,18.00,T1F,0,T2R,19.25,T2A,19.00,T2F,0,P1,4.752,P1V,2.223,P1F,0,P2,0.002,P2V,1.891,P2F,0,IgR,0
2025-09-03 20:39:32.035,T,621418,SR,144,SF,0,T1R,18.25,T1A,18.00,T1F,0,T2R,19.00,T2A,19.00,T2F,0,P1,4.732,P1V,2.219,P1F,0,P2,0.003,P2V,1.892,P2F,0,IgR,0
2025-09-03 20:39:32.261,T,621644,SR,144,SF,0,T1R,18.25,T1A,18.00,T1F,0,T2R,19.00,T2A,19.00,T2F,0,P1,4.712,P1V,2.216,P1F,0,P2,0.002,P2V,1.891,P2F,0,IgR,0
2025-09-03 20:39:32.486,T,621870,SR,144,SF,0,T1R,18.00,T1A,18.00,T1F,0,T2R,19.00,T2A,19.00,T2F,0,P1,4.737,P1V,2.220,P1F,0,P2,0.004,P2V,1.893,P2F,0,IgR,0
2025-09-03 20:39:32.712,T,622096,SR,144,SF,0,T1R,18.25,T1A,18.00,T1F,0,T2R,19.00,T2A,19.00,T2F,0,P1,4.737,P1V,2.220,P1F,0,P2,0.003,P2V,1.892,P2F,0,IgR,0
2025-09-03 20:39:32.938,T,622322,SR,144,SF,0,T1R,18.25,T1A,18.00,T1F,0,T2R,19.00,T2A,19.00,T2F,0,P1,4.732,P1V,2.219,P1F,0,P2,0.003,P2V,1.892,P2F,0,IgR,0
2025-09-03 20:39:33.164,T,622548,SR,144,SF,0,T1R,18.25,T1A,18.00,T1F,0,T2R,19.00,T2A,19.00,T2F,0,P1,4.717,P1V,2.217,P1F,0,P2,0.003,P2V,1.892,P2F,0,IgR,0
2025-09-03 20:39:33.390,T,622774,SR,144,SF,0,T1R,18.25,T1A,18.00,T1F,0,T2R,19.00,T2A,19.00,T2F,0,P1,4.752,P1V,2.223,P1F,0,P2,0.002,P2V,1.891,P2F,0,IgR,0
2025-09-03 20:39:33.616,T,623000,SR,144,SF,0,T1R,18.25,T1A,18.00,T1F,0,T2R,19.00,T2A,19.00,T2F,0,P1,4.727,P1V,2.219,P1F,0,P2,0.004,P2V,1.893,P2F,0,IgR,0
2025-09-03 20:39:33.842,T,623226,SR,144,SF,0,T1R,18.25,T1A,18.00,T1F,0,T2R,19.00,T2A,19.00,T2F,0,P1,4.717,P1V,2.217,P1F,0,P2,0.004,P2V,1.893,P2F,0,IgR,0
2025-09-03 20:39:34.068,T,623452,SR,144,SF,0,T1R,18.25,T1A,18.00,T1F,0,T2R,19.00,T2A,19.00,T2F,0,P1,4.758,P1V,2.223,P1F,0,P2,0.006,P2V,1.894,P2F,0,IgR,0
2025-09-03 20:39:34.295,T,623678,SR,144,SF,0,T1R,18.25,T1A,18.00,T1F,0,T2R,19.00,T2A,19.00,T2F,0,P1,4.732,P1V,2.219,P1F,0,P2,0.002,P2V,1.891,P2F,0,IgR,0
2025-09-03 20:39:34.520,T,623904,SR,144,SF,0,T1R,18.25,T1A,18.00,T1F,0,T2R,19.00,T2A,19.00,T2F,0,P1,4.717,P1V,2.217,P1F,0,P2,0.003,P2V,1.892,P2F,0,IgR,0
2025-09-03 20:39:34.746,T,624130,SR,144,SF,0,T1R,18.25,T1A,18.00,T1F,0,T2R,19.00,T2A,19.00,T2F,0,P1,4.737,P1V,2.220,P1F,0,P2,0.004,P2V,1.893,P2F,0,IgR,0
2025-09-03 20:39:34.972,T,624356,SR,144,SF,0,T1R,18.25,T1A,18.00,T1F,0,T2R,19.00,T2A,19.00,T2F,0,P1,4.727,P1V,2.219,P1F,0,P2,-0.001,P2V,1.890,P2F,0,IgR,0
2025-09-03 20:39:35.200,T,624582,SR,144,SF,0,T1R,18.25,T1A,18.00,T1F,0,T2R,19.00,T2A,19.00,T2F,0,P1,4.727,P1V,2.219,P1F,0,P2,0.003,P2V,1.892,P2F,0,IgR,0
2025-09-03 20:39:35.424,T,624808,SR,144,SF,0,T1R,18.25,T1A,18.00,T1F,0,T2R,19.00,T2A,19.00,T2F,0,P1,4.722,P1V,2.218,P1F,0,P2,0.003,P2V,1.892,P2F,0,IgR,0
2025-09-03 20:39:35.650,T,625034,SR,144,SF,0,T1R,18.25,T1A,18.00,T1F,0,T2R,19.00,T2A,19.00,T2F,0,P1,4.758,P1V,2.223,P1F,0,P2,0.004,P2V,1.893,P2F,0,IgR,0
2025-09-03 20:39:35.877,T,625260,SR,144,SF,0,T1R,18.25,T1A,18.00,T1F,0,T2R,19.00,T2A,19.00,T2F,0,P1,4.727,P1V,2.219,P1F,0,P2,0.003,P2V,1.892,P2F,0,IgR,0
2025-09-03 20:39:36.102,T,625486,SR,144,SF,0,T1R,18.00,T1A,18.00,T1F,0,T2R,19.00,T2A,19.00,T2F,0,P1,4.712,P1V,2.216,P1F,0,P2,0.003,P2V,1.892,P2F,0,IgR,0
2025-09-03 20:39:36.329,T,625713,SR,144,SF,0,T1R,18.25,T1A,18.00,T1F,0,T2R,19.00,T2A,19.00,T2F,0,P1,4.763,P1V,2.224,P1F,0,P2,0.004,P2V,1.893,P2F,0,IgR,0
2025-09-03 20:39:36.554,T,625938,SR,144,SF,0,T1R,18.25,T1A,18.00,T1F,0,T2R,19.25,T2A,19.00,T2F,0,P1,4.737,P1V,2.220,P1F,0,P2,0.003,P2V,1.892,P2F,0,IgR,0
2025-09-03 20:39:36.779,T,626164,SR,144,SF,0,T1R,18.25,T1A,18.00,T1F,0,T2R,19.00,T2A,19.00,T2F,0,P1,4.712,P1V,2.216,P1F,0,P2,0.004,P2V,1.893,P2F,0,IgR,0
2025-09-03 20:39:37.006,T,626390,SR,144,SF,0,T1R,18.25,T1A,18.00,T1F,0,T2R,19.00,T2A,19.00,T2F,0,P1,4.747,P1V,2.222,P1F,0,P2,0.004,P2V,1.893,P2F,0,IgR,0
2025-09-03 20:39:37.232,T,626616,SR,144,SF,0,T1R,18.25,T1A,18.00,T1F,0,T2R,19.00,T2A,19.00,T2F,0,P1,4.742,P1V,2.221,P1F,0,P2,0.002,P2V,1.891,P2F,0,IgR,0
2025-09-03 20:39:37.458,T,626842,SR,144,SF,0,T1R,18.25,T1A,18.00,T1F,0,T2R,19.00,T2A,19.00,T2F,0,P1,4.727,P1V,2.219,P1F,0,P2,0.000,P2V,1.891,P2F,0,IgR,0
2025-09-03 20:39:37.684,T,627068,SR,144,SF,0,T1R,18.25,T1A,18.00,T1F,0,T2R,19.00,T2A,19.00,T2F,0,P1,4.732,P1V,2.219,P1F,0,P2,0.003,P2V,1.892,P2F,0,IgR,0
2025-09-03 20:39:37.910,T,627294,SR,144,SF,0,T1R,18.25,T1A,18.00,T1F,0,T2R,19.00,T2A,19.00,T2F,0,P1,4.747,P1V,2.222,P1F,0,P2,0.004,P2V,1.893,P2F,0,IgR,0
2025-09-03 20:39:38.136,T,627520,SR,144,SF,0,T1R,18.25,T1A,18.00,T1F,0,T2R,19.00,T2A,19.00,T2F,0,P1,4.727,P1V,2.219,P1F,0,P2,0.003,P2V,1.892,P2F,0,IgR,0
2025-09-03 20:39:38.362,T,627746,SR,144,SF,0,T1R,18.25,T1A,18.00,T1F,0,T2R,19.00,T2A,19.00,T2F,0,P1,4.712,P1V,2.216,P1F,0,P2,0.003,P2V,1.892,P2F,0,IgR,0
2025-09-03 20:39:38.588,T,627972,SR,144,SF,0,T1R,18.25,T1A,18.00,T1F,0,T2R,19.25,T2A,19.00,T2F,0,P1,4.763,P1V,2.224,P1F,0,P2,0.002,P2V,1.891,P2F,0,IgR,0
2025-09-03 20:39:38.815,T,628199,SR,144,SF,0,T1R,18.25,T1A,18.00,T1F,0,T2R,19.00,T2A,19.00,T2F,0,P1,4.727,P1V,2.219,P1F,0,P2,0.002,P2V,1.891,P2F,0,IgR,0
2025-09-03 20:39:39.041,T,628425,SR,144,SF,0,T1R,18.25,T1A,18.00,T1F,0,T2R,19.00,T2A,19.00,T2F,0,P1,4.707,P1V,2.215,P1F,0,P2,0.003,P2V,1.892,P2F,0,IgR,0
2025-09-03 20:39:39.271,T,628651,SR,144,SF,0,T1R,18.25,T1A,18.00,T1F,0,T2R,19.00,T2A,19.00,T2F,0,P1,4.758,P1V,2.223,P1F,0,P2,0.003,P2V,1.892,P2F,0,IgR,0
2025-09-03 20:39:39.493,T,628877,SR,144,SF,0,T1R,18.25,T1A,18.00,T1F,0,T2R,19.00,T2A,19.00,T2F,0,P1,4.737,P1V,2.220,P1F,0,P2,0.004,P2V,1.893,P2F,0,IgR,0
2025-09-03 20:39:39.719,T,629103,SR,144,SF,0,T1R,18.25,T1A,18.00,T1F,0,T2R,19.00,T2A,19.00,T2F,0,P1,4.717,P1V,2.217,P1F,0,P2,0.003,P2V,1.892,P2F,0,IgR,0
2025-09-03 20:39:39.946,T,629329,SR,144,SF,0,T1R,18.25,T1A,18.00,T1F,0,T2R,19.00,T2A,19.00,T2F,0,P1,4.737,P1V,2.220,P1F,0,P2,0.004,P2V,1.893,P2F,0,IgR,0
2025-09-03 20:39:40.171,T,629555,SR,144,SF,0,T1R,18.25,T1A,18.00,T1F,0,T2R,19.00,T2A,19.00,T2F,0,P1,4.752,P1V,2.223,P1F,0,P2,0.004,P2V,1.893,P2F,0,IgR,0
2025-09-03 20:39:40.397,T,629781,SR,144,SF,0,T1R,18.25,T1A,18.00,T1F,0,T2R,19.00,T2A,19.00,T2F,0,P1,4.722,P1V,2.218,P1F,0,P2,0.004,P2V,1.893,P2F,0,IgR,0
2025-09-03 20:39:40.624,T,630007,SR,144,SF,0,T1R,18.25,T1A,18.00,T1F,0,T2R,19.00,T2A,19.00,T2F,0,P1,4.722,P1V,2.218,P1F,0,P2,0.002,P2V,1.891,P2F,0,IgR,0
2025-09-03 20:39:40.849,T,630233,SR,144,SF,0,T1R,18.25,T1A,18.00,T1F,0,T2R,19.00,T2A,19.00,T2F,0,P1,4.752,P1V,2.223,P1F,0,P2,0.004,P2V,1.893,P2F,0,IgR,0
2025-09-03 20:39:41.075,T,630459,SR,144,SF,0,T1R,18.25,T1A,18.00,T1F,0,T2R,19.00,T2A,19.00,T2F,0,P1,4.727,P1V,2.219,P1F,0,P2,0.004,P2V,1.893,P2F,0,IgR,0
2025-09-03 20:39:41.301,T,630685,SR,144,SF,0,T1R,18.25,T1A,18.00,T1F,0,T2R,19.00,T2A,19.00,T2F,0,P1,4.712,P1V,2.216,P1F,0,P2,0.003,P2V,1.892,P2F,0,IgR,0
2025-09-03 20:39:41.527,T,630911,SR,144,SF,0,T1R,18.25,T1A,18.00,T1F,0,T2R,19.25,T2A,19.00,T2F,0,P1,4.768,P1V,2.225,P1F,0,P2,0.004,P2V,1.893,P2F,0,IgR,0
2025-09-03 20:39:41.754,T,631138,SR,144,SF,0,T1R,18.25,T1A,18.00,T1F,0,T2R,19.00,T2A,19.00,T2F,0,P1,4.732,P1V,2.219,P1F,0,P2,0.004,P2V,1.893,P2F,0,IgR,0
2025-09-03 20:39:41.985,T,631364,SR,144,SF,0,T1R,18.25,T1A,18.00,T1F,0,T2R,19.00,T2A,19.00,T2F,0,P1,4.712,P1V,2.216,P1F,0,P2,0.003,P2V,1.892,P2F,0,IgR,0
2025-09-03 20:39:42.206,T,631590,SR,144,SF,0,T1R,18.25,T1A,18.00,T1F,0,T2R,19.00,T2A,19.00,T2F,0,P1,4.763,P1V,2.224,P1F,0,P2,0.004,P2V,1.893,P2F,0,IgR,0
2025-09-03 20:39:42.432,T,631816,SR,144,SF,0,T1R,18.25,T1A,18.00,T1F,0,T2R,19.00,T2A,19.00,T2F,0,P1,4.747,P1V,2.222,P1F,0,P2,0.003,P2V,1.892,P2F,0,IgR,0
2025-09-03 20:39:42.659,T,632042,SR,144,SF,0,T1R,18.25,T1A,18.00,T1F,0,T2R,19.00,T2A,19.00,T2F,0,P1,4.717,P1V,2.217,P1F,0,P2,0.003,P2V,1.892,P2F,0,IgR,0
2025-09-03 20:39:42.884,T,632268,SR,144,SF,0,T1R,18.25,T1A,18.00,T1F,0,T2R,19.25,T2A,19.00,T2F,0,P1,4.747,P1V,2.222,P1F,0,P2,0.002,P2V,1.891,P2F,0,IgR,0
2025-09-03 20:39:43.111,T,632494,SR,144,SF,0,T1R,18.25,T1A,18.00,T1F,0,T2R,19.25,T2A,19.00,T2F,0,P1,4.742,P1V,2.221,P1F,0,P2,0.002,P2V,1.891,P2F,0,IgR,0
2025-09-03 20:39:43.337,T,632720,SR,144,SF,0,T1R,18.25,T1A,18.00,T1F,0,T2R,19.00,T2A,19.00,T2F,0,P1,4.727,P1V,2.219,P1F,0,P2,0.000,P2V,1.891,P2F,0,IgR,0
2025-09-03 20:39:43.562,T,632946,SR,144,SF,0,T1R,18.25,T1A,18.00,T1F,0,T2R,19.00,T2A,19.00,T2F,0,P1,4.722,P1V,2.218,P1F,0,P2,0.003,P2V,1.892,P2F,0,IgR,0
2025-09-03 20:39:43.788,T,633172,SR,144,SF,0,T1R,18.25,T1A,18.00,T1F,0,T2R,19.00,T2A,19.00,T2F,0,P1,4.758,P1V,2.223,P1F,0,P2,0.003,P2V,1.892,P2F,0,IgR,0
2025-09-03 20:39:44.014,T,633398,SR,144,SF,0,T1R,18.25,T1A,18.00,T1F,0,T2R,19.00,T2A,19.00,T2F,0,P1,4.732,P1V,2.219,P1F,0,P2,0.003,P2V,1.892,P2F,0,IgR,0
2025-09-03 20:39:44.241,T,633624,SR,144,SF,0,T1R,18.25,T1A,18.00,T1F,0,T2R,19.00,T2A,19.00,T2F,0,P1,4.717,P1V,2.217,P1F,0,P2,0.000,P2V,1.891,P2F,0,IgR,0
2025-09-03 20:39:44.466,T,633850,SR,144,SF,0,T1R,18.25,T1A,18.00,T1F,0,T2R,19.25,T2A,19.00,T2F,0,P1,4.758,P1V,2.223,P1F,0,P2,0.002,P2V,1.891,P2F,0,IgR,0
2025-09-03 20:39:44.692,T,634076,SR,144,SF,0,T1R,18.25,T1A,18.00,T1F,0,T2R,19.00,T2A,19.00,T2F,0,P1,4.742,P1V,2.221,P1F,0,P2,0.004,P2V,1.893,P2F,0,IgR,0
2025-09-03 20:39:44.918,T,634302,SR,144,SF,0,T1R,18.25,T1A,18.00,T1F,0,T2R,19.00,T2A,19.00,T2F,0,P1,4.712,P1V,2.216,P1F,0,P2,0.003,P2V,1.892,P2F,0,IgR,0
2025-09-03 20:39:45.144,T,634528,SR,144,SF,0,T1R,18.25,T1A,18.00,T1F,0,T2R,19.00,T2A,19.00,T2F,0,P1,4.747,P1V,2.222,P1F,0,P2,0.004,P2V,1.893,P2F,0,IgR,0
2025-09-03 20:39:45.369,T,634754,SR,144,SF,0,T1R,18.25,T1A,18.00,T1F,0,T2R,19.00,T2A,19.00,T2F,0,P1,4.747,P1V,2.222,P1F,0,P2,0.006,P2V,1.894,P2F,0,IgR,0
2025-09-03 20:39:45.596,T,634980,SR,144,SF,0,T1R,18.25,T1A,18.00,T1F,0,T2R,19.00,T2A,19.00,T2F,0,P1,4.727,P1V,2.219,P1F,0,P2,0.003,P2V,1.892,P2F,0,IgR,0
2025-09-03 20:39:45.822,T,635206,SR,144,SF,0,T1R,18.25,T1A,18.00,T1F,0,T2R,19.00,T2A,19.00,T2F,0,P1,4.727,P1V,2.219,P1F,0,P2,-0.001,P2V,1.890,P2F,0,IgR,0
2025-09-03 20:39:46.048,T,635432,SR,144,SF,0,T1R,18.25,T1A,18.00,T1F,0,T2R,19.25,T2A,19.00,T2F,0,P1,4.758,P1V,2.223,P1F,0,P2,0.004,P2V,1.893,P2F,0,IgR,0
2025-09-03 20:39:46.274,T,635658,SR,144,SF,0,T1R,18.25,T1A,18.00,T1F,0,T2R,19.00,T2A,19.00,T2F,0,P1,4.747,P1V,2.222,P1F,0,P2,0.004,P2V,1.893,P2F,0,IgR,0
2025-09-03 20:39:46.500,T,635884,SR,144,SF,0,T1R,18.25,T1A,18.00,T1F,0,T2R,19.25,T2A,19.00,T2F,0,P1,4.722,P1V,2.218,P1F,0,P2,0.003,P2V,1.892,P2F,0,IgR,0
2025-09-03 20:39:46.727,T,636111,SR,144,SF,0,T1R,18.25,T1A,18.00,T1F,0,T2R,19.00,T2A,19.00,T2F,0,P1,4.763,P1V,2.224,P1F,0,P2,0.003,P2V,1.892,P2F,0,IgR,0
2025-09-03 20:39:46.953,T,636337,SR,144,SF,0,T1R,18.25,T1A,18.00,T1F,0,T2R,19.00,T2A,19.00,T2F,0,P1,4.737,P1V,2.220,P1F,0,P2,0.003,P2V,1.892,P2F,0,IgR,0
2025-09-03 20:39:47.178,T,636563,SR,144,SF,0,T1R,18.25,T1A,18.00,T1F,0,T2R,19.00,T2A,19.00,T2F,0,P1,4.717,P1V,2.217,P1F,0,P2,0.000,P2V,1.891,P2F,0,IgR,0
2025-09-03 20:39:47.405,T,636789,SR,144,SF,0,T1R,18.25,T1A,18.00,T1F,0,T2R,19.00,T2A,19.00,T2F,0,P1,4.758,P1V,2.223,P1F,0,P2,0.003,P2V,1.892,P2F,0,IgR,0
2025-09-03 20:39:47.630,T,637015,SR,144,SF,0,T1R,18.25,T1A,18.00,T1F,0,T2R,19.00,T2A,19.00,T2F,0,P1,4.747,P1V,2.222,P1F,0,P2,0.002,P2V,1.891,P2F,0,IgR,0
2025-09-03 20:39:47.857,T,637241,SR,144,SF,0,T1R,18.25,T1A,18.00,T1F,0,T2R,19.00,T2A,19.00,T2F,0,P1,4.732,P1V,2.219,P1F,0,P2,0.003,P2V,1.892,P2F,0,IgR,0
2025-09-03 20:39:48.083,T,637467,SR,144,SF,0,T1R,18.25,T1A,18.00,T1F,0,T2R,19.25,T2A,19.00,T2F,0,P1,4.737,P1V,2.220,P1F,0,P2,0.003,P2V,1.892,P2F,0,IgR,0
2025-09-03 20:39:48.309,T,637693,SR,144,SF,0,T1R,18.25,T1A,18.00,T1F,0,T2R,19.25,T2A,19.00,T2F,0,P1,4.752,P1V,2.223,P1F,0,P2,0.003,P2V,1.892,P2F,0,IgR,0
2025-09-03 20:39:48.535,T,637919,SR,144,SF,0,T1R,18.25,T1A,18.00,T1F,0,T2R,19.00,T2A,19.00,T2F,0,P1,4.732,P1V,2.219,P1F,0,P2,0.003,P2V,1.892,P2F,0,IgR,0
2025-09-03 20:39:48.767,T,638145,SR,144,SF,0,T1R,18.25,T1A,18.00,T1F,0,T2R,19.00,T2A,19.00,T2F,0,P1,4.727,P1V,2.219,P1F,0,P2,0.003,P2V,1.892,P2F,0,IgR,0
2025-09-03 20:39:48.989,T,638371,SR,144,SF,0,T1R,18.25,T1A,18.00,T1F,0,T2R,19.25,T2A,19.00,T2F,0,P1,4.773,P1V,2.226,P1F,0,P2,0.004,P2V,1.893,P2F,0,IgR,0
2025-09-03 20:39:49.215,T,638598,SR,144,SF,0,T1R,18.25,T1A,18.00,T1F,0,T2R,19.25,T2A,19.00,T2F,0,P1,4.737,P1V,2.220,P1F,0,P2,0.000,P2V,1.891,P2F,0,IgR,0
2025-09-03 20:39:49.440,T,638824,SR,144,SF,0,T1R,18.25,T1A,18.00,T1F,0,T2R,19.00,T2A,19.00,T2F,0,P1,4.712,P1V,2.216,P1F,0,P2,0.002,P2V,1.891,P2F,0,IgR,0
2025-09-03 20:39:49.665,T,639050,SR,144,SF,0,T1R,18.25,T1A,18.00,T1F,0,T2R,19.00,T2A,19.00,T2F,0,P1,4.763,P1V,2.224,P1F,0,P2,0.004,P2V,1.893,P2F,0,IgR,0
2025-09-03 20:39:49.891,T,639276,SR,144,SF,0,T1R,18.25,T1A,18.00,T1F,0,T2R,19.00,T2A,19.00,T2F,0,P1,4.742,P1V,2.221,P1F,0,P2,0.003,P2V,1.892,P2F,0,IgR,0
2025-09-03 20:39:50.118,T,639502,SR,144,SF,0,T1R,18.25,T1A,18.00,T1F,0,T2R,19.00,T2A,19.00,T2F,0,P1,4.722,P1V,2.218,P1F,0,P2,0.002,P2V,1.891,P2F,0,IgR,0
2025-09-03 20:39:50.344,T,639728,SR,144,SF,0,T1R,18.25,T1A,18.00,T1F,0,T2R,19.00,T2A,19.00,T2F,0,P1,4.747,P1V,2.222,P1F,0,P2,0.004,P2V,1.893,P2F,0,IgR,0
2025-09-03 20:39:50.570,T,639954,SR,144,SF,0,T1R,18.25,T1A,18.00,T1F,0,T2R,19.00,T2A,19.00,T2F,0,P1,4.752,P1V,2.223,P1F,0,P2,0.004,P2V,1.893,P2F,0,IgR,0
2025-09-03 20:39:50.796,T,640180,SR,144,SF,0,T1R,18.50,T1A,18.00,T1F,0,T2R,19.25,T2A,19.00,T2F,0,P1,4.732,P1V,2.219,P1F,0,P2,0.003,P2V,1.892,P2F,0,IgR,0
2025-09-03 20:39:51.022,T,640406,SR,144,SF,0,T1R,18.25,T1A,18.00,T1F,0,T2R,19.00,T2A,19.00,T2F,0,P1,4.727,P1V,2.219,P1F,0,P2,0.003,P2V,1.892,P2F,0,IgR,0
2025-09-03 20:39:51.248,T,640632,SR,144,SF,0,T1R,18.25,T1A,18.00,T1F,0,T2R,19.00,T2A,19.00,T2F,0,P1,4.763,P1V,2.224,P1F,0,P2,0.003,P2V,1.892,P2F,0,IgR,0
2025-09-03 20:39:51.474,T,640858,SR,144,SF,0,T1R,18.25,T1A,18.00,T1F,0,T2R,19.25,T2A,19.00,T2F,0,P1,4.752,P1V,2.223,P1F,0,P2,0.004,P2V,1.893,P2F,0,IgR,0
2025-09-03 20:39:51.706,T,641084,SR,144,SF,0,T1R,18.25,T1A,18.00,T1F,0,T2R,19.00,T2A,19.00,T2F,0,P1,4.732,P1V,2.219,P1F,0,P2,0.007,P2V,1.895,P2F,0,IgR,0
2025-09-03 20:39:51.925,T,641310,SR,144,SF,0,T1R,18.25,T1A,18.00,T1F,0,T2R,19.00,T2A,19.00,T2F,0,P1,4.768,P1V,2.225,P1F,0,P2,0.003,P2V,1.892,P2F,0,IgR,0
2025-09-03 20:39:52.152,T,641536,SR,144,SF,0,T1R,18.25,T1A,18.00,T1F,0,T2R,19.00,T2A,19.00,T2F,0,P1,4.742,P1V,2.221,P1F,0,P2,0.004,P2V,1.893,P2F,0,IgR,0
2025-09-03 20:39:52.379,T,641762,SR,144,SF,0,T1R,18.25,T1A,18.00,T1F,0,T2R,19.00,T2A,19.00,T2F,0,P1,4.722,P1V,2.218,P1F,0,P2,0.002,P2V,1.891,P2F,0,IgR,0
2025-09-03 20:39:52.604,T,641988,SR,144,SF,0,T1R,18.25,T1A,18.00,T1F,0,T2R,19.25,T2A,19.00,T2F,0,P1,4.752,P1V,2.223,P1F,0,P2,0.004,P2V,1.893,P2F,0,IgR,0
2025-09-03 20:39:52.830,T,642214,SR,144,SF,0,T1R,18.25,T1A,18.00,T1F,0,T2R,19.25,T2A,19.00,T2F,0,P1,4.752,P1V,2.223,P1F,0,P2,0.004,P2V,1.893,P2F,0,IgR,0
2025-09-03 20:39:53.056,T,642440,SR,144,SF,0,T1R,18.25,T1A,18.00,T1F,0,T2R,19.00,T2A,19.00,T2F,0,P1,4.737,P1V,2.220,P1F,0,P2,0.003,P2V,1.892,P2F,0,IgR,0
2025-09-03 20:39:53.283,T,642666,SR,144,SF,0,T1R,18.25,T1A,18.00,T1F,0,T2R,19.00,T2A,19.00,T2F,0,P1,4.732,P1V,2.219,P1F,0,P2,0.003,P2V,1.892,P2F,0,IgR,0
2025-09-03 20:39:53.508,T,642892,SR,144,SF,0,T1R,18.25,T1A,18.00,T1F,0,T2R,19.25,T2A,19.00,T2F,0,P1,4.758,P1V,2.223,P1F,0,P2,0.004,P2V,1.893,P2F,0,IgR,0
2025-09-03 20:39:53.733,T,643118,SR,144,SF,0,T1R,18.25,T1A,18.00,T1F,0,T2R,19.00,T2A,19.00,T2F,0,P1,4.737,P1V,2.220,P1F,0,P2,0.003,P2V,1.892,P2F,0,IgR,0
2025-09-03 20:39:53.961,T,643344,SR,144,SF,0,T1R,18.25,T1A,18.00,T1F,0,T2R,19.00,T2A,19.00,T2F,0,P1,4.717,P1V,2.217,P1F,0,P2,0.003,P2V,1.892,P2F,0,IgR,0
2025-09-03 20:39:54.186,T,643570,SR,144,SF,0,T1R,18.25,T1A,18.00,T1F,0,T2R,19.00,T2A,19.00,T2F,0,P1,4.763,P1V,2.224,P1F,0,P2,0.004,P2V,1.893,P2F,0,IgR,0
2025-09-03 20:39:54.412,T,643796,SR,144,SF,0,T1R,18.25,T1A,18.00,T1F,0,T2R,19.00,T2A,19.00,T2F,0,P1,4.747,P1V,2.222,P1F,0,P2,0.003,P2V,1.892,P2F,0,IgR,0
2025-09-03 20:39:54.638,T,644022,SR,144,SF,0,T1R,18.25,T1A,18.00,T1F,0,T2R,19.25,T2A,19.00,T2F,0,P1,4.717,P1V,2.217,P1F,0,P2,0.004,P2V,1.893,P2F,0,IgR,0
2025-09-03 20:39:54.865,T,644249,SR,144,SF,0,T1R,18.25,T1A,18.00,T1F,0,T2R,19.00,T2A,19.00,T2F,0,P1,4.752,P1V,2.223,P1F,0,P2,0.003,P2V,1.892,P2F,0,IgR,0
2025-09-03 20:39:55.091,T,644475,SR,144,SF,0,T1R,18.25,T1A,18.00,T1F,0,T2R,19.00,T2A,19.00,T2F,0,P1,4.747,P1V,2.222,P1F,0,P2,0.004,P2V,1.893,P2F,0,IgR,0
2025-09-03 20:39:55.317,T,644701,SR,144,SF,0,T1R,18.25,T1A,18.00,T1F,0,T2R,19.00,T2A,19.00,T2F,0,P1,4.727,P1V,2.219,P1F,0,P2,0.002,P2V,1.891,P2F,0,IgR,0
2025-09-03 20:39:55.542,T,644927,SR,144,SF,0,T1R,18.50,T1A,18.00,T1F,0,T2R,19.00,T2A,19.00,T2F,0,P1,4.742,P1V,2.221,P1F,0,P2,0.003,P2V,1.892,P2F,0,IgR,0
2025-09-03 20:39:55.769,T,645153,SR,144,SF,0,T1R,18.25,T1A,18.00,T1F,0,T2R,19.25,T2A,19.00,T2F,0,P1,4.752,P1V,2.223,P1F,0,P2,0.003,P2V,1.892,P2F,0,IgR,0
2025-09-03 20:39:55.995,T,645379,SR,144,SF,0,T1R,18.25,T1A,18.00,T1F,0,T2R,19.25,T2A,19.00,T2F,0,P1,4.737,P1V,2.220,P1F,0,P2,0.003,P2V,1.892,P2F,0,IgR,0
2025-09-03 20:39:56.221,T,645605,SR,144,SF,0,T1R,18.25,T1A,18.00,T1F,0,T2R,19.00,T2A,19.00,T2F,0,P1,4.727,P1V,2.219,P1F,0,P2,0.003,P2V,1.892,P2F,0,IgR,0
2025-09-03 20:39:56.446,T,645831,SR,144,SF,0,T1R,18.25,T1A,18.00,T1F,0,T2R,19.25,T2A,19.00,T2F,0,P1,4.773,P1V,2.226,P1F,0,P2,0.004,P2V,1.893,P2F,0,IgR,0
2025-09-03 20:39:56.672,T,646057,SR,144,SF,0,T1R,18.25,T1A,18.00,T1F,0,T2R,19.00,T2A,19.00,T2F,0,P1,4.742,P1V,2.221,P1F,0,P2,0.002,P2V,1.891,P2F,0,IgR,0
2025-09-03 20:39:56.899,T,646283,SR,144,SF,0,T1R,18.25,T1A,18.00,T1F,0,T2R,19.25,T2A,19.00,T2F,0,P1,4.717,P1V,2.217,P1F,0,P2,0.004,P2V,1.893,P2F,0,IgR,0
2025-09-03 20:39:57.126,T,646510,SR,144,SF,0,T1R,18.25,T1A,18.00,T1F,0,T2R,19.00,T2A,19.00,T2F,0,P1,4.773,P1V,2.226,P1F,0,P2,0.004,P2V,1.893,P2F,0,IgR,0
2025-09-03 20:39:57.352,T,646736,SR,144,SF,0,T1R,18.25,T1A,18.00,T1F,0,T2R,19.00,T2A,19.00,T2F,0,P1,4.747,P1V,2.222,P1F,0,P2,0.002,P2V,1.891,P2F,0,IgR,0
2025-09-03 20:39:57.578,T,646962,SR,144,SF,0,T1R,18.25,T1A,18.00,T1F,0,T2R,19.25,T2A,19.00,T2F,0,P1,4.712,P1V,2.216,P1F,0,P2,0.003,P2V,1.892,P2F,0,IgR,0
2025-09-03 20:39:57.805,T,647188,SR,144,SF,0,T1R,18.25,T1A,18.00,T1F,0,T2R,19.25,T2A,19.00,T2F,0,P1,4.758,P1V,2.223,P1F,0,P2,0.004,P2V,1.893,P2F,0,IgR,0
2025-09-03 20:39:58.031,T,647415,SR,144,SF,0,T1R,18.25,T1A,18.00,T1F,0,T2R,19.00,T2A,19.00,T2F,0,P1,4.747,P1V,2.222,P1F,0,P2,0.003,P2V,1.892,P2F,0,IgR,0
2025-09-03 20:39:58.257,T,647641,SR,144,SF,0,T1R,18.25,T1A,18.00,T1F,0,T2R,19.25,T2A,19.00,T2F,0,P1,4.727,P1V,2.219,P1F,0,P2,0.003,P2V,1.892,P2F,0,IgR,0
2025-09-03 20:39:58.483,T,647867,SR,144,SF,0,T1R,18.25,T1A,18.00,T1F,0,T2R,19.00,T2A,19.00,T2F,0,P1,4.752,P1V,2.223,P1F,0,P2,0.002,P2V,1.891,P2F,0,IgR,0
2025-09-03 20:39:58.710,T,648093,SR,144,SF,0,T1R,18.25,T1A,18.00,T1F,0,T2R,19.25,T2A,19.00,T2F,0,P1,4.747,P1V,2.222,P1F,0,P2,0.002,P2V,1.891,P2F,0,IgR,0
2025-09-03 20:39:58.935,T,648319,SR,144,SF,0,T1R,18.25,T1A,18.00,T1F,0,T2R,19.00,T2A,19.00,T2F,0,P1,4.732,P1V,2.219,P1F,0,P2,0.004,P2V,1.893,P2F,0,IgR,0
2025-09-03 20:39:59.161,T,648545,SR,144,SF,0,T1R,18.25,T1A,18.00,T1F,0,T2R,19.25,T2A,19.00,T2F,0,P1,4.742,P1V,2.221,P1F,0,P2,0.002,P2V,1.891,P2F,0,IgR,0
2025-09-03 20:39:59.389,T,648771,SR,144,SF,0,T1R,18.25,T1A,18.00,T1F,0,T2R,19.25,T2A,19.00,T2F,0,P1,4.752,P1V,2.223,P1F,0,P2,0.003,P2V,1.892,P2F,0,IgR,0
2025-09-03 20:39:59.613,T,648997,SR,144,SF,0,T1R,18.25,T1A,18.00,T1F,0,T2R,19.00,T2A,19.00,T2F,0,P1,4.742,P1V,2.221,P1F,0,P2,0.003,P2V,1.892,P2F,0,IgR,0
2025-09-03 20:39:59.839,T,649223,SR,144,SF,0,T1R,18.25,T1A,18.00,T1F,0,T2R,19.00,T2A,19.00,T2F,0,P1,4.722,P1V,2.218,P1F,0,P2,0.003,P2V,1.892,P2F,0,IgR,0
2025-09-03 20:40:00.069,T,649449,SR,144,SF,0,T1R,18.25,T1A,18.00,T1F,0,T2R,19.25,T2A,19.00,T2F,0,P1,4.773,P1V,2.226,P1F,0,P2,0.004,P2V,1.893,P2F,0,IgR,0
2025-09-03 20:40:00.293,T,649676,SR,144,SF,0,T1R,18.25,T1A,18.00,T1F,0,T2R,19.25,T2A,19.00,T2F,0,P1,4.742,P1V,2.221,P1F,0,P2,0.002,P2V,1.891,P2F,0,IgR,0
2025-09-03 20:40:00.519,T,649902,SR,144,SF,0,T1R,18.25,T1A,18.00,T1F,0,T2R,19.25,T2A,19.00,T2F,0,P1,4.722,P1V,2.218,P1F,0,P2,0.003,P2V,1.892,P2F,0,IgR,0
2025-09-03 20:40:00.745,T,650128,SR,144,SF,0,T1R,18.25,T1A,18.00,T1F,0,T2R,19.25,T2A,19.00,T2F,0,P1,4.773,P1V,2.226,P1F,0,P2,0.003,P2V,1.892,P2F,0,IgR,0
2025-09-03 20:40:00.970,T,650354,SR,144,SF,0,T1R,18.25,T1A,18.00,T1F,0,T2R,19.00,T2A,19.00,T2F,0,P1,4.742,P1V,2.221,P1F,0,P2,0.003,P2V,1.892,P2F,0,IgR,0
2025-09-03 20:40:01.196,T,650580,SR,144,SF,0,T1R,18.25,T1A,18.00,T1F,0,T2R,19.25,T2A,19.00,T2F,0,P1,4.722,P1V,2.218,P1F,0,P2,0.003,P2V,1.892,P2F,0,IgR,0
2025-09-03 20:40:01.423,T,650807,SR,144,SF,0,T1R,18.25,T1A,18.00,T1F,0,T2R,19.00,T2A,19.00,T2F,0,P1,4.763,P1V,2.224,P1F,0,P2,0.002,P2V,1.891,P2F,0,IgR,0
2025-09-03 20:40:01.649,T,651033,SR,144,SF,0,T1R,18.25,T1A,18.00,T1F,0,T2R,19.00,T2A,19.00,T2F,0,P1,4.752,P1V,2.223,P1F,0,P2,0.004,P2V,1.893,P2F,0,IgR,0
2025-09-03 20:40:01.875,T,651259,SR,144,SF,0,T1R,18.25,T1A,18.00,T1F,0,T2R,19.25,T2A,19.00,T2F,0,P1,4.712,P1V,2.216,P1F,0,P2,-0.001,P2V,1.890,P2F,0,IgR,0
2025-09-03 20:40:02.102,T,651486,SR,144,SF,0,T1R,18.25,T1A,18.00,T1F,0,T2R,19.00,T2A,19.00,T2F,0,P1,4.742,P1V,2.221,P1F,0,P2,0.002,P2V,1.891,P2F,0,IgR,0
2025-09-03 20:40:02.329,T,651712,SR,144,SF,0,T1R,18.25,T1A,18.00,T1F,0,T2R,19.25,T2A,19.00,T2F,0,P1,4.758,P1V,2.223,P1F,0,P2,0.003,P2V,1.892,P2F,0,IgR,0
2025-09-03 20:40:02.554,T,651939,SR,144,SF,0,T1R,18.25,T1A,18.00,T1F,0,T2R,19.00,T2A,19.00,T2F,0,P1,4.732,P1V,2.219,P1F,0,P2,0.003,P2V,1.892,P2F,0,IgR,0
2025-09-03 20:40:02.780,T,652165,SR,144,SF,0,T1R,18.25,T1A,18.00,T1F,0,T2R,19.25,T2A,19.00,T2F,0,P1,4.752,P1V,2.223,P1F,0,P2,0.003,P2V,1.892,P2F,0,IgR,0
2025-09-03 20:40:03.007,T,652391,SR,144,SF,0,T1R,18.25,T1A,18.00,T1F,0,T2R,19.25,T2A,19.00,T2F,0,P1,4.747,P1V,2.222,P1F,0,P2,0.002,P2V,1.891,P2F,0,IgR,0
2025-09-03 20:40:03.233,T,652617,SR,144,SF,0,T1R,18.25,T1A,18.00,T1F,0,T2R,19.00,T2A,19.00,T2F,0,P1,4.737,P1V,2.220,P1F,0,P2,0.003,P2V,1.892,P2F,0,IgR,0
2025-09-03 20:40:03.459,T,652843,SR,144,SF,0,T1R,18.25,T1A,18.00,T1F,0,T2R,19.25,T2A,19.00,T2F,0,P1,4.727,P1V,2.219,P1F,0,P2,0.002,P2V,1.891,P2F,0,IgR,0
2025-09-03 20:40:03.686,T,653070,SR,144,SF,0,T1R,18.50,T1A,18.00,T1F,0,T2R,19.00,T2A,19.00,T2F,0,P1,4.758,P1V,2.223,P1F,0,P2,0.003,P2V,1.892,P2F,0,IgR,0
2025-09-03 20:40:03.912,T,653296,SR,144,SF,0,T1R,18.25,T1A,18.00,T1F,0,T2R,19.25,T2A,19.00,T2F,0,P1,4.737,P1V,2.220,P1F,0,P2,0.002,P2V,1.891,P2F,0,IgR,0
2025-09-03 20:40:04.138,T,653522,SR,144,SF,0,T1R,18.25,T1A,18.00,T1F,0,T2R,19.25,T2A,19.00,T2F,0,P1,4.727,P1V,2.219,P1F,0,P2,0.003,P2V,1.892,P2F,0,IgR,0
2025-09-03 20:40:04.365,T,653748,SR,144,SF,0,T1R,18.25,T1A,18.00,T1F,0,T2R,19.25,T2A,19.00,T2F,0,P1,4.773,P1V,2.226,P1F,0,P2,0.004,P2V,1.893,P2F,0,IgR,0
2025-09-03 20:40:04.590,T,653974,SR,144,SF,0,T1R,18.25,T1A,18.00,T1F,0,T2R,19.25,T2A,19.00,T2F,0,P1,4.747,P1V,2.222,P1F,0,P2,0.003,P2V,1.892,P2F,0,IgR,0
2025-09-03 20:40:04.818,T,654201,SR,144,SF,0,T1R,18.25,T1A,18.00,T1F,0,T2R,19.25,T2A,19.00,T2F,0,P1,4.722,P1V,2.218,P1F,0,P2,0.003,P2V,1.892,P2F,0,IgR,0
2025-09-03 20:40:05.042,T,654427,SR,144,SF,0,T1R,18.25,T1A,18.00,T1F,0,T2R,19.00,T2A,19.00,T2F,0,P1,4.763,P1V,2.224,P1F,0,P2,0.003,P2V,1.892,P2F,0,IgR,0
2025-09-03 20:40:05.269,T,654653,SR,144,SF,0,T1R,18.25,T1A,18.00,T1F,0,T2R,19.25,T2A,19.00,T2F,0,P1,4.747,P1V,2.222,P1F,0,P2,0.003,P2V,1.892,P2F,0,IgR,0
2025-09-03 20:40:05.495,T,654879,SR,144,SF,0,T1R,18.25,T1A,18.00,T1F,0,T2R,19.25,T2A,19.00,T2F,0,P1,4.717,P1V,2.217,P1F,0,P2,0.002,P2V,1.891,P2F,0,IgR,0
2025-09-03 20:40:05.723,T,655107,SR,144,SF,0,T1R,18.25,T1A,18.00,T1F,0,T2R,19.25,T2A,19.00,T2F,0,P1,4.763,P1V,2.224,P1F,0,P2,0.002,P2V,1.891,P2F,0,IgR,0
2025-09-03 20:40:05.949,T,655333,SR,144,SF,0,T1R,18.25,T1A,18.00,T1F,0,T2R,19.25,T2A,19.00,T2F,0,P1,4.747,P1V,2.222,P1F,0,P2,0.002,P2V,1.891,P2F,0,IgR,0
2025-09-03 20:40:06.175,T,655559,SR,144,SF,0,T1R,18.50,T1A,18.00,T1F,0,T2R,19.00,T2A,19.00,T2F,0,P1,4.722,P1V,2.218,P1F,0,P2,0.003,P2V,1.892,P2F,0,IgR,0
2025-09-03 20:40:06.401,T,655785,SR,144,SF,0,T1R,18.25,T1A,18.00,T1F,0,T2R,19.25,T2A,19.00,T2F,0,P1,4.752,P1V,2.223,P1F,0,P2,0.004,P2V,1.893,P2F,0,IgR,0
2025-09-03 20:40:06.628,T,656011,SR,144,SF,0,T1R,18.25,T1A,18.00,T1F,0,T2R,19.25,T2A,19.00,T2F,0,P1,4.768,P1V,2.225,P1F,0,P2,0.007,P2V,1.895,P2F,0,IgR,0
2025-09-03 20:40:06.863,T,656238,SR,144,SF,0,T1R,18.25,T1A,18.00,T1F,0,T2R,19.25,T2A,19.00,T2F,0,P1,4.732,P1V,2.219,P1F,0,P2,0.003,P2V,1.892,P2F,0,IgR,0
2025-09-03 20:40:07.088,T,656464,SR,144,SF,0,T1R,18.25,T1A,18.00,T1F,0,T2R,19.00,T2A,19.00,T2F,0,P1,4.747,P1V,2.222,P1F,0,P2,0.003,P2V,1.892,P2F,0,IgR,0
2025-09-03 20:40:07.306,T,656690,SR,144,SF,0,T1R,18.25,T1A,18.00,T1F,0,T2R,19.25,T2A,19.00,T2F,0,P1,4.758,P1V,2.223,P1F,0,P2,0.004,P2V,1.893,P2F,0,IgR,0
2025-09-03 20:40:07.532,T,656916,SR,144,SF,0,T1R,18.25,T1A,18.00,T1F,0,T2R,19.25,T2A,19.00,T2F,0,P1,4.737,P1V,2.220,P1F,0,P2,0.003,P2V,1.892,P2F,0,IgR,0
2025-09-03 20:40:07.760,T,657142,SR,144,SF,0,T1R,18.25,T1A,18.00,T1F,0,T2R,19.25,T2A,19.00,T2F,0,P1,4.732,P1V,2.219,P1F,0,P2,0.003,P2V,1.892,P2F,0,IgR,0
2025-09-03 20:40:07.985,T,657368,SR,144,SF,0,T1R,18.25,T1A,18.00,T1F,0,T2R,19.25,T2A,19.00,T2F,0,P1,4.763,P1V,2.224,P1F,0,P2,0.003,P2V,1.892,P2F,0,IgR,0
2025-09-03 20:40:08.210,T,657594,SR,144,SF,0,T1R,18.25,T1A,18.00,T1F,0,T2R,19.25,T2A,19.00,T2F,0,P1,4.747,P1V,2.222,P1F,0,P2,0.003,P2V,1.892,P2F,0,IgR,0
2025-09-03 20:40:08.435,T,657820,SR,144,SF,0,T1R,18.25,T1A,18.00,T1F,0,T2R,19.00,T2A,19.00,T2F,0,P1,4.727,P1V,2.219,P1F,0,P2,0.002,P2V,1.891,P2F,0,IgR,0
2025-09-03 20:40:08.661,T,658046,SR,144,SF,0,T1R,18.25,T1A,18.00,T1F,0,T2R,19.00,T2A,19.00,T2F,0,P1,4.773,P1V,2.226,P1F,0,P2,0.006,P2V,1.894,P2F,0,IgR,0
2025-09-03 20:40:08.888,T,658272,SR,144,SF,0,T1R,18.50,T1A,18.00,T1F,0,T2R,19.25,T2A,19.00,T2F,0,P1,4.747,P1V,2.222,P1F,0,P2,0.004,P2V,1.893,P2F,0,IgR,0
2025-09-03 20:40:09.114,T,658498,SR,144,SF,0,T1R,18.50,T1A,18.00,T1F,0,T2R,19.25,T2A,19.00,T2F,0,P1,4.722,P1V,2.218,P1F,0,P2,0.002,P2V,1.891,P2F,0,IgR,0
2025-09-03 20:40:09.339,T,658724,SR,144,SF,0,T1R,18.25,T1A,18.00,T1F,0,T2R,19.00,T2A,19.00,T2F,0,P1,4.763,P1V,2.224,P1F,0,P2,0.003,P2V,1.892,P2F,0,IgR,0
2025-09-03 20:40:09.566,T,658950,SR,144,SF,0,T1R,18.25,T1A,18.00,T1F,0,T2R,19.25,T2A,19.00,T2F,0,P1,4.752,P1V,2.223,P1F,0,P2,0.003,P2V,1.892,P2F,0,IgR,0
2025-09-03 20:40:09.792,T,659176,SR,144,SF,0,T1R,18.25,T1A,18.00,T1F,0,T2R,19.25,T2A,19.00,T2F,0,P1,4.732,P1V,2.219,P1F,0,P2,0.003,P2V,1.892,P2F,0,IgR,0
2025-09-03 20:40:10.018,T,659402,SR,144,SF,0,T1R,18.50,T1A,18.00,T1F,0,T2R,19.00,T2A,19.00,T2F,0,P1,4.747,P1V,2.222,P1F,0,P2,0.004,P2V,1.893,P2F,0,IgR,0
2025-09-03 20:40:10.244,T,659628,SR,144,SF,0,T1R,18.50,T1A,18.00,T1F,0,T2R,19.00,T2A,19.00,T2F,0,P1,4.758,P1V,2.223,P1F,0,P2,0.003,P2V,1.892,P2F,0,IgR,0
2025-09-03 20:40:10.470,T,659854,SR,144,SF,0,T1R,18.25,T1A,18.00,T1F,0,T2R,19.25,T2A,19.00,T2F,0,P1,4.742,P1V,2.221,P1F,0,P2,0.003,P2V,1.892,P2F,0,IgR,0
2025-09-03 20:40:10.697,T,660080,SR,144,SF,0,T1R,18.50,T1A,18.00,T1F,0,T2R,19.25,T2A,19.00,T2F,0,P1,4.727,P1V,2.219,P1F,0,P2,0.000,P2V,1.891,P2F,0,IgR,0
2025-09-03 20:40:10.922,T,660306,SR,144,SF,0,T1R,18.25,T1A,18.00,T1F,0,T2R,19.25,T2A,19.00,T2F,0,P1,4.778,P1V,2.227,P1F,0,P2,0.003,P2V,1.892,P2F,0,IgR,0
2025-09-03 20:40:11.148,T,660533,SR,144,SF,0,T1R,18.50,T1A,18.00,T1F,0,T2R,19.25,T2A,19.00,T2F,0,P1,4.742,P1V,2.221,P1F,0,P2,0.002,P2V,1.891,P2F,0,IgR,0
2025-09-03 20:40:11.383,T,660760,SR,144,SF,0,T1R,18.25,T1A,18.00,T1F,0,T2R,19.00,T2A,19.00,T2F,0,P1,4.722,P1V,2.218,P1F,0,P2,0.003,P2V,1.892,P2F,0,IgR,0
2025-09-03 20:40:11.606,T,660985,SR,144,SF,0,T1R,18.25,T1A,18.00,T1F,0,T2R,19.25,T2A,19.00,T2F,0,P1,4.773,P1V,2.226,P1F,0,P2,0.004,P2V,1.893,P2F,0,IgR,0
2025-09-03 20:40:11.831,T,661211,SR,144,SF,0,T1R,18.50,T1A,18.00,T1F,0,T2R,19.25,T2A,19.00,T2F,0,P1,4.752,P1V,2.223,P1F,0,P2,0.004,P2V,1.893,P2F,0,IgR,0
2025-09-03 20:40:12.053,T,661437,SR,144,SF,0,T1R,18.50,T1A,18.00,T1F,0,T2R,19.25,T2A,19.00,T2F,0,P1,4.722,P1V,2.218,P1F,0,P2,0.003,P2V,1.892,P2F,0,IgR,0
2025-09-03 20:40:12.279,T,661663,SR,144,SF,0,T1R,18.25,T1A,18.00,T1F,0,T2R,19.25,T2A,19.00,T2F,0,P1,4.747,P1V,2.222,P1F,0,P2,0.000,P2V,1.891,P2F,0,IgR,0
2025-09-03 20:40:12.505,T,661889,SR,144,SF,0,T1R,18.25,T1A,18.00,T1F,0,T2R,19.25,T2A,19.00,T2F,0,P1,4.758,P1V,2.223,P1F,0,P2,0.004,P2V,1.893,P2F,0,IgR,0
2025-09-03 20:40:12.733,T,662116,SR,144,SF,0,T1R,18.25,T1A,18.00,T1F,0,T2R,19.25,T2A,19.00,T2F,0,P1,4.727,P1V,2.219,P1F,0,P2,0.003,P2V,1.892,P2F,0,IgR,0
2025-09-03 20:40:12.957,T,662342,SR,144,SF,0,T1R,18.50,T1A,18.00,T1F,0,T2R,19.25,T2A,19.00,T2F,0,P1,4.752,P1V,2.223,P1F,0,P2,0.002,P2V,1.891,P2F,0,IgR,0
2025-09-03 20:40:13.184,T,662568,SR,144,SF,0,T1R,18.25,T1A,18.00,T1F,0,T2R,19.25,T2A,19.00,T2F,0,P1,4.758,P1V,2.223,P1F,0,P2,0.003,P2V,1.892,P2F,0,IgR,0
2025-09-03 20:40:13.409,T,662794,SR,144,SF,0,T1R,18.25,T1A,18.00,T1F,0,T2R,19.25,T2A,19.00,T2F,0,P1,4.742,P1V,2.221,P1F,0,P2,0.003,P2V,1.892,P2F,0,IgR,0
2025-09-03 20:40:13.635,T,663021,SR,144,SF,0,T1R,18.50,T1A,18.00,T1F,0,T2R,19.25,T2A,19.00,T2F,0,P1,4.742,P1V,2.221,P1F,0,P2,0.003,P2V,1.892,P2F,0,IgR,0
2025-09-03 20:40:13.862,T,663246,SR,144,SF,0,T1R,18.25,T1A,18.00,T1F,0,T2R,19.25,T2A,19.00,T2F,0,P1,4.763,P1V,2.224,P1F,0,P2,0.002,P2V,1.891,P2F,0,IgR,0
2025-09-03 20:40:14.087,T,663472,SR,144,SF,0,T1R,18.25,T1A,18.00,T1F,0,T2R,19.25,T2A,19.00,T2F,0,P1,4.747,P1V,2.222,P1F,0,P2,0.003,P2V,1.892,P2F,0,IgR,0
2025-09-03 20:40:14.313,T,663698,SR,144,SF,0,T1R,18.25,T1A,18.00,T1F,0,T2R,19.25,T2A,19.00,T2F,0,P1,4.717,P1V,2.217,P1F,0,P2,0.002,P2V,1.891,P2F,0,IgR,0
2025-09-03 20:40:14.540,T,663924,SR,144,SF,0,T1R,18.25,T1A,18.00,T1F,0,T2R,19.25,T2A,19.00,T2F,0,P1,4.778,P1V,2.227,P1F,0,P2,0.004,P2V,1.893,P2F,0,IgR,0
2025-09-03 20:40:14.767,T,664152,SR,144,SF,0,T1R,18.25,T1A,18.00,T1F,0,T2R,19.25,T2A,19.00,T2F,0,P1,4.758,P1V,2.223,P1F,0,P2,0.002,P2V,1.891,P2F,0,IgR,0
2025-09-03 20:40:14.994,T,664378,SR,144,SF,0,T1R,18.25,T1A,18.00,T1F,0,T2R,19.25,T2A,19.00,T2F,0,P1,4.732,P1V,2.219,P1F,0,P2,0.004,P2V,1.893,P2F,0,IgR,0
2025-09-03 20:40:15.219,T,664604,SR,144,SF,0,T1R,18.50,T1A,18.00,T1F,0,T2R,19.25,T2A,19.00,T2F,0,P1,4.768,P1V,2.225,P1F,0,P2,0.003,P2V,1.892,P2F,0,IgR,0
2025-09-03 20:40:15.445,T,664830,SR,144,SF,0,T1R,18.50,T1A,18.00,T1F,0,T2R,19.25,T2A,19.00,T2F,0,P1,4.752,P1V,2.223,P1F,0,P2,0.006,P2V,1.894,P2F,0,IgR,0
2025-09-03 20:40:15.673,T,665056,SR,144,SF,0,T1R,18.25,T1A,18.00,T1F,0,T2R,19.25,T2A,19.00,T2F,0,P1,4.722,P1V,2.218,P1F,0,P2,0.003,P2V,1.892,P2F,0,IgR,0
2025-09-03 20:40:15.898,T,665282,SR,144,SF,0,T1R,18.25,T1A,18.00,T1F,0,T2R,19.25,T2A,19.00,T2F,0,P1,4.763,P1V,2.224,P1F,0,P2,0.004,P2V,1.893,P2F,0,IgR,0
2025-09-03 20:40:16.124,T,665509,SR,144,SF,0,T1R,18.25,T1A,18.00,T1F,0,T2R,19.25,T2A,19.00,T2F,0,P1,4.752,P1V,2.223,P1F,0,P2,0.002,P2V,1.891,P2F,0,IgR,0
2025-09-03 20:40:16.353,T,665735,SR,144,SF,0,T1R,18.25,T1A,18.00,T1F,0,T2R,19.25,T2A,19.00,T2F,0,P1,4.727,P1V,2.219,P1F,0,P2,0.002,P2V,1.891,P2F,0,IgR,0
2025-09-03 20:40:16.577,T,665961,SR,144,SF,0,T1R,18.25,T1A,18.00,T1F,0,T2R,19.25,T2A,19.00,T2F,0,P1,4.752,P1V,2.223,P1F,0,P2,0.003,P2V,1.892,P2F,0,IgR,0
2025-09-03 20:40:16.803,T,666187,SR,144,SF,0,T1R,18.25,T1A,18.00,T1F,0,T2R,19.25,T2A,19.00,T2F,0,P1,4.758,P1V,2.223,P1F,0,P2,0.004,P2V,1.893,P2F,0,IgR,0
2025-09-03 20:40:17.029,T,666413,SR,144,SF,0,T1R,18.25,T1A,18.00,T1F,0,T2R,19.25,T2A,19.00,T2F,0,P1,4.732,P1V,2.219,P1F,0,P2,0.003,P2V,1.892,P2F,0,IgR,0
2025-09-03 20:40:17.262,T,666639,SR,144,SF,0,T1R,18.50,T1A,18.00,T1F,0,T2R,19.25,T2A,19.00,T2F,0,P1,4.737,P1V,2.220,P1F,0,P2,0.003,P2V,1.892,P2F,0,IgR,0
2025-09-03 20:40:17.480,T,666865,SR,144,SF,0,T1R,18.50,T1A,18.00,T1F,0,T2R,19.25,T2A,19.00,T2F,0,P1,4.773,P1V,2.226,P1F,0,P2,0.003,P2V,1.892,P2F,0,IgR,0
2025-09-03 20:40:17.706,T,667091,SR,144,SF,0,T1R,18.25,T1A,18.00,T1F,0,T2R,19.25,T2A,19.00,T2F,0,P1,4.752,P1V,2.223,P1F,0,P2,0.003,P2V,1.892,P2F,0,IgR,0
2025-09-03 20:40:17.933,T,667317,SR,144,SF,0,T1R,18.25,T1A,18.00,T1F,0,T2R,19.25,T2A,19.00,T2F,0,P1,4.717,P1V,2.217,P1F,0,P2,0.003,P2V,1.892,P2F,0,IgR,0
2025-09-03 20:40:18.159,T,667543,SR,144,SF,0,T1R,18.50,T1A,18.00,T1F,0,T2R,19.25,T2A,19.00,T2F,0,P1,4.773,P1V,2.226,P1F,0,P2,0.002,P2V,1.891,P2F,0,IgR,0
2025-09-03 20:40:18.384,T,667769,SR,144,SF,0,T1R,18.50,T1A,18.00,T1F,0,T2R,19.25,T2A,19.00,T2F,0,P1,4.752,P1V,2.223,P1F,0,P2,0.003,P2V,1.892,P2F,0,IgR,0
2025-09-03 20:40:18.610,T,667995,SR,144,SF,0,T1R,18.50,T1A,18.00,T1F,0,T2R,19.25,T2A,19.00,T2F,0,P1,4.722,P1V,2.218,P1F,0,P2,0.003,P2V,1.892,P2F,0,IgR,0
2025-09-03 20:40:18.837,T,668221,SR,144,SF,0,T1R,18.50,T1A,18.00,T1F,0,T2R,19.25,T2A,19.00,T2F,0,P1,4.763,P1V,2.224,P1F,0,P2,0.002,P2V,1.891,P2F,0,IgR,0
2025-09-03 20:40:19.063,T,668447,SR,144,SF,0,T1R,18.25,T1A,18.00,T1F,0,T2R,19.25,T2A,19.00,T2F,0,P1,4.758,P1V,2.223,P1F,0,P2,0.003,P2V,1.892,P2F,0,IgR,0
2025-09-03 20:40:19.289,T,668673,SR,144,SF,0,T1R,18.25,T1A,18.00,T1F,0,T2R,19.25,T2A,19.00,T2F,0,P1,4.742,P1V,2.221,P1F,0,P2,0.004,P2V,1.893,P2F,0,IgR,0
2025-09-03 20:40:19.515,T,668899,SR,144,SF,0,T1R,18.25,T1A,18.00,T1F,0,T2R,19.25,T2A,19.00,T2F,0,P1,4.747,P1V,2.222,P1F,0,P2,0.003,P2V,1.892,P2F,0,IgR,0
2025-09-03 20:40:19.740,T,669125,SR,144,SF,0,T1R,18.25,T1A,18.00,T1F,0,T2R,19.25,T2A,19.00,T2F,0,P1,4.758,P1V,2.223,P1F,0,P2,0.003,P2V,1.892,P2F,0,IgR,0
2025-09-03 20:40:19.966,T,669351,SR,144,SF,0,T1R,18.25,T1A,18.00,T1F,0,T2R,19.25,T2A,19.00,T2F,0,P1,4.747,P1V,2.222,P1F,0,P2,0.004,P2V,1.893,P2F,0,IgR,0
2025-09-03 20:40:20.192,T,669577,SR,144,SF,0,T1R,18.50,T1A,18.00,T1F,0,T2R,19.25,T2A,19.00,T2F,0,P1,4.727,P1V,2.219,P1F,0,P2,0.003,P2V,1.892,P2F,0,IgR,0
2025-09-03 20:40:20.418,T,669803,SR,144,SF,0,T1R,18.50,T1A,18.00,T1F,0,T2R,19.25,T2A,19.00,T2F,0,P1,4.778,P1V,2.227,P1F,0,P2,0.004,P2V,1.893,P2F,0,IgR,0
2025-09-03 20:40:20.644,T,670029,SR,144,SF,0,T1R,18.50,T1A,18.00,T1F,0,T2R,19.25,T2A,19.00,T2F,0,P1,4.747,P1V,2.222,P1F,0,P2,0.003,P2V,1.892,P2F,0,IgR,0
2025-09-03 20:40:20.870,T,670255,SR,144,SF,0,T1R,18.25,T1A,18.00,T1F,0,T2R,19.25,T2A,19.00,T2F,0,P1,4.722,P1V,2.218,P1F,0,P2,0.003,P2V,1.892,P2F,0,IgR,0
2025-09-03 20:40:21.097,T,670481,SR,144,SF,0,T1R,18.25,T1A,18.00,T1F,0,T2R,19.25,T2A,19.00,T2F,0,P1,4.763,P1V,2.224,P1F,0,P2,0.004,P2V,1.893,P2F,0,IgR,0
2025-09-03 20:40:21.322,T,670707,SR,144,SF,0,T1R,18.50,T1A,18.00,T1F,0,T2R,19.25,T2A,19.00,T2F,0,P1,4.763,P1V,2.224,P1F,0,P2,0.003,P2V,1.892,P2F,0,IgR,0
2025-09-03 20:40:21.548,T,670933,SR,144,SF,0,T1R,18.50,T1A,18.00,T1F,0,T2R,19.25,T2A,19.00,T2F,0,P1,4.747,P1V,2.222,P1F,0,P2,0.002,P2V,1.891,P2F,0,IgR,0
2025-09-03 20:40:21.774,T,671159,SR,144,SF,0,T1R,18.25,T1A,18.00,T1F,0,T2R,19.25,T2A,19.00,T2F,0,P1,4.747,P1V,2.222,P1F,0,P2,0.003,P2V,1.892,P2F,0,IgR,0
2025-09-03 20:40:22.000,T,671385,SR,144,SF,0,T1R,18.50,T1A,18.00,T1F,0,T2R,19.25,T2A,19.00,T2F,0,P1,4.758,P1V,2.223,P1F,0,P2,0.003,P2V,1.892,P2F,0,IgR,0
2025-09-03 20:40:22.226,T,671611,SR,144,SF,0,T1R,18.25,T1A,18.00,T1F,0,T2R,19.25,T2A,19.00,T2F,0,P1,4.752,P1V,2.223,P1F,0,P2,0.002,P2V,1.891,P2F,0,IgR,0
2025-09-03 20:40:22.452,T,671837,SR,144,SF,0,T1R,18.50,T1A,18.00,T1F,0,T2R,19.25,T2A,19.00,T2F,0,P1,4.747,P1V,2.222,P1F,0,P2,0.004,P2V,1.893,P2F,0,IgR,0
2025-09-03 20:40:22.678,T,672063,SR,144,SF,0,T1R,18.50,T1A,18.00,T1F,0,T2R,19.25,T2A,19.00,T2F,0,P1,4.778,P1V,2.227,P1F,0,P2,0.004,P2V,1.893,P2F,0,IgR,0
2025-09-03 20:40:22.904,T,672289,SR,144,SF,0,T1R,18.25,T1A,18.00,T1F,0,T2R,19.25,T2A,19.00,T2F,0,P1,4.752,P1V,2.223,P1F,0,P2,0.003,P2V,1.892,P2F,0,IgR,0
2025-09-03 20:40:23.130,T,672515,SR,144,SF,0,T1R,18.50,T1A,18.00,T1F,0,T2R,19.25,T2A,19.00,T2F,0,P1,4.727,P1V,2.219,P1F,0,P2,0.003,P2V,1.892,P2F,0,IgR,0
2025-09-03 20:40:23.357,T,672741,SR,144,SF,0,T1R,18.50,T1A,18.00,T1F,0,T2R,19.25,T2A,19.00,T2F,0,P1,4.768,P1V,2.225,P1F,0,P2,0.004,P2V,1.893,P2F,0,IgR,0
2025-09-03 20:40:23.584,T,672967,SR,144,SF,0,T1R,18.25,T1A,18.00,T1F,0,T2R,19.25,T2A,19.00,T2F,0,P1,4.758,P1V,2.223,P1F,0,P2,0.004,P2V,1.893,P2F,0,IgR,0
2025-09-03 20:40:23.809,T,673193,SR,144,SF,0,T1R,18.50,T1A,18.00,T1F,0,T2R,19.25,T2A,19.00,T2F,0,P1,4.742,P1V,2.221,P1F,0,P2,0.002,P2V,1.891,P2F,0,IgR,0
2025-09-03 20:40:24.034,T,673419,SR,144,SF,0,T1R,18.50,T1A,18.00,T1F,0,T2R,19.25,T2A,19.00,T2F,0,P1,4.747,P1V,2.222,P1F,0,P2,0.003,P2V,1.892,P2F,0,IgR,0
2025-09-03 20:40:24.260,T,673645,SR,144,SF,0,T1R,18.25,T1A,18.00,T1F,0,T2R,19.25,T2A,19.00,T2F,0,P1,4.763,P1V,2.224,P1F,0,P2,0.003,P2V,1.892,P2F,0,IgR,0
2025-09-03 20:40:24.486,T,673871,SR,144,SF,0,T1R,18.50,T1A,18.00,T1F,0,T2R,19.25,T2A,19.00,T2F,0,P1,4.747,P1V,2.222,P1F,0,P2,0.003,P2V,1.892,P2F,0,IgR,0
2025-09-03 20:40:24.712,T,674097,SR,144,SF,0,T1R,18.50,T1A,18.00,T1F,0,T2R,19.25,T2A,19.00,T2F,0,P1,4.737,P1V,2.220,P1F,0,P2,0.003,P2V,1.892,P2F,0,IgR,0
2025-09-03 20:40:24.938,T,674323,SR,144,SF,0,T1R,18.50,T1A,18.00,T1F,0,T2R,19.25,T2A,19.00,T2F,0,P1,4.778,P1V,2.227,P1F,0,P2,0.004,P2V,1.893,P2F,0,IgR,0
2025-09-03 20:40:25.165,T,674549,SR,144,SF,0,T1R,18.50,T1A,18.00,T1F,0,T2R,19.25,T2A,19.00,T2F,0,P1,4.752,P1V,2.223,P1F,0,P2,0.004,P2V,1.893,P2F,0,IgR,0
2025-09-03 20:40:25.391,T,674775,SR,144,SF,0,T1R,18.50,T1A,18.00,T1F,0,T2R,19.25,T2A,19.00,T2F,0,P1,4.722,P1V,2.218,P1F,0,P2,0.003,P2V,1.892,P2F,0,IgR,0
2025-09-03 20:40:25.616,T,675001,SR,144,SF,0,T1R,18.50,T1A,18.00,T1F,0,T2R,19.25,T2A,19.00,T2F,0,P1,4.778,P1V,2.227,P1F,0,P2,0.003,P2V,1.892,P2F,0,IgR,0
2025-09-03 20:40:25.842,T,675227,SR,144,SF,0,T1R,18.50,T1A,18.00,T1F,0,T2R,19.25,T2A,19.00,T2F,0,P1,4.758,P1V,2.223,P1F,0,P2,0.003,P2V,1.892,P2F,0,IgR,0
2025-09-03 20:40:26.068,T,675453,SR,144,SF,0,T1R,18.25,T1A,18.00,T1F,0,T2R,19.25,T2A,19.00,T2F,0,P1,4.732,P1V,2.219,P1F,0,P2,0.003,P2V,1.892,P2F,0,IgR,0
2025-09-03 20:40:26.295,T,675680,SR,144,SF,0,T1R,18.50,T1A,18.00,T1F,0,T2R,19.25,T2A,19.00,T2F,0,P1,4.768,P1V,2.225,P1F,0,P2,0.004,P2V,1.893,P2F,0,IgR,0
2025-09-03 20:40:26.521,T,675906,SR,144,SF,0,T1R,18.50,T1A,18.00,T1F,0,T2R,19.25,T2A,19.00,T2F,0,P1,4.758,P1V,2.223,P1F,0,P2,0.003,P2V,1.892,P2F,0,IgR,0
2025-09-03 20:40:26.747,T,676132,SR,144,SF,0,T1R,18.50,T1A,18.00,T1F,0,T2R,19.25,T2A,19.00,T2F,0,P1,4.737,P1V,2.220,P1F,0,P2,0.003,P2V,1.892,P2F,0,IgR,0
2025-09-03 20:40:26.973,T,676358,SR,144,SF,0,T1R,18.50,T1A,18.00,T1F,0,T2R,19.25,T2A,19.00,T2F,0,P1,4.747,P1V,2.222,P1F,0,P2,0.003,P2V,1.892,P2F,0,IgR,0
2025-09-03 20:40:27.199,T,676584,SR,144,SF,0,T1R,18.50,T1A,18.00,T1F,0,T2R,19.25,T2A,19.00,T2F,0,P1,4.768,P1V,2.225,P1F,0,P2,0.003,P2V,1.892,P2F,0,IgR,0
2025-09-03 20:40:27.426,T,676810,SR,144,SF,0,T1R,18.25,T1A,18.00,T1F,0,T2R,19.25,T2A,19.00,T2F,0,P1,4.747,P1V,2.222,P1F,0,P2,0.003,P2V,1.892,P2F,0,IgR,0
2025-09-03 20:40:27.652,T,677036,SR,144,SF,0,T1R,18.25,T1A,18.00,T1F,0,T2R,19.25,T2A,19.00,T2F,0,P1,4.732,P1V,2.219,P1F,0,P2,0.003,P2V,1.892,P2F,0,IgR,0
2025-09-03 20:40:27.878,T,677262,SR,144,SF,0,T1R,18.25,T1A,18.00,T1F,0,T2R,19.25,T2A,19.00,T2F,0,P1,4.783,P1V,2.227,P1F,0,P2,0.003,P2V,1.892,P2F,0,IgR,0
2025-09-03 20:40:28.108,T,677488,SR,144,SF,0,T1R,18.50,T1A,18.00,T1F,0,T2R,19.25,T2A,19.00,T2F,0,P1,4.758,P1V,2.223,P1F,0,P2,0.004,P2V,1.893,P2F,0,IgR,0
2025-09-03 20:40:28.333,T,677714,SR,144,SF,0,T1R,18.50,T1A,18.00,T1F,0,T2R,19.25,T2A,19.00,T2F,0,P1,4.732,P1V,2.219,P1F,0,P2,0.002,P2V,1.891,P2F,0,IgR,0
2025-09-03 20:40:28.558,T,677940,SR,144,SF,0,T1R,18.25,T1A,18.00,T1F,0,T2R,19.25,T2A,19.00,T2F,0,P1,4.768,P1V,2.225,P1F,0,P2,0.004,P2V,1.893,P2F,0,IgR,0
2025-09-03 20:40:28.782,T,678167,SR,144,SF,0,T1R,18.50,T1A,18.00,T1F,0,T2R,19.25,T2A,19.00,T2F,0,P1,4.758,P1V,2.223,P1F,0,P2,0.002,P2V,1.891,P2F,0,IgR,0
2025-09-03 20:40:29.008,T,678393,SR,144,SF,0,T1R,18.25,T1A,18.00,T1F,0,T2R,19.25,T2A,19.00,T2F,0,P1,4.727,P1V,2.219,P1F,0,P2,0.002,P2V,1.891,P2F,0,IgR,0
2025-09-03 20:40:29.234,T,678619,SR,144,SF,0,T1R,18.25,T1A,18.00,T1F,0,T2R,19.25,T2A,19.00,T2F,0,P1,4.768,P1V,2.225,P1F,0,P2,0.003,P2V,1.892,P2F,0,IgR,0
2025-09-03 20:40:29.460,T,678845,SR,144,SF,0,T1R,18.50,T1A,18.00,T1F,0,T2R,19.25,T2A,19.00,T2F,0,P1,4.758,P1V,2.223,P1F,0,P2,0.002,P2V,1.891,P2F,0,IgR,0
2025-09-03 20:40:29.687,T,679071,SR,144,SF,0,T1R,18.25,T1A,18.00,T1F,0,T2R,19.25,T2A,19.00,T2F,0,P1,4.742,P1V,2.221,P1F,0,P2,0.003,P2V,1.892,P2F,0,IgR,0
2025-09-03 20:40:29.912,T,679297,SR,144,SF,0,T1R,18.50,T1A,18.00,T1F,0,T2R,19.25,T2A,19.00,T2F,0,P1,4.747,P1V,2.222,P1F,0,P2,0.003,P2V,1.892,P2F,0,IgR,0
2025-09-03 20:40:30.138,T,679523,SR,144,SF,0,T1R,18.50,T1A,18.00,T1F,0,T2R,19.25,T2A,19.00,T2F,0,P1,4.768,P1V,2.225,P1F,0,P2,0.004,P2V,1.893,P2F,0,IgR,0
2025-09-03 20:40:30.364,T,679749,SR,144,SF,0,T1R,18.50,T1A,18.00,T1F,0,T2R,19.25,T2A,19.00,T2F,0,P1,4.747,P1V,2.222,P1F,0,P2,0.003,P2V,1.892,P2F,0,IgR,0
2025-09-03 20:40:30.590,T,679975,SR,144,SF,0,T1R,18.50,T1A,18.00,T1F,0,T2R,19.25,T2A,19.00,T2F,0,P1,4.737,P1V,2.220,P1F,0,P2,0.003,P2V,1.892,P2F,0,IgR,0
2025-09-03 20:40:30.816,T,680201,SR,144,SF,0,T1R,18.50,T1A,18.00,T1F,0,T2R,19.25,T2A,19.00,T2F,0,P1,4.783,P1V,2.227,P1F,0,P2,0.004,P2V,1.893,P2F,0,IgR,0
2025-09-03 20:40:31.042,T,680427,SR,144,SF,0,T1R,18.50,T1A,18.00,T1F,0,T2R,19.25,T2A,19.00,T2F,0,P1,4.758,P1V,2.223,P1F,0,P2,0.002,P2V,1.891,P2F,0,IgR,0
2025-09-03 20:40:31.268,T,680653,SR,144,SF,0,T1R,18.50,T1A,18.00,T1F,0,T2R,19.25,T2A,19.00,T2F,0,P1,4.727,P1V,2.219,P1F,0,P2,0.002,P2V,1.891,P2F,0,IgR,0
2025-09-03 20:40:31.494,T,680879,SR,144,SF,0,T1R,18.25,T1A,18.00,T1F,0,T2R,19.25,T2A,19.00,T2F,0,P1,4.778,P1V,2.227,P1F,0,P2,0.002,P2V,1.891,P2F,0,IgR,0
2025-09-03 20:40:31.721,T,681107,SR,144,SF,0,T1R,18.50,T1A,18.00,T1F,0,T2R,19.25,T2A,19.00,T2F,0,P1,4.763,P1V,2.224,P1F,0,P2,0.002,P2V,1.891,P2F,0,IgR,0
2025-09-03 20:40:31.947,T,681332,SR,144,SF,0,T1R,18.50,T1A,18.00,T1F,0,T2R,19.25,T2A,19.00,T2F,0,P1,4.727,P1V,2.219,P1F,0,P2,0.002,P2V,1.891,P2F,0,IgR,0
2025-09-03 20:40:32.174,T,681558,SR,144,SF,0,T1R,18.25,T1A,18.00,T1F,0,T2R,19.25,T2A,19.00,T2F,0,P1,4.768,P1V,2.225,P1F,0,P2,0.002,P2V,1.891,P2F,0,IgR,0
2025-09-03 20:40:32.400,T,681785,SR,144,SF,0,T1R,18.50,T1A,18.00,T1F,0,T2R,19.25,T2A,19.00,T2F,0,P1,4.758,P1V,2.223,P1F,0,P2,0.003,P2V,1.892,P2F,0,IgR,0
2025-09-03 20:40:32.626,T,682011,SR,144,SF,0,T1R,18.50,T1A,18.00,T1F,0,T2R,19.25,T2A,19.00,T2F,0,P1,4.737,P1V,2.220,P1F,0,P2,0.002,P2V,1.891,P2F,0,IgR,0
2025-09-03 20:40:32.852,T,682238,SR,144,SF,0,T1R,18.25,T1A,18.00,T1F,0,T2R,19.25,T2A,19.00,T2F,0,P1,4.768,P1V,2.225,P1F,0,P2,0.004,P2V,1.893,P2F,0,IgR,0
2025-09-03 20:40:33.079,T,682464,SR,144,SF,0,T1R,18.50,T1A,18.00,T1F,0,T2R,19.25,T2A,19.00,T2F,0,P1,4.763,P1V,2.224,P1F,0,P2,0.003,P2V,1.892,P2F,0,IgR,0
2025-09-03 20:40:33.305,T,682690,SR,144,SF,0,T1R,18.50,T1A,18.00,T1F,0,T2R,19.25,T2A,19.00,T2F,0,P1,4.732,P1V,2.219,P1F,0,P2,-0.002,P2V,1.889,P2F,0,IgR,0
2025-09-03 20:40:33.531,T,682916,SR,144,SF,0,T1R,18.50,T1A,18.00,T1F,0,T2R,19.50,T2A,19.00,T2F,0,P1,4.758,P1V,2.223,P1F,0,P2,0.004,P2V,1.893,P2F,0,IgR,0
2025-09-03 20:40:33.757,T,683142,SR,144,SF,0,T1R,18.50,T1A,18.00,T1F,0,T2R,19.50,T2A,19.00,T2F,0,P1,4.768,P1V,2.225,P1F,0,P2,0.004,P2V,1.893,P2F,0,IgR,0
2025-09-03 20:40:33.983,T,683368,SR,144,SF,0,T1R,18.50,T1A,18.00,T1F,0,T2R,19.25,T2A,19.00,T2F,0,P1,4.752,P1V,2.223,P1F,0,P2,0.003,P2V,1.892,P2F,0,IgR,0
2025-09-03 20:40:34.209,T,683594,SR,144,SF,0,T1R,18.50,T1A,18.00,T1F,0,T2R,19.25,T2A,19.00,T2F,0,P1,4.737,P1V,2.220,P1F,0,P2,0.003,P2V,1.892,P2F,0,IgR,0
2025-09-03 20:40:34.435,T,683820,SR,144,SF,0,T1R,18.25,T1A,18.00,T1F,0,T2R,19.25,T2A,19.00,T2F,0,P1,4.778,P1V,2.227,P1F,0,P2,0.003,P2V,1.892,P2F,0,IgR,0
2025-09-03 20:40:34.662,T,684047,SR,144,SF,0,T1R,18.25,T1A,18.00,T1F,0,T2R,19.25,T2A,19.00,T2F,0,P1,4.747,P1V,2.222,P1F,0,P2,0.003,P2V,1.892,P2F,0,IgR,0
2025-09-03 20:40:34.888,T,684273,SR,144,SF,0,T1R,18.50,T1A,18.00,T1F,0,T2R,19.25,T2A,19.00,T2F,0,P1,4.737,P1V,2.220,P1F,0,P2,0.002,P2V,1.891,P2F,0,IgR,0
2025-09-03 20:40:35.120,T,684500,SR,144,SF,0,T1R,18.50,T1A,18.00,T1F,0,T2R,19.25,T2A,19.00,T2F,0,P1,4.783,P1V,2.227,P1F,0,P2,0.004,P2V,1.893,P2F,0,IgR,0
2025-09-03 20:40:35.340,T,684725,SR,144,SF,0,T1R,18.50,T1A,18.00,T1F,0,T2R,19.25,T2A,19.00,T2F,0,P1,4.758,P1V,2.223,P1F,0,P2,0.003,P2V,1.892,P2F,0,IgR,0
2025-09-03 20:40:35.566,T,684951,SR,144,SF,0,T1R,18.50,T1A,18.00,T1F,0,T2R,19.25,T2A,19.00,T2F,0,P1,4.732,P1V,2.219,P1F,0,P2,0.002,P2V,1.891,P2F,0,IgR,0
2025-09-03 20:40:35.792,T,685177,SR,144,SF,0,T1R,18.50,T1A,18.00,T1F,0,T2R,19.25,T2A,19.00,T2F,0,P1,4.773,P1V,2.226,P1F,0,P2,0.002,P2V,1.891,P2F,0,IgR,0
2025-09-03 20:40:36.018,T,685403,SR,144,SF,0,T1R,18.50,T1A,18.00,T1F,0,T2R,19.25,T2A,19.00,T2F,0,P1,4.763,P1V,2.224,P1F,0,P2,0.004,P2V,1.893,P2F,0,IgR,0
2025-09-03 20:40:36.243,T,685629,SR,144,SF,0,T1R,18.50,T1A,18.00,T1F,0,T2R,19.25,T2A,19.00,T2F,0,P1,4.747,P1V,2.222,P1F,0,P2,0.003,P2V,1.892,P2F,0,IgR,0
2025-09-03 20:40:36.471,T,685855,SR,144,SF,0,T1R,18.25,T1A,18.00,T1F,0,T2R,19.25,T2A,19.00,T2F,0,P1,4.758,P1V,2.223,P1F,0,P2,0.002,P2V,1.891,P2F,0,IgR,0
2025-09-03 20:40:36.696,T,686081,SR,144,SF,0,T1R,18.50,T1A,18.00,T1F,0,T2R,19.25,T2A,19.00,T2F,0,P1,4.758,P1V,2.223,P1F,0,P2,0.002,P2V,1.891,P2F,0,IgR,0
2025-09-03 20:40:36.922,T,686307,SR,144,SF,0,T1R,18.50,T1A,18.00,T1F,0,T2R,19.25,T2A,19.00,T2F,0,P1,4.752,P1V,2.223,P1F,0,P2,0.002,P2V,1.891,P2F,0,IgR,0
2025-09-03 20:40:37.148,T,686533,SR,144,SF,0,T1R,18.50,T1A,18.00,T1F,0,T2R,19.25,T2A,19.00,T2F,0,P1,4.737,P1V,2.220,P1F,0,P2,0.002,P2V,1.891,P2F,0,IgR,0
2025-09-03 20:40:37.375,T,686760,SR,144,SF,0,T1R,18.50,T1A,18.00,T1F,0,T2R,19.25,T2A,19.00,T2F,0,P1,4.778,P1V,2.227,P1F,0,P2,0.003,P2V,1.892,P2F,0,IgR,0
2025-09-03 20:40:37.600,T,686985,SR,144,SF,0,T1R,18.50,T1A,18.00,T1F,0,T2R,19.25,T2A,19.00,T2F,0,P1,4.752,P1V,2.223,P1F,0,P2,0.002,P2V,1.891,P2F,0,IgR,0
2025-09-03 20:40:37.826,T,687211,SR,144,SF,0,T1R,18.50,T1A,18.00,T1F,0,T2R,19.25,T2A,19.00,T2F,0,P1,4.732,P1V,2.219,P1F,0,P2,0.000,P2V,1.891,P2F,0,IgR,0
2025-09-03 20:40:38.052,T,687437,SR,144,SF,0,T1R,18.50,T1A,18.00,T1F,0,T2R,19.50,T2A,19.00,T2F,0,P1,4.778,P1V,2.227,P1F,0,P2,0.002,P2V,1.891,P2F,0,IgR,0
2025-09-03 20:40:38.277,T,687663,SR,144,SF,0,T1R,18.50,T1A,18.00,T1F,0,T2R,19.25,T2A,19.00,T2F,0,P1,4.752,P1V,2.223,P1F,0,P2,0.002,P2V,1.891,P2F,0,IgR,0
2025-09-03 20:40:38.503,T,687889,SR,144,SF,0,T1R,18.50,T1A,18.00,T1F,0,T2R,19.25,T2A,19.00,T2F,0,P1,4.737,P1V,2.220,P1F,0,P2,0.002,P2V,1.891,P2F,0,IgR,0
2025-09-03 20:40:38.731,T,688115,SR,144,SF,0,T1R,18.50,T1A,18.00,T1F,0,T2R,19.25,T2A,19.00,T2F,0,P1,4.763,P1V,2.224,P1F,0,P2,0.003,P2V,1.892,P2F,0,IgR,0
2025-09-03 20:40:38.956,T,688341,SR,144,SF,0,T1R,18.50,T1A,18.00,T1F,0,T2R,19.25,T2A,19.00,T2F,0,P1,4.752,P1V,2.223,P1F,0,P2,-0.002,P2V,1.889,P2F,0,IgR,0
2025-09-03 20:40:39.182,T,688567,SR,144,SF,0,T1R,18.50,T1A,18.00,T1F,0,T2R,19.25,T2A,19.00,T2F,0,P1,4.742,P1V,2.221,P1F,0,P2,0.000,P2V,1.891,P2F,0,IgR,0
2025-09-03 20:40:39.408,T,688793,SR,144,SF,0,T1R,18.50,T1A,18.00,T1F,0,T2R,19.25,T2A,19.00,T2F,0,P1,4.752,P1V,2.223,P1F,0,P2,0.002,P2V,1.891,P2F,0,IgR,0
2025-09-03 20:40:39.634,T,689019,SR,144,SF,0,T1R,18.50,T1A,18.00,T1F,0,T2R,19.25,T2A,19.00,T2F,0,P1,4.768,P1V,2.225,P1F,0,P2,0.003,P2V,1.892,P2F,0,IgR,0
2025-09-03 20:40:39.860,T,689245,SR,144,SF,0,T1R,18.50,T1A,18.00,T1F,0,T2R,19.25,T2A,19.00,T2F,0,P1,4.752,P1V,2.223,P1F,0,P2,0.002,P2V,1.891,P2F,0,IgR,0
2025-09-03 20:40:40.086,T,689471,SR,144,SF,0,T1R,18.50,T1A,18.00,T1F,0,T2R,19.25,T2A,19.00,T2F,0,P1,4.737,P1V,2.220,P1F,0,P2,0.002,P2V,1.891,P2F,0,IgR,0
2025-09-03 20:40:40.312,T,689697,SR,144,SF,0,T1R,18.50,T1A,18.00,T1F,0,T2R,19.25,T2A,19.00,T2F,0,P1,4.783,P1V,2.227,P1F,0,P2,0.003,P2V,1.892,P2F,0,IgR,0
2025-09-03 20:40:40.539,T,689923,SR,144,SF,0,T1R,18.50,T1A,18.00,T1F,0,T2R,19.25,T2A,19.00,T2F,0,P1,4.763,P1V,2.224,P1F,0,P2,0.002,P2V,1.891,P2F,0,IgR,0
2025-09-03 20:40:40.764,T,690149,SR,144,SF,0,T1R,18.50,T1A,18.00,T1F,0,T2R,19.25,T2A,19.00,T2F,0,P1,4.732,P1V,2.219,P1F,0,P2,0.000,P2V,1.891,P2F,0,IgR,0
2025-09-03 20:40:40.991,T,690375,SR,144,SF,0,T1R,18.50,T1A,18.00,T1F,0,T2R,19.25,T2A,19.00,T2F,0,P1,4.778,P1V,2.227,P1F,0,P2,0.004,P2V,1.893,P2F,0,IgR,0
2025-09-03 20:40:41.216,T,690601,SR,144,SF,0,T1R,18.25,T1A,18.00,T1F,0,T2R,19.25,T2A,19.00,T2F,0,P1,4.763,P1V,2.224,P1F,0,P2,0.000,P2V,1.891,P2F,0,IgR,0
2025-09-03 20:40:41.442,T,690827,SR,144,SF,0,T1R,18.50,T1A,18.00,T1F,0,T2R,19.25,T2A,19.00,T2F,0,P1,4.752,P1V,2.223,P1F,0,P2,0.000,P2V,1.891,P2F,0,IgR,0
2025-09-03 20:40:41.668,T,691053,SR,144,SF,0,T1R,18.50,T1A,18.00,T1F,0,T2R,19.25,T2A,19.00,T2F,0,P1,4.752,P1V,2.223,P1F,0,P2,0.002,P2V,1.891,P2F,0,IgR,0
2025-09-03 20:40:41.894,T,691279,SR,144,SF,0,T1R,18.50,T1A,18.00,T1F,0,T2R,19.25,T2A,19.00,T2F,0,P1,4.768,P1V,2.225,P1F,0,P2,0.003,P2V,1.892,P2F,0,IgR,0
2025-09-03 20:40:42.120,T,691505,SR,144,SF,0,T1R,18.50,T1A,18.00,T1F,0,T2R,19.25,T2A,19.00,T2F,0,P1,4.747,P1V,2.222,P1F,0,P2,0.003,P2V,1.892,P2F,0,IgR,0
2025-09-03 20:40:42.345,T,691731,SR,144,SF,0,T1R,18.50,T1A,18.00,T1F,0,T2R,19.25,T2A,19.00,T2F,0,P1,4.742,P1V,2.221,P1F,0,P2,0.000,P2V,1.891,P2F,0,IgR,0
2025-09-03 20:40:42.571,T,691957,SR,144,SF,0,T1R,18.50,T1A,18.00,T1F,0,T2R,19.25,T2A,19.00,T2F,0,P1,4.783,P1V,2.227,P1F,0,P2,0.003,P2V,1.892,P2F,0,IgR,0
2025-09-03 20:40:42.798,T,692183,SR,144,SF,0,T1R,18.50,T1A,18.00,T1F,0,T2R,19.25,T2A,19.00,T2F,0,P1,4.752,P1V,2.223,P1F,0,P2,0.002,P2V,1.891,P2F,0,IgR,0
2025-09-03 20:40:43.024,T,692409,SR,144,SF,0,T1R,18.50,T1A,18.00,T1F,0,T2R,19.25,T2A,19.00,T2F,0,P1,4.737,P1V,2.220,P1F,0,P2,0.004,P2V,1.893,P2F,0,IgR,0
2025-09-03 20:40:43.251,T,692635,SR,144,SF,0,T1R,18.50,T1A,18.00,T1F,0,T2R,19.25,T2A,19.00,T2F,0,P1,4.773,P1V,2.226,P1F,0,P2,0.002,P2V,1.891,P2F,0,IgR,0
2025-09-03 20:40:43.476,T,692861,SR,144,SF,0,T1R,18.50,T1A,18.00,T1F,0,T2R,19.25,T2A,19.00,T2F,0,P1,4.758,P1V,2.223,P1F,0,P2,0.003,P2V,1.892,P2F,0,IgR,0
2025-09-03 20:40:43.702,T,693087,SR,144,SF,0,T1R,18.50,T1A,18.00,T1F,0,T2R,19.50,T2A,19.00,T2F,0,P1,4.737,P1V,2.220,P1F,0,P2,-0.001,P2V,1.890,P2F,0,IgR,0
2025-09-03 20:40:43.928,T,693313,SR,144,SF,0,T1R,18.50,T1A,18.00,T1F,0,T2R,19.25,T2A,19.00,T2F,0,P1,4.768,P1V,2.225,P1F,0,P2,0.003,P2V,1.892,P2F,0,IgR,0
2025-09-03 20:40:44.154,T,693539,SR,144,SF,0,T1R,18.50,T1A,18.00,T1F,0,T2R,19.25,T2A,19.00,T2F,0,P1,4.768,P1V,2.225,P1F,0,P2,0.003,P2V,1.892,P2F,0,IgR,0
2025-09-03 20:40:44.380,T,693765,SR,144,SF,0,T1R,18.50,T1A,18.00,T1F,0,T2R,19.25,T2A,19.00,T2F,0,P1,4.758,P1V,2.223,P1F,0,P2,0.002,P2V,1.891,P2F,0,IgR,0
2025-09-03 20:40:44.606,T,693991,SR,144,SF,0,T1R,18.50,T1A,18.00,T1F,0,T2R,19.25,T2A,19.00,T2F,0,P1,4.752,P1V,2.223,P1F,0,P2,0.002,P2V,1.891,P2F,0,IgR,0
2025-09-03 20:40:44.831,T,694217,SR,144,SF,0,T1R,18.50,T1A,18.00,T1F,0,T2R,19.25,T2A,19.00,T2F,0,P1,4.793,P1V,2.229,P1F,0,P2,0.007,P2V,1.895,P2F,0,IgR,0
2025-09-03 20:40:45.058,T,694443,SR,144,SF,0,T1R,18.50,T1A,18.00,T1F,0,T2R,19.25,T2A,19.00,T2F,0,P1,4.752,P1V,2.223,P1F,0,P2,0.000,P2V,1.891,P2F,0,IgR,0
2025-09-03 20:40:45.285,T,694670,SR,144,SF,0,T1R,18.50,T1A,18.00,T1F,0,T2R,19.25,T2A,19.00,T2F,0,P1,4.737,P1V,2.220,P1F,0,P2,0.003,P2V,1.892,P2F,0,IgR,0
2025-09-03 20:40:45.510,T,694895,SR,144,SF,0,T1R,18.50,T1A,18.00,T1F,0,T2R,19.25,T2A,19.00,T2F,0,P1,4.783,P1V,2.227,P1F,0,P2,0.003,P2V,1.892,P2F,0,IgR,0
2025-09-03 20:40:45.736,T,695121,SR,144,SF,0,T1R,18.50,T1A,18.00,T1F,0,T2R,19.25,T2A,19.00,T2F,0,P1,4.763,P1V,2.224,P1F,0,P2,0.002,P2V,1.891,P2F,0,IgR,0
2025-09-03 20:40:45.962,T,695347,SR,144,SF,0,T1R,18.50,T1A,18.00,T1F,0,T2R,19.50,T2A,19.00,T2F,0,P1,4.732,P1V,2.219,P1F,0,P2,0.003,P2V,1.892,P2F,0,IgR,0
2025-09-03 20:40:46.188,T,695573,SR,144,SF,0,T1R,18.50,T1A,18.00,T1F,0,T2R,19.25,T2A,19.00,T2F,0,P1,4.773,P1V,2.226,P1F,0,P2,0.003,P2V,1.892,P2F,0,IgR,0
2025-09-03 20:40:46.414,T,695799,SR,144,SF,0,T1R,18.50,T1A,18.00,T1F,0,T2R,19.50,T2A,19.00,T2F,0,P1,4.773,P1V,2.226,P1F,0,P2,0.002,P2V,1.891,P2F,0,IgR,0
2025-09-03 20:40:46.640,T,696025,SR,144,SF,0,T1R,18.50,T1A,18.00,T1F,0,T2R,19.25,T2A,19.00,T2F,0,P1,4.763,P1V,2.224,P1F,0,P2,0.003,P2V,1.892,P2F,0,IgR,0
2025-09-03 20:40:46.865,T,696251,SR,144,SF,0,T1R,18.50,T1A,18.00,T1F,0,T2R,19.25,T2A,19.00,T2F,0,P1,4.752,P1V,2.223,P1F,0,P2,0.002,P2V,1.891,P2F,0,IgR,0
2025-09-03 20:40:47.092,T,696477,SR,144,SF,0,T1R,18.50,T1A,18.00,T1F,0,T2R,19.25,T2A,19.00,T2F,0,P1,4.768,P1V,2.225,P1F,0,P2,0.003,P2V,1.892,P2F,0,IgR,0
2025-09-03 20:40:47.317,T,696703,SR,144,SF,0,T1R,18.50,T1A,18.00,T1F,0,T2R,19.25,T2A,19.00,T2F,0,P1,4.763,P1V,2.224,P1F,0,P2,0.000,P2V,1.891,P2F,0,IgR,0
2025-09-03 20:40:47.544,T,696930,SR,144,SF,0,T1R,18.50,T1A,18.00,T1F,0,T2R,19.25,T2A,19.00,T2F,0,P1,4.742,P1V,2.221,P1F,0,P2,0.002,P2V,1.891,P2F,0,IgR,0
2025-09-03 20:40:47.770,T,697155,SR,144,SF,0,T1R,18.50,T1A,18.00,T1F,0,T2R,19.25,T2A,19.00,T2F,0,P1,4.793,P1V,2.229,P1F,0,P2,0.003,P2V,1.892,P2F,0,IgR,0
2025-09-03 20:40:47.996,T,697381,SR,144,SF,0,T1R,18.50,T1A,18.00,T1F,0,T2R,19.50,T2A,19.00,T2F,0,P1,4.763,P1V,2.224,P1F,0,P2,0.003,P2V,1.892,P2F,0,IgR,0
2025-09-03 20:40:48.222,T,697607,SR,144,SF,0,T1R,18.50,T1A,18.00,T1F,0,T2R,19.25,T2A,19.00,T2F,0,P1,4.732,P1V,2.219,P1F,0,P2,0.002,P2V,1.891,P2F,0,IgR,0
2025-09-03 20:40:48.448,T,697833,SR,144,SF,0,T1R,18.50,T1A,18.00,T1F,0,T2R,19.25,T2A,19.00,T2F,0,P1,4.778,P1V,2.227,P1F,0,P2,0.002,P2V,1.891,P2F,0,IgR,0
2025-09-03 20:40:48.674,T,698059,SR,144,SF,0,T1R,18.50,T1A,18.00,T1F,0,T2R,19.25,T2A,19.00,T2F,0,P1,4.768,P1V,2.225,P1F,0,P2,0.000,P2V,1.891,P2F,0,IgR,0
2025-09-03 20:40:48.899,T,698285,SR,144,SF,0,T1R,18.50,T1A,18.00,T1F,0,T2R,19.25,T2A,19.00,T2F,0,P1,4.747,P1V,2.222,P1F,0,P2,0.002,P2V,1.891,P2F,0,IgR,0
2025-09-03 20:40:49.126,T,698511,SR,144,SF,0,T1R,18.50,T1A,18.00,T1F,0,T2R,19.25,T2A,19.00,T2F,0,P1,4.768,P1V,2.225,P1F,0,P2,0.002,P2V,1.891,P2F,0,IgR,0
2025-09-03 20:40:49.352,T,698737,SR,144,SF,0,T1R,18.50,T1A,18.00,T1F,0,T2R,19.50,T2A,19.00,T2F,0,P1,4.768,P1V,2.225,P1F,0,P2,0.002,P2V,1.891,P2F,0,IgR,0
2025-09-03 20:40:49.578,T,698963,SR,144,SF,0,T1R,18.50,T1A,18.00,T1F,0,T2R,19.25,T2A,19.00,T2F,0,P1,4.758,P1V,2.223,P1F,0,P2,0.002,P2V,1.891,P2F,0,IgR,0
2025-09-03 20:40:49.804,T,699189,SR,144,SF,0,T1R,18.50,T1A,18.00,T1F,0,T2R,19.25,T2A,19.00,T2F,0,P1,4.747,P1V,2.222,P1F,0,P2,0.003,P2V,1.892,P2F,0,IgR,0
2025-09-03 20:40:50.030,T,699415,SR,144,SF,0,T1R,18.50,T1A,18.00,T1F,0,T2R,19.50,T2A,19.00,T2F,0,P1,4.778,P1V,2.227,P1F,0,P2,0.003,P2V,1.892,P2F,0,IgR,0
2025-09-03 20:40:50.256,T,699641,SR,144,SF,0,T1R,18.50,T1A,18.00,T1F,0,T2R,19.25,T2A,19.00,T2F,0,P1,4.763,P1V,2.224,P1F,0,P2,0.003,P2V,1.892,P2F,0,IgR,0
2025-09-03 20:40:50.482,T,699867,SR,144,SF,0,T1R,18.50,T1A,18.00,T1F,0,T2R,19.25,T2A,19.00,T2F,0,P1,4.737,P1V,2.220,P1F,0,P2,0.003,P2V,1.892,P2F,0,IgR,0
2025-09-03 20:40:50.708,T,700093,SR,144,SF,0,T1R,18.50,T1A,18.00,T1F,0,T2R,19.25,T2A,19.00,T2F,0,P1,4.788,P1V,2.228,P1F,0,P2,0.002,P2V,1.891,P2F,0,IgR,0
2025-09-03 20:40:50.934,T,700319,SR,144,SF,0,T1R,18.50,T1A,18.00,T1F,0,T2R,19.25,T2A,19.00,T2F,0,P1,4.763,P1V,2.224,P1F,0,P2,0.003,P2V,1.892,P2F,0,IgR,0
2025-09-03 20:40:51.159,T,700545,SR,144,SF,0,T1R,18.50,T1A,18.00,T1F,0,T2R,19.25,T2A,19.00,T2F,0,P1,4.732,P1V,2.219,P1F,0,P2,0.002,P2V,1.891,P2F,0,IgR,0
2025-09-03 20:40:51.385,T,700771,SR,144,SF,0,T1R,18.50,T1A,18.00,T1F,0,T2R,19.25,T2A,19.00,T2F,0,P1,4.773,P1V,2.226,P1F,0,P2,0.003,P2V,1.892,P2F,0,IgR,0
2025-09-03 20:40:51.611,T,700997,SR,144,SF,0,T1R,18.50,T1A,18.00,T1F,0,T2R,19.50,T2A,19.00,T2F,0,P1,4.763,P1V,2.224,P1F,0,P2,0.003,P2V,1.892,P2F,0,IgR,0
2025-09-03 20:40:51.837,T,701223,SR,144,SF,0,T1R,18.50,T1A,18.00,T1F,0,T2R,19.25,T2A,19.00,T2F,0,P1,4.752,P1V,2.223,P1F,0,P2,0.002,P2V,1.891,P2F,0,IgR,0
2025-09-03 20:40:52.064,T,701449,SR,144,SF,0,T1R,18.50,T1A,18.00,T1F,0,T2R,19.25,T2A,19.00,T2F,0,P1,4.758,P1V,2.223,P1F,0,P2,0.002,P2V,1.891,P2F,0,IgR,0
2025-09-03 20:40:52.290,T,701675,SR,144,SF,0,T1R,18.50,T1A,18.00,T1F,0,T2R,19.25,T2A,19.00,T2F,0,P1,4.773,P1V,2.226,P1F,0,P2,0.002,P2V,1.891,P2F,0,IgR,0
2025-09-03 20:40:52.516,T,701901,SR,144,SF,0,T1R,18.50,T1A,18.00,T1F,0,T2R,19.25,T2A,19.00,T2F,0,P1,4.758,P1V,2.223,P1F,0,P2,0.002,P2V,1.891,P2F,0,IgR,0
2025-09-03 20:40:52.742,T,702127,SR,144,SF,0,T1R,18.50,T1A,18.00,T1F,0,T2R,19.50,T2A,19.00,T2F,0,P1,4.737,P1V,2.220,P1F,0,P2,0.002,P2V,1.891,P2F,0,IgR,0
2025-09-03 20:40:52.967,T,702353,SR,144,SF,0,T1R,18.50,T1A,18.00,T1F,0,T2R,19.50,T2A,19.00,T2F,0,P1,4.793,P1V,2.229,P1F,0,P2,0.003,P2V,1.892,P2F,0,IgR,0
2025-09-03 20:40:53.194,T,702579,SR,144,SF,0,T1R,18.50,T1A,18.00,T1F,0,T2R,19.50,T2A,19.00,T2F,0,P1,4.758,P1V,2.223,P1F,0,P2,0.000,P2V,1.891,P2F,0,IgR,0
2025-09-03 20:40:53.419,T,702805,SR,144,SF,0,T1R,18.50,T1A,18.00,T1F,0,T2R,19.25,T2A,19.00,T2F,0,P1,4.732,P1V,2.219,P1F,0,P2,0.003,P2V,1.892,P2F,0,IgR,0
2025-09-03 20:40:53.646,T,703031,SR,144,SF,0,T1R,18.50,T1A,18.00,T1F,0,T2R,19.25,T2A,19.00,T2F,0,P1,4.778,P1V,2.227,P1F,0,P2,0.003,P2V,1.892,P2F,0,IgR,0
2025-09-03 20:40:53.871,T,703257,SR,144,SF,0,T1R,18.50,T1A,18.00,T1F,0,T2R,19.50,T2A,19.00,T2F,0,P1,4.763,P1V,2.224,P1F,0,P2,0.002,P2V,1.891,P2F,0,IgR,0
2025-09-03 20:40:54.098,T,703483,SR,144,SF,0,T1R,18.50,T1A,18.00,T1F,0,T2R,19.25,T2A,19.00,T2F,0,P1,4.747,P1V,2.222,P1F,0,P2,0.002,P2V,1.891,P2F,0,IgR,0
2025-09-03 20:40:54.325,T,703709,SR,144,SF,0,T1R,18.50,T1A,18.00,T1F,0,T2R,19.50,T2A,19.00,T2F,0,P1,4.763,P1V,2.224,P1F,0,P2,0.003,P2V,1.892,P2F,0,IgR,0
2025-09-03 20:40:54.550,T,703935,SR,144,SF,0,T1R,18.50,T1A,18.00,T1F,0,T2R,19.50,T2A,19.00,T2F,0,P1,4.773,P1V,2.226,P1F,0,P2,0.003,P2V,1.892,P2F,0,IgR,0
2025-09-03 20:40:54.776,T,704161,SR,144,SF,0,T1R,18.50,T1A,18.00,T1F,0,T2R,19.25,T2A,19.00,T2F,0,P1,4.758,P1V,2.223,P1F,0,P2,0.003,P2V,1.892,P2F,0,IgR,0
2025-09-03 20:40:55.004,T,704387,SR,144,SF,0,T1R,18.50,T1A,18.00,T1F,0,T2R,19.25,T2A,19.00,T2F,0,P1,4.742,P1V,2.221,P1F,0,P2,0.002,P2V,1.891,P2F,0,IgR,0
2025-09-03 20:40:55.233,T,704613,SR,144,SF,0,T1R,18.50,T1A,18.00,T1F,0,T2R,19.50,T2A,19.00,T2F,0,P1,4.783,P1V,2.227,P1F,0,P2,0.002,P2V,1.891,P2F,0,IgR,0
2025-09-03 20:40:55.454,T,704839,SR,144,SF,0,T1R,18.50,T1A,18.00,T1F,0,T2R,19.25,T2A,19.00,T2F,0,P1,4.758,P1V,2.223,P1F,0,P2,0.002,P2V,1.891,P2F,0,IgR,0
2025-09-03 20:40:55.680,T,705065,SR,144,SF,0,T1R,18.50,T1A,18.00,T1F,0,T2R,19.25,T2A,19.00,T2F,0,P1,4.737,P1V,2.220,P1F,0,P2,0.003,P2V,1.892,P2F,0,IgR,0
2025-09-03 20:40:55.905,T,705291,SR,144,SF,0,T1R,18.50,T1A,18.00,T1F,0,T2R,19.50,T2A,19.00,T2F,0,P1,4.778,P1V,2.227,P1F,0,P2,0.004,P2V,1.893,P2F,0,IgR,0
2025-09-03 20:40:56.131,T,705517,SR,144,SF,0,T1R,18.50,T1A,18.00,T1F,0,T2R,19.25,T2A,19.00,T2F,0,P1,4.768,P1V,2.225,P1F,0,P2,0.000,P2V,1.891,P2F,0,IgR,0
2025-09-03 20:40:56.358,T,705743,SR,144,SF,0,T1R,18.50,T1A,18.00,T1F,0,T2R,19.50,T2A,19.00,T2F,0,P1,4.722,P1V,2.218,P1F,0,P2,-0.004,P2V,1.888,P2F,0,IgR,0
2025-09-03 20:40:56.584,T,705969,SR,144,SF,0,T1R,18.50,T1A,18.00,T1F,0,T2R,19.25,T2A,19.00,T2F,0,P1,4.768,P1V,2.225,P1F,0,P2,0.002,P2V,1.891,P2F,0,IgR,0
2025-09-03 20:40:56.810,T,706195,SR,144,SF,0,T1R,18.50,T1A,18.00,T1F,0,T2R,19.50,T2A,19.00,T2F,0,P1,4.773,P1V,2.226,P1F,0,P2,0.003,P2V,1.892,P2F,0,IgR,0
2025-09-03 20:40:57.037,T,706421,SR,144,SF,0,T1R,18.50,T1A,18.00,T1F,0,T2R,19.25,T2A,19.00,T2F,0,P1,4.758,P1V,2.223,P1F,0,P2,0.002,P2V,1.891,P2F,0,IgR,0
2025-09-03 20:40:57.262,T,706647,SR,144,SF,0,T1R,18.50,T1A,18.00,T1F,0,T2R,19.25,T2A,19.00,T2F,0,P1,4.758,P1V,2.223,P1F,0,P2,0.002,P2V,1.891,P2F,0,IgR,0
2025-09-03 20:40:57.487,T,706873,SR,144,SF,0,T1R,18.50,T1A,18.00,T1F,0,T2R,19.25,T2A,19.00,T2F,0,P1,4.778,P1V,2.227,P1F,0,P2,0.003,P2V,1.892,P2F,0,IgR,0
2025-09-03 20:40:57.713,T,707099,SR,144,SF,0,T1R,18.50,T1A,18.00,T1F,0,T2R,19.50,T2A,19.00,T2F,0,P1,4.763,P1V,2.224,P1F,0,P2,0.003,P2V,1.892,P2F,0,IgR,0
2025-09-03 20:40:57.940,T,707325,SR,144,SF,0,T1R,18.50,T1A,18.00,T1F,0,T2R,19.50,T2A,19.00,T2F,0,P1,4.742,P1V,2.221,P1F,0,P2,0.003,P2V,1.892,P2F,0,IgR,0
2025-09-03 20:40:58.166,T,707551,SR,144,SF,0,T1R,18.50,T1A,18.00,T1F,0,T2R,19.50,T2A,19.00,T2F,0,P1,4.788,P1V,2.228,P1F,0,P2,0.003,P2V,1.892,P2F,0,IgR,0
2025-09-03 20:40:58.392,T,707777,SR,144,SF,0,T1R,18.50,T1A,18.00,T1F,0,T2R,19.50,T2A,19.00,T2F,0,P1,4.763,P1V,2.224,P1F,0,P2,0.002,P2V,1.891,P2F,0,IgR,0
2025-09-03 20:40:58.618,T,708003,SR,144,SF,0,T1R,18.50,T1A,18.00,T1F,0,T2R,19.25,T2A,19.00,T2F,0,P1,4.737,P1V,2.220,P1F,0,P2,0.002,P2V,1.891,P2F,0,IgR,0
2025-09-03 20:40:58.844,T,708230,SR,144,SF,0,T1R,18.50,T1A,18.00,T1F,0,T2R,19.50,T2A,19.00,T2F,0,P1,4.778,P1V,2.227,P1F,0,P2,0.000,P2V,1.891,P2F,0,IgR,0
2025-09-03 20:40:59.070,T,708455,SR,144,SF,0,T1R,18.50,T1A,18.00,T1F,0,T2R,19.50,T2A,19.00,T2F,0,P1,4.768,P1V,2.225,P1F,0,P2,0.003,P2V,1.892,P2F,0,IgR,0
2025-09-03 20:40:59.295,T,708681,SR,144,SF,0,T1R,18.50,T1A,18.00,T1F,0,T2R,19.50,T2A,19.00,T2F,0,P1,4.747,P1V,2.222,P1F,0,P2,0.002,P2V,1.891,P2F,0,IgR,0
2025-09-03 20:40:59.521,T,708907,SR,144,SF,0,T1R,18.50,T1A,18.00,T1F,0,T2R,19.50,T2A,19.00,T2F,0,P1,4.773,P1V,2.226,P1F,0,P2,0.003,P2V,1.892,P2F,0,IgR,0
2025-09-03 20:40:59.747,T,709133,SR,144,SF,0,T1R,18.50,T1A,18.00,T1F,0,T2R,19.25,T2A,19.00,T2F,0,P1,4.778,P1V,2.227,P1F,0,P2,0.002,P2V,1.891,P2F,0,IgR,0
2025-09-03 20:40:59.973,T,709359,SR,144,SF,0,T1R,18.50,T1A,18.00,T1F,0,T2R,19.25,T2A,19.00,T2F,0,P1,4.763,P1V,2.224,P1F,0,P2,0.003,P2V,1.892,P2F,0,IgR,0
2025-09-03 20:41:00.199,T,709585,SR,144,SF,0,T1R,18.50,T1A,18.00,T1F,0,T2R,19.50,T2A,19.00,T2F,0,P1,4.747,P1V,2.222,P1F,0,P2,0.000,P2V,1.891,P2F,0,IgR,0
2025-09-03 20:41:00.425,T,709811,SR,144,SF,0,T1R,18.50,T1A,18.00,T1F,0,T2R,19.50,T2A,19.00,T2F,0,P1,4.783,P1V,2.227,P1F,0,P2,0.003,P2V,1.892,P2F,0,IgR,0
2025-09-03 20:41:00.652,T,710037,SR,144,SF,0,T1R,18.50,T1A,18.00,T1F,0,T2R,19.50,T2A,19.00,T2F,0,P1,4.768,P1V,2.225,P1F,0,P2,0.003,P2V,1.892,P2F,0,IgR,0
2025-09-03 20:41:00.878,T,710263,SR,144,SF,0,T1R,18.50,T1A,18.00,T1F,0,T2R,19.25,T2A,19.00,T2F,0,P1,4.732,P1V,2.219,P1F,0,P2,0.002,P2V,1.891,P2F,0,IgR,0
2025-09-03 20:41:01.104,T,710489,SR,144,SF,0,T1R,18.50,T1A,18.00,T1F,0,T2R,19.50,T2A,19.00,T2F,0,P1,4.778,P1V,2.227,P1F,0,P2,0.002,P2V,1.891,P2F,0,IgR,0
2025-09-03 20:41:01.330,T,710715,SR,144,SF,0,T1R,18.50,T1A,18.00,T1F,0,T2R,19.25,T2A,19.00,T2F,0,P1,4.768,P1V,2.225,P1F,0,P2,0.002,P2V,1.891,P2F,0,IgR,0
2025-09-03 20:41:01.555,T,710941,SR,144,SF,0,T1R,18.50,T1A,18.00,T1F,0,T2R,19.50,T2A,19.00,T2F,0,P1,4.737,P1V,2.220,P1F,0,P2,0.000,P2V,1.891,P2F,0,IgR,0
2025-09-03 20:41:01.781,T,711167,SR,144,SF,0,T1R,18.50,T1A,18.00,T1F,0,T2R,19.25,T2A,19.00,T2F,0,P1,4.773,P1V,2.226,P1F,0,P2,0.002,P2V,1.891,P2F,0,IgR,0
2025-09-03 20:41:02.007,T,711393,SR,144,SF,0,T1R,18.50,T1A,18.00,T1F,0,T2R,19.25,T2A,19.00,T2F,0,P1,4.773,P1V,2.226,P1F,0,P2,0.002,P2V,1.891,P2F,0,IgR,0
2025-09-03 20:41:02.233,T,711619,SR,144,SF,0,T1R,18.50,T1A,18.00,T1F,0,T2R,19.25,T2A,19.00,T2F,0,P1,4.758,P1V,2.223,P1F,0,P2,0.004,P2V,1.893,P2F,0,IgR,0
2025-09-03 20:41:02.459,T,711845,SR,144,SF,0,T1R,18.50,T1A,18.00,T1F,0,T2R,19.50,T2A,19.00,T2F,0,P1,4.752,P1V,2.223,P1F,0,P2,0.003,P2V,1.892,P2F,0,IgR,0
2025-09-03 20:41:02.685,T,712071,SR,144,SF,0,T1R,18.50,T1A,18.00,T1F,0,T2R,19.50,T2A,19.00,T2F,0,P1,4.773,P1V,2.226,P1F,0,P2,0.003,P2V,1.892,P2F,0,IgR,0
2025-09-03 20:41:02.902,712135 UART full sequence toggle ON
2025-09-03 20:41:03.127,T,712335,SR,144,SF,0,T1R,18.50,T1A,18.00,T1F,0,T2R,19.50,T2A,19.00,T2F,0,P1,4.763,P1V,2.224,P1F,0,P2,0.002,P2V,1.891,P2F,0,IgR,0
2025-09-03 20:41:03.352,T,712561,SR,144,SF,0,T1R,18.50,T1A,18.00,T1F,0,T2R,19.50,T2A,19.00,T2F,0,P1,4.737,P1V,2.220,P1F,0,P2,0.002,P2V,1.891,P2F,0,IgR,0
2025-09-03 20:41:03.577,T,712788,SR,144,SF,0,T1R,18.50,T1A,18.00,T1F,0,T2R,19.25,T2A,19.00,T2F,0,P1,4.778,P1V,2.227,P1F,0,P2,0.002,P2V,1.891,P2F,0,IgR,0
2025-09-03 20:41:03.801,712873 UART ignitor sequence toggle OFF
2025-09-03 20:41:06.170,715586 UART full sequence toggle ON
2025-09-03 20:41:06.400,T,715786,SR,144,SF,0,T1R,18.50,T1A,18.00,T1F,0,T2R,19.50,T2A,19.00,T2F,0,P1,4.788,P1V,2.228,P1F,0,P2,0.004,P2V,1.893,P2F,0,IgR,0
2025-09-03 20:41:06.626,T,716012,SR,144,SF,0,T1R,18.50,T1A,18.00,T1F,0,T2R,19.50,T2A,19.00,T2F,0,P1,4.773,P1V,2.226,P1F,0,P2,0.002,P2V,1.891,P2F,0,IgR,0
2025-09-03 20:41:06.852,T,716238,SR,144,SF,0,T1R,18.50,T1A,18.00,T1F,0,T2R,19.50,T2A,19.00,T2F,0,P1,4.752,P1V,2.223,P1F,0,P2,0.002,P2V,1.891,P2F,0,IgR,0
2025-09-03 20:41:07.078,T,716464,SR,144,SF,0,T1R,18.50,T1A,18.00,T1F,0,T2R,19.50,T2A,19.00,T2F,0,P1,4.773,P1V,2.226,P1F,0,P2,0.003,P2V,1.892,P2F,0,IgR,0
2025-09-03 20:41:07.304,T,716690,SR,144,SF,0,T1R,18.50,T1A,18.00,T1F,0,T2R,19.25,T2A,19.00,T2F,0,P1,4.773,P1V,2.226,P1F,0,P2,0.003,P2V,1.892,P2F,0,IgR,0
2025-09-03 20:41:07.530,T,716916,SR,144,SF,0,T1R,18.50,T1A,18.00,T1F,0,T2R,19.50,T2A,19.00,T2F,0,P1,4.763,P1V,2.224,P1F,0,P2,0.002,P2V,1.891,P2F,0,IgR,0
2025-09-03 20:41:07.756,T,717142,SR,144,SF,0,T1R,18.50,T1A,18.00,T1F,0,T2R,19.50,T2A,19.00,T2F,0,P1,4.742,P1V,2.221,P1F,0,P2,0.003,P2V,1.892,P2F,0,IgR,0
2025-09-03 20:41:07.982,T,717368,SR,144,SF,0,T1R,18.50,T1A,18.00,T1F,0,T2R,19.50,T2A,19.00,T2F,0,P1,4.788,P1V,2.228,P1F,0,P2,0.003,P2V,1.892,P2F,0,IgR,0
2025-09-03 20:41:08.208,T,717594,SR,144,SF,0,T1R,18.50,T1A,18.00,T1F,0,T2R,19.50,T2A,19.00,T2F,0,P1,4.763,P1V,2.224,P1F,0,P2,0.002,P2V,1.891,P2F,0,IgR,0
2025-09-03 20:41:08.434,T,717820,SR,144,SF,0,T1R,18.50,T1A,18.00,T1F,0,T2R,19.50,T2A,19.00,T2F,0,P1,4.727,P1V,2.219,P1F,0,P2,-0.004,P2V,1.888,P2F,0,IgR,0
2025-09-03 20:41:08.660,T,718046,SR,144,SF,0,T1R,18.75,T1A,18.00,T1F,0,T2R,19.25,T2A,19.00,T2F,0,P1,4.788,P1V,2.228,P1F,0,P2,0.004,P2V,1.893,P2F,0,IgR,0
2025-09-03 20:41:08.887,T,718273,SR,144,SF,0,T1R,18.50,T1A,18.00,T1F,0,T2R,19.50,T2A,19.00,T2F,0,P1,4.773,P1V,2.226,P1F,0,P2,0.003,P2V,1.892,P2F,0,IgR,0
2025-09-03 20:41:09.113,T,718499,SR,144,SF,0,T1R,18.75,T1A,18.00,T1F,0,T2R,19.50,T2A,19.00,T2F,0,P1,4.737,P1V,2.220,P1F,0,P2,0.003,P2V,1.892,P2F,0,IgR,0
2025-09-03 20:41:09.339,T,718725,SR,144,SF,0,T1R,18.50,T1A,18.00,T1F,0,T2R,19.50,T2A,19.00,T2F,0,P1,4.783,P1V,2.227,P1F,0,P2,0.000,P2V,1.891,P2F,0,IgR,0
2025-09-03 20:41:09.565,T,718951,SR,144,SF,0,T1R,18.50,T1A,18.00,T1F,0,T2R,19.50,T2A,19.00,T2F,0,P1,4.773,P1V,2.226,P1F,0,P2,0.002,P2V,1.891,P2F,0,IgR,0
2025-09-03 20:41:09.791,T,719177,SR,144,SF,0,T1R,18.50,T1A,18.00,T1F,0,T2R,19.50,T2A,19.00,T2F,0,P1,4.747,P1V,2.222,P1F,0,P2,0.000,P2V,1.891,P2F,0,IgR,0
2025-09-03 20:41:10.017,T,719403,SR,144,SF,0,T1R,18.50,T1A,18.00,T1F,0,T2R,19.50,T2A,19.00,T2F,0,P1,4.768,P1V,2.225,P1F,0,P2,0.004,P2V,1.893,P2F,0,IgR,0
2025-09-03 20:41:10.243,T,719629,SR,144,SF,0,T1R,18.50,T1A,18.00,T1F,0,T2R,19.50,T2A,19.00,T2F,0,P1,4.778,P1V,2.227,P1F,0,P2,0.003,P2V,1.892,P2F,0,IgR,0
2025-09-03 20:41:10.469,T,719855,SR,144,SF,0,T1R,18.75,T1A,18.00,T1F,0,T2R,19.25,T2A,19.00,T2F,0,P1,4.758,P1V,2.223,P1F,0,P2,-0.002,P2V,1.889,P2F,0,IgR,0
2025-09-03 20:41:10.696,T,720082,SR,144,SF,0,T1R,18.50,T1A,18.00,T1F,0,T2R,19.50,T2A,19.00,T2F,0,P1,4.763,P1V,2.224,P1F,0,P2,0.003,P2V,1.892,P2F,0,IgR,0
2025-09-03 20:41:10.922,T,720308,SR,144,SF,0,T1R,18.50,T1A,18.00,T1F,0,T2R,19.50,T2A,19.00,T2F,0,P1,4.778,P1V,2.227,P1F,0,P2,0.003,P2V,1.892,P2F,0,IgR,0
2025-09-03 20:41:11.148,T,720534,SR,144,SF,0,T1R,18.50,T1A,18.00,T1F,0,T2R,19.50,T2A,19.00,T2F,0,P1,4.763,P1V,2.224,P1F,0,P2,0.000,P2V,1.891,P2F,0,IgR,0
2025-09-03 20:41:11.374,T,720760,SR,144,SF,0,T1R,18.50,T1A,18.00,T1F,0,T2R,19.50,T2A,19.00,T2F,0,P1,4.752,P1V,2.223,P1F,0,P2,0.000,P2V,1.891,P2F,0,IgR,0
2025-09-03 20:41:11.600,T,720986,SR,144,SF,0,T1R,18.50,T1A,18.00,T1F,0,T2R,19.50,T2A,19.00,T2F,0,P1,4.798,P1V,2.230,P1F,0,P2,0.002,P2V,1.891,P2F,0,IgR,0
2025-09-03 20:41:11.826,T,721212,SR,144,SF,0,T1R,18.50,T1A,18.00,T1F,0,T2R,19.50,T2A,19.00,T2F,0,P1,4.758,P1V,2.223,P1F,0,P2,0.000,P2V,1.891,P2F,0,IgR,0
2025-09-03 20:41:12.052,T,721438,SR,144,SF,0,T1R,18.50,T1A,18.00,T1F,0,T2R,19.50,T2A,19.00,T2F,0,P1,4.737,P1V,2.220,P1F,0,P2,0.002,P2V,1.891,P2F,0,IgR,0
2025-09-03 20:41:12.278,T,721664,SR,144,SF,0,T1R,18.75,T1A,18.00,T1F,0,T2R,19.50,T2A,19.00,T2F,0,P1,4.783,P1V,2.227,P1F,0,P2,0.003,P2V,1.892,P2F,0,IgR,0
2025-09-03 20:41:12.504,T,721890,SR,144,SF,0,T1R,18.75,T1A,18.00,T1F,0,T2R,19.50,T2A,19.00,T2F,0,P1,4.778,P1V,2.227,P1F,0,P2,0.003,P2V,1.892,P2F,0,IgR,0
2025-09-03 20:41:12.730,T,722116,SR,144,SF,0,T1R,18.50,T1A,18.00,T1F,0,T2R,19.50,T2A,19.00,T2F,0,P1,4.747,P1V,2.222,P1F,0,P2,0.002,P2V,1.891,P2F,0,IgR,0
2025-09-03 20:41:12.957,T,722342,SR,144,SF,0,T1R,18.50,T1A,18.00,T1F,0,T2R,19.50,T2A,19.00,T2F,0,P1,4.773,P1V,2.226,P1F,0,P2,0.003,P2V,1.892,P2F,0,IgR,0
2025-09-03 20:41:13.183,T,722568,SR,144,SF,0,T1R,18.50,T1A,18.00,T1F,0,T2R,19.25,T2A,19.00,T2F,0,P1,4.778,P1V,2.227,P1F,0,P2,0.002,P2V,1.891,P2F,0,IgR,0
2025-09-03 20:41:13.409,T,722794,SR,144,SF,0,T1R,18.50,T1A,18.00,T1F,0,T2R,19.50,T2A,19.00,T2F,0,P1,4.768,P1V,2.225,P1F,0,P2,0.002,P2V,1.891,P2F,0,IgR,0
2025-09-03 20:41:13.634,T,723020,SR,144,SF,0,T1R,18.50,T1A,18.00,T1F,0,T2R,19.50,T2A,19.00,T2F,0,P1,4.758,P1V,2.223,P1F,0,P2,0.002,P2V,1.891,P2F,0,IgR,0
2025-09-03 20:41:13.860,T,723246,SR,144,SF,0,T1R,18.75,T1A,18.00,T1F,0,T2R,19.50,T2A,19.00,T2F,0,P1,4.788,P1V,2.228,P1F,0,P2,0.003,P2V,1.892,P2F,0,IgR,0
2025-09-03 20:41:14.085,T,723472,SR,144,SF,0,T1R,18.50,T1A,18.00,T1F,0,T2R,19.50,T2A,19.00,T2F,0,P1,4.773,P1V,2.226,P1F,0,P2,0.000,P2V,1.891,P2F,0,IgR,0
2025-09-03 20:41:14.312,T,723698,SR,144,SF,0,T1R,18.50,T1A,18.00,T1F,0,T2R,19.50,T2A,19.00,T2F,0,P1,4.742,P1V,2.221,P1F,0,P2,0.002,P2V,1.891,P2F,0,IgR,0
2025-09-03 20:41:14.538,T,723924,SR,144,SF,0,T1R,18.50,T1A,18.00,T1F,0,T2R,19.50,T2A,19.00,T2F,0,P1,4.788,P1V,2.228,P1F,0,P2,0.002,P2V,1.891,P2F,0,IgR,0
2025-09-03 20:41:14.764,T,724150,SR,144,SF,0,T1R,18.50,T1A,18.00,T1F,0,T2R,19.50,T2A,19.00,T2F,0,P1,4.773,P1V,2.226,P1F,0,P2,0.002,P2V,1.891,P2F,0,IgR,0
2025-09-03 20:41:14.990,T,724376,SR,144,SF,0,T1R,18.75,T1A,18.00,T1F,0,T2R,19.50,T2A,19.00,T2F,0,P1,4.742,P1V,2.221,P1F,0,P2,0.002,P2V,1.891,P2F,0,IgR,0
2025-09-03 20:41:15.217,T,724602,SR,144,SF,0,T1R,18.50,T1A,18.00,T1F,0,T2R,19.25,T2A,19.00,T2F,0,P1,4.773,P1V,2.226,P1F,0,P2,0.003,P2V,1.892,P2F,0,IgR,0
2025-09-03 20:41:15.442,T,724828,SR,144,SF,0,T1R,18.75,T1A,18.00,T1F,0,T2R,19.25,T2A,19.00,T2F,0,P1,4.773,P1V,2.226,P1F,0,P2,0.002,P2V,1.891,P2F,0,IgR,0
2025-09-03 20:41:15.669,T,725055,SR,144,SF,0,T1R,18.50,T1A,18.00,T1F,0,T2R,19.50,T2A,19.00,T2F,0,P1,4.752,P1V,2.223,P1F,0,P2,0.002,P2V,1.891,P2F,0,IgR,0
2025-09-03 20:41:15.895,T,725281,SR,144,SF,0,T1R,18.75,T1A,18.00,T1F,0,T2R,19.50,T2A,19.00,T2F,0,P1,4.773,P1V,2.226,P1F,0,P2,0.000,P2V,1.891,P2F,0,IgR,0
2025-09-03 20:41:16.121,T,725507,SR,144,SF,0,T1R,18.75,T1A,18.00,T1F,0,T2R,19.50,T2A,19.00,T2F,0,P1,4.768,P1V,2.225,P1F,0,P2,0.003,P2V,1.892,P2F,0,IgR,0
2025-09-03 20:41:16.346,T,725733,SR,144,SF,0,T1R,18.50,T1A,18.00,T1F,0,T2R,19.50,T2A,19.00,T2F,0,P1,4.752,P1V,2.223,P1F,0,P2,0.002,P2V,1.891,P2F,0,IgR,0
2025-09-03 20:41:16.573,T,725959,SR,144,SF,0,T1R,18.50,T1A,18.00,T1F,0,T2R,19.50,T2A,19.00,T2F,0,P1,4.758,P1V,2.223,P1F,0,P2,0.002,P2V,1.891,P2F,0,IgR,0
2025-09-03 20:41:16.799,T,726185,SR,144,SF,0,T1R,18.50,T1A,18.00,T1F,0,T2R,19.25,T2A,19.00,T2F,0,P1,4.788,P1V,2.228,P1F,0,P2,0.000,P2V,1.891,P2F,0,IgR,0
2025-09-03 20:41:17.025,T,726411,SR,144,SF,0,T1R,18.75,T1A,18.00,T1F,0,T2R,19.50,T2A,19.00,T2F,0,P1,4.763,P1V,2.224,P1F,0,P2,0.000,P2V,1.891,P2F,0,IgR,0
2025-09-03 20:41:17.252,T,726637,SR,144,SF,0,T1R,18.75,T1A,18.00,T1F,0,T2R,19.25,T2A,19.00,T2F,0,P1,4.742,P1V,2.221,P1F,0,P2,0.002,P2V,1.891,P2F,0,IgR,0
2025-09-03 20:41:17.477,T,726863,SR,144,SF,0,T1R,18.50,T1A,18.00,T1F,0,T2R,19.50,T2A,19.00,T2F,0,P1,4.793,P1V,2.229,P1F,0,P2,0.003,P2V,1.892,P2F,0,IgR,0
2025-09-03 20:41:17.704,T,727089,SR,144,SF,0,T1R,18.75,T1A,18.00,T1F,0,T2R,19.50,T2A,19.00,T2F,0,P1,4.773,P1V,2.226,P1F,0,P2,0.002,P2V,1.891,P2F,0,IgR,0
2025-09-03 20:41:17.928,T,727315,SR,144,SF,0,T1R,18.50,T1A,18.00,T1F,0,T2R,19.50,T2A,19.00,T2F,0,P1,4.737,P1V,2.220,P1F,0,P2,0.000,P2V,1.891,P2F,0,IgR,0
2025-09-03 20:41:18.154,T,727541,SR,144,SF,0,T1R,18.50,T1A,18.00,T1F,0,T2R,19.50,T2A,19.00,T2F,0,P1,4.783,P1V,2.227,P1F,0,P2,0.004,P2V,1.893,P2F,0,IgR,0
2025-09-03 20:41:18.380,T,727767,SR,144,SF,0,T1R,18.50,T1A,18.00,T1F,0,T2R,19.50,T2A,19.00,T2F,0,P1,4.763,P1V,2.224,P1F,0,P2,0.000,P2V,1.891,P2F,0,IgR,0
2025-09-03 20:41:18.607,T,727993,SR,144,SF,0,T1R,18.50,T1A,18.00,T1F,0,T2R,19.50,T2A,19.00,T2F,0,P1,4.752,P1V,2.223,P1F,0,P2,0.003,P2V,1.892,P2F,0,IgR,0
2025-09-03 20:41:18.833,T,728219,SR,144,SF,0,T1R,18.50,T1A,18.00,T1F,0,T2R,19.50,T2A,19.00,T2F,0,P1,4.763,P1V,2.224,P1F,0,P2,0.002,P2V,1.891,P2F,0,IgR,0
2025-09-03 20:41:19.059,T,728445,SR,144,SF,0,T1R,18.75,T1A,18.00,T1F,0,T2R,19.50,T2A,19.00,T2F,0,P1,4.778,P1V,2.227,P1F,0,P2,0.003,P2V,1.892,P2F,0,IgR,0
2025-09-03 20:41:19.285,T,728671,SR,144,SF,0,T1R,18.50,T1A,18.00,T1F,0,T2R,19.50,T2A,19.00,T2F,0,P1,4.773,P1V,2.226,P1F,0,P2,0.003,P2V,1.892,P2F,0,IgR,0
2025-09-03 20:41:19.511,T,728897,SR,144,SF,0,T1R,18.75,T1A,18.00,T1F,0,T2R,19.50,T2A,19.00,T2F,0,P1,4.752,P1V,2.223,P1F,0,P2,0.006,P2V,1.894,P2F,0,IgR,0
2025-09-03 20:41:19.737,T,729123,SR,144,SF,0,T1R,18.50,T1A,18.00,T1F,0,T2R,19.25,T2A,19.00,T2F,0,P1,4.798,P1V,2.230,P1F,0,P2,0.004,P2V,1.893,P2F,0,IgR,0
2025-09-03 20:41:19.963,T,729349,SR,144,SF,0,T1R,18.50,T1A,18.00,T1F,0,T2R,19.50,T2A,19.00,T2F,0,P1,4.773,P1V,2.226,P1F,0,P2,0.000,P2V,1.891,P2F,0,IgR,0
2025-09-03 20:41:20.188,T,729575,SR,144,SF,0,T1R,18.50,T1A,18.00,T1F,0,T2R,19.50,T2A,19.00,T2F,0,P1,4.742,P1V,2.221,P1F,0,P2,0.000,P2V,1.891,P2F,0,IgR,0
2025-09-03 20:41:20.414,T,729801,SR,144,SF,0,T1R,18.50,T1A,18.00,T1F,0,T2R,19.50,T2A,19.00,T2F,0,P1,4.783,P1V,2.227,P1F,0,P2,0.002,P2V,1.891,P2F,0,IgR,0
2025-09-03 20:41:20.640,T,730027,SR,144,SF,0,T1R,18.50,T1A,18.00,T1F,0,T2R,19.50,T2A,19.00,T2F,0,P1,4.783,P1V,2.227,P1F,0,P2,0.003,P2V,1.892,P2F,0,IgR,0
2025-09-03 20:41:20.867,T,730253,SR,144,SF,0,T1R,18.75,T1A,18.00,T1F,0,T2R,19.50,T2A,19.00,T2F,0,P1,4.768,P1V,2.225,P1F,0,P2,0.002,P2V,1.891,P2F,0,IgR,0
2025-09-03 20:41:21.093,T,730479,SR,144,SF,0,T1R,18.50,T1A,18.00,T1F,0,T2R,19.50,T2A,19.00,T2F,0,P1,4.778,P1V,2.227,P1F,0,P2,0.003,P2V,1.892,P2F,0,IgR,0
2025-09-03 20:41:21.319,T,730705,SR,144,SF,0,T1R,18.75,T1A,18.00,T1F,0,T2R,19.50,T2A,19.00,T2F,0,P1,4.778,P1V,2.227,P1F,0,P2,0.003,P2V,1.892,P2F,0,IgR,0
2025-09-03 20:41:21.545,T,730931,SR,144,SF,0,T1R,18.75,T1A,18.00,T1F,0,T2R,19.50,T2A,19.00,T2F,0,P1,4.763,P1V,2.224,P1F,0,P2,0.003,P2V,1.892,P2F,0,IgR,0
2025-09-03 20:41:21.771,T,731157,SR,144,SF,0,T1R,18.50,T1A,18.00,T1F,0,T2R,19.50,T2A,19.00,T2F,0,P1,4.758,P1V,2.223,P1F,0,P2,0.003,P2V,1.892,P2F,0,IgR,0
2025-09-03 20:41:21.997,T,731383,SR,144,SF,0,T1R,18.50,T1A,18.00,T1F,0,T2R,19.50,T2A,19.00,T2F,0,P1,4.793,P1V,2.229,P1F,0,P2,0.003,P2V,1.892,P2F,0,IgR,0
2025-09-03 20:41:22.223,T,731609,SR,144,SF,0,T1R,18.75,T1A,18.00,T1F,0,T2R,19.50,T2A,19.00,T2F,0,P1,4.768,P1V,2.225,P1F,0,P2,0.000,P2V,1.891,P2F,0,IgR,0
2025-09-03 20:41:22.449,T,731835,SR,144,SF,0,T1R,18.75,T1A,18.00,T1F,0,T2R,19.50,T2A,19.00,T2F,0,P1,4.742,P1V,2.221,P1F,0,P2,0.000,P2V,1.891,P2F,0,IgR,0
2025-09-03 20:41:22.676,T,732061,SR,144,SF,0,T1R,18.75,T1A,18.00,T1F,0,T2R,19.50,T2A,19.00,T2F,0,P1,4.793,P1V,2.229,P1F,0,P2,0.003,P2V,1.892,P2F,0,IgR,0
2025-09-03 20:41:22.900,T,732287,SR,144,SF,0,T1R,18.50,T1A,18.00,T1F,0,T2R,19.50,T2A,19.00,T2F,0,P1,4.773,P1V,2.226,P1F,0,P2,0.003,P2V,1.892,P2F,0,IgR,0
2025-09-03 20:41:23.127,T,732513,SR,144,SF,0,T1R,18.50,T1A,18.00,T1F,0,T2R,19.50,T2A,19.00,T2F,0,P1,4.752,P1V,2.223,P1F,0,P2,0.002,P2V,1.891,P2F,0,IgR,0
2025-09-03 20:41:23.353,T,732739,SR,144,SF,0,T1R,18.50,T1A,18.00,T1F,0,T2R,19.50,T2A,19.00,T2F,0,P1,4.778,P1V,2.227,P1F,0,P2,0.003,P2V,1.892,P2F,0,IgR,0
2025-09-03 20:41:23.579,T,732965,SR,144,SF,0,T1R,18.75,T1A,18.00,T1F,0,T2R,19.50,T2A,19.00,T2F,0,P1,4.778,P1V,2.227,P1F,0,P2,0.003,P2V,1.892,P2F,0,IgR,0
2025-09-03 20:41:23.805,T,733191,SR,144,SF,0,T1R,18.75,T1A,18.00,T1F,0,T2R,19.50,T2A,19.00,T2F,0,P1,4.763,P1V,2.224,P1F,0,P2,0.002,P2V,1.891,P2F,0,IgR,0
2025-09-03 20:41:24.031,T,733417,SR,144,SF,0,T1R,18.50,T1A,18.00,T1F,0,T2R,19.50,T2A,19.00,T2F,0,P1,4.763,P1V,2.224,P1F,0,P2,0.002,P2V,1.891,P2F,0,IgR,0
2025-09-03 20:41:24.257,T,733643,SR,144,SF,0,T1R,18.50,T1A,18.00,T1F,0,T2R,19.50,T2A,19.00,T2F,0,P1,4.783,P1V,2.227,P1F,0,P2,0.003,P2V,1.892,P2F,0,IgR,0
2025-09-03 20:41:24.483,T,733869,SR,144,SF,0,T1R,18.75,T1A,18.00,T1F,0,T2R,19.50,T2A,19.00,T2F,0,P1,4.768,P1V,2.225,P1F,0,P2,0.002,P2V,1.891,P2F,0,IgR,0
2025-09-03 20:41:24.708,T,734095,SR,144,SF,0,T1R,18.50,T1A,18.00,T1F,0,T2R,19.50,T2A,19.00,T2F,0,P1,4.752,P1V,2.223,P1F,0,P2,0.006,P2V,1.894,P2F,0,IgR,0
2025-09-03 20:41:24.934,T,734321,SR,144,SF,0,T1R,18.50,T1A,18.00,T1F,0,T2R,19.25,T2A,19.00,T2F,0,P1,4.793,P1V,2.229,P1F,0,P2,0.003,P2V,1.892,P2F,0,IgR,0
2025-09-03 20:41:25.161,T,734547,SR,144,SF,0,T1R,18.75,T1A,18.00,T1F,0,T2R,19.50,T2A,19.00,T2F,0,P1,4.778,P1V,2.227,P1F,0,P2,0.002,P2V,1.891,P2F,0,IgR,0
2025-09-03 20:41:25.387,T,734773,SR,144,SF,0,T1R,18.75,T1A,18.00,T1F,0,T2R,19.50,T2A,19.00,T2F,0,P1,4.763,P1V,2.224,P1F,0,P2,0.004,P2V,1.893,P2F,0,IgR,0
2025-09-03 20:41:25.613,T,734999,SR,144,SF,0,T1R,18.50,T1A,18.00,T1F,0,T2R,19.50,T2A,19.00,T2F,0,P1,4.778,P1V,2.227,P1F,0,P2,0.003,P2V,1.892,P2F,0,IgR,0
2025-09-03 20:41:25.839,T,735225,SR,144,SF,0,T1R,18.50,T1A,18.00,T1F,0,T2R,19.50,T2A,19.00,T2F,0,P1,4.788,P1V,2.228,P1F,0,P2,0.003,P2V,1.892,P2F,0,IgR,0
2025-09-03 20:41:26.065,T,735451,SR,144,SF,0,T1R,18.50,T1A,18.00,T1F,0,T2R,19.50,T2A,19.00,T2F,0,P1,4.763,P1V,2.224,P1F,0,P2,0.000,P2V,1.891,P2F,0,IgR,0
2025-09-03 20:41:26.291,T,735677,SR,144,SF,0,T1R,18.50,T1A,18.00,T1F,0,T2R,19.50,T2A,19.00,T2F,0,P1,4.763,P1V,2.224,P1F,0,P2,0.002,P2V,1.891,P2F,0,IgR,0
2025-09-03 20:41:26.517,T,735903,SR,144,SF,0,T1R,18.50,T1A,18.00,T1F,0,T2R,19.50,T2A,19.00,T2F,0,P1,4.778,P1V,2.227,P1F,0,P2,0.003,P2V,1.892,P2F,0,IgR,0
2025-09-03 20:41:26.742,T,736129,SR,144,SF,0,T1R,18.50,T1A,18.00,T1F,0,T2R,19.50,T2A,19.00,T2F,0,P1,4.763,P1V,2.224,P1F,0,P2,0.002,P2V,1.891,P2F,0,IgR,0
2025-09-03 20:41:26.969,T,736355,SR,144,SF,0,T1R,18.75,T1A,18.00,T1F,0,T2R,19.50,T2A,19.00,T2F,0,P1,4.758,P1V,2.223,P1F,0,P2,0.002,P2V,1.891,P2F,0,IgR,0
2025-09-03 20:41:27.194,T,736581,SR,144,SF,0,T1R,18.75,T1A,18.00,T1F,0,T2R,19.50,T2A,19.00,T2F,0,P1,4.798,P1V,2.230,P1F,0,P2,0.003,P2V,1.892,P2F,0,IgR,0
2025-09-03 20:41:27.420,T,736807,SR,144,SF,0,T1R,18.75,T1A,18.00,T1F,0,T2R,19.50,T2A,19.00,T2F,0,P1,4.778,P1V,2.227,P1F,0,P2,0.002,P2V,1.891,P2F,0,IgR,0
2025-09-03 20:41:27.647,T,737033,SR,144,SF,0,T1R,18.50,T1A,18.00,T1F,0,T2R,19.50,T2A,19.00,T2F,0,P1,4.752,P1V,2.223,P1F,0,P2,0.002,P2V,1.891,P2F,0,IgR,0
2025-09-03 20:41:27.873,T,737259,SR,144,SF,0,T1R,18.50,T1A,18.00,T1F,0,T2R,19.50,T2A,19.00,T2F,0,P1,4.788,P1V,2.228,P1F,0,P2,0.002,P2V,1.891,P2F,0,IgR,0
2025-09-03 20:41:28.099,T,737485,SR,144,SF,0,T1R,18.75,T1A,18.00,T1F,0,T2R,19.50,T2A,19.00,T2F,0,P1,4.788,P1V,2.228,P1F,0,P2,0.003,P2V,1.892,P2F,0,IgR,0
2025-09-03 20:41:28.325,T,737711,SR,144,SF,0,T1R,18.50,T1A,18.00,T1F,0,T2R,19.50,T2A,19.00,T2F,0,P1,4.763,P1V,2.224,P1F,0,P2,0.002,P2V,1.891,P2F,0,IgR,0
2025-09-03 20:41:28.551,T,737937,SR,144,SF,0,T1R,18.50,T1A,18.00,T1F,0,T2R,19.50,T2A,19.00,T2F,0,P1,4.768,P1V,2.225,P1F,0,P2,0.002,P2V,1.891,P2F,0,IgR,0
2025-09-03 20:41:28.777,T,738163,SR,144,SF,0,T1R,18.75,T1A,18.00,T1F,0,T2R,19.50,T2A,19.00,T2F,0,P1,4.783,P1V,2.227,P1F,0,P2,0.003,P2V,1.892,P2F,0,IgR,0
2025-09-03 20:41:29.003,T,738389,SR,144,SF,0,T1R,18.75,T1A,18.00,T1F,0,T2R,19.50,T2A,19.00,T2F,0,P1,4.768,P1V,2.225,P1F,0,P2,0.003,P2V,1.892,P2F,0,IgR,0
2025-09-03 20:41:29.228,T,738615,SR,144,SF,0,T1R,18.50,T1A,18.00,T1F,0,T2R,19.50,T2A,19.00,T2F,0,P1,4.752,P1V,2.223,P1F,0,P2,0.002,P2V,1.891,P2F,0,IgR,0
2025-09-03 20:41:29.454,T,738841,SR,144,SF,0,T1R,18.50,T1A,18.00,T1F,0,T2R,19.50,T2A,19.00,T2F,0,P1,4.808,P1V,2.231,P1F,0,P2,0.002,P2V,1.891,P2F,0,IgR,0
2025-09-03 20:41:29.681,T,739067,SR,144,SF,0,T1R,18.50,T1A,18.00,T1F,0,T2R,19.50,T2A,19.00,T2F,0,P1,4.783,P1V,2.227,P1F,0,P2,0.002,P2V,1.891,P2F,0,IgR,0
2025-09-03 20:41:29.907,T,739293,SR,144,SF,0,T1R,18.50,T1A,18.00,T1F,0,T2R,19.50,T2A,19.00,T2F,0,P1,4.747,P1V,2.222,P1F,0,P2,0.000,P2V,1.891,P2F,0,IgR,0
2025-09-03 20:41:30.133,T,739519,SR,144,SF,0,T1R,18.50,T1A,18.00,T1F,0,T2R,19.50,T2A,19.00,T2F,0,P1,4.788,P1V,2.228,P1F,0,P2,0.003,P2V,1.892,P2F,0,IgR,0
2025-09-03 20:41:30.359,T,739745,SR,144,SF,0,T1R,18.75,T1A,18.00,T1F,0,T2R,19.50,T2A,19.00,T2F,0,P1,4.783,P1V,2.227,P1F,0,P2,0.004,P2V,1.893,P2F,0,IgR,0
2025-09-03 20:41:30.585,T,739971,SR,144,SF,0,T1R,18.50,T1A,18.00,T1F,0,T2R,19.50,T2A,19.00,T2F,0,P1,4.763,P1V,2.224,P1F,0,P2,0.002,P2V,1.891,P2F,0,IgR,0
2025-09-03 20:41:30.811,T,740197,SR,144,SF,0,T1R,18.50,T1A,18.00,T1F,0,T2R,19.50,T2A,19.00,T2F,0,P1,4.773,P1V,2.226,P1F,0,P2,0.004,P2V,1.893,P2F,0,IgR,0
2025-09-03 20:41:31.038,T,740423,SR,144,SF,0,T1R,18.75,T1A,18.00,T1F,0,T2R,19.50,T2A,19.00,T2F,0,P1,4.778,P1V,2.227,P1F,0,P2,0.004,P2V,1.893,P2F,0,IgR,0
2025-09-03 20:41:31.263,T,740649,SR,144,SF,0,T1R,18.50,T1A,18.00,T1F,0,T2R,19.50,T2A,19.00,T2F,0,P1,4.763,P1V,2.224,P1F,0,P2,-0.001,P2V,1.890,P2F,0,IgR,0
2025-09-03 20:41:31.488,T,740875,SR,144,SF,0,T1R,18.50,T1A,18.00,T1F,0,T2R,19.50,T2A,19.00,T2F,0,P1,4.763,P1V,2.224,P1F,0,P2,0.000,P2V,1.891,P2F,0,IgR,0
